corpus,protocol,outer_fold,seed,inner_key,base_u32,accepted_offset,n_fit,n_validation,n_outer_test,inner_split_path,inner_split_sha256,outer_fold_sha256
cremad,random,0,0,P1-inner|cremad|random|0|0,1175982870,0,4464,1489,1489,splits/inner/cremad/random/fold_000_seed_0.npz,6805403b50337f7a62935b6fd4464030e66094e3b283616fce63a6f91865e306,b81131d4a58a0afa1f709210c2ac98b28d52c26535e82cf3c92e444cf924f4e3
cremad,random,0,1,P1-inner|cremad|random|0|1,3332169427,0,4464,1489,1489,splits/inner/cremad/random/fold_000_seed_1.npz,8a7fb48af74f711bc4852f84f837a29b702b74cac8b496c65e92b8ec73e64dc3,b81131d4a58a0afa1f709210c2ac98b28d52c26535e82cf3c92e444cf924f4e3
cremad,random,0,2,P1-inner|cremad|random|0|2,331655716,0,4464,1489,1489,splits/inner/cremad/random/fold_000_seed_2.npz,1eb6d5f095037167a8f473af1a0798c198cc821abe3feab7331e2ee334830e0b,b81131d4a58a0afa1f709210c2ac98b28d52c26535e82cf3c92e444cf924f4e3
cremad,random,1,0,P1-inner|cremad|random|1|0,2968351190,0,4464,1489,1489,splits/inner/cremad/random/fold_001_seed_0.npz,291f3d68e54fa30f184106343d151243c31aeeb8e0b2184fe4a2d894cedf965c,bdcd7e02bf04b58e57753606ad84a1498241a2100b47ab8701b82a567937b4b4
cremad,random,1,1,P1-inner|cremad|random|1|1,1869579755,0,4464,1489,1489,splits/inner/cremad/random/fold_001_seed_1.npz,50db7d0b8ff03eb488d1431902c5062e2b3c6b338f1bd96a6d9f6207fb0cfa89,bdcd7e02bf04b58e57753606ad84a1498241a2100b47ab8701b82a567937b4b4
cremad,random,1,2,P1-inner|cremad|random|1|2,2630629901,0,4464,1489,1489,splits/inner/cremad/random/fold_001_seed_2.npz,97e4d1e9e89e814860c010c8c6e6b26be8bd48da6ffc12143074844c723cbd24,bdcd7e02bf04b58e57753606ad84a1498241a2100b47ab8701b82a567937b4b4
cremad,random,2,0,P1-inner|cremad|random|2|0,1260463323,0,4465,1489,1488,splits/inner/cremad/random/fold_002_seed_0.npz,9baf6c2ef10a675e0e2103efecf7e2fdbf6c348a45048e1159ceb7040b583ada,6fe423d70f44fb928ea069be02605baeb27ed1bafd9906ae7cff70ab53eebc27
cremad,random,2,1,P1-inner|cremad|random|2|1,989152161,0,4465,1489,1488,splits/inner/cremad/random/fold_002_seed_1.npz,73705352d7f52ed5fce92d9ec4e7efa028926353348d217c9f8493c4895c49e5,6fe423d70f44fb928ea069be02605baeb27ed1bafd9906ae7cff70ab53eebc27
cremad,random,2,2,P1-inner|cremad|random|2|2,2353851103,0,4465,1489,1488,splits/inner/cremad/random/fold_002_seed_2.npz,dc0e6ea1e7326b41729ddde7b2ffcfcb2a391e07d84e135b13b12ade55b63c9d,6fe423d70f44fb928ea069be02605baeb27ed1bafd9906ae7cff70ab53eebc27
cremad,random,3,0,P1-inner|cremad|random|3|0,2416454527,0,4465,1489,1488,splits/inner/cremad/random/fold_003_seed_0.npz,3771aa697f8334fc8c434af3e53841647bd4ab40416d682e13cec6f060791db6,93556c5b78315ce4f190f91c51594598eb06a963dde1cfc9fbf5af3ed7e32808
cremad,random,3,1,P1-inner|cremad|random|3|1,2834890780,0,4465,1489,1488,splits/inner/cremad/random/fold_003_seed_1.npz,03161b6b406b7675dcf54d2ad5427b24d87c7e83dde5b7fd8da4e174868bc914,93556c5b78315ce4f190f91c51594598eb06a963dde1cfc9fbf5af3ed7e32808
cremad,random,3,2,P1-inner|cremad|random|3|2,2141108901,0,4465,1489,1488,splits/inner/cremad/random/fold_003_seed_2.npz,5b090d2343d75ae9b32c6d967f6cec1e90b389bf5b1863bc45083acad58aa983,93556c5b78315ce4f190f91c51594598eb06a963dde1cfc9fbf5af3ed7e32808
cremad,random,4,0,P1-inner|cremad|random|4|0,2194486989,0,4465,1489,1488,splits/inner/cremad/random/fold_004_seed_0.npz,871879b1174cc8dc6f404d74a27134c6d0c8a98b9577adde9f1f84a6367f2669,10554ec3091ab00fb9bd7d2bb63942c7a861c8e08819db41320c34400a797167
cremad,random,4,1,P1-inner|cremad|random|4|1,510007774,0,4465,1489,1488,splits/inner/cremad/random/fold_004_seed_1.npz,6dd761f1d09c2f6a178bf221dccba518b372fb466fd64dca2706f234ff0c3313,10554ec3091ab00fb9bd7d2bb63942c7a861c8e08819db41320c34400a797167
cremad,random,4,2,P1-inner|cremad|random|4|2,3058604790,0,4465,1489,1488,splits/inner/cremad/random/fold_004_seed_2.npz,8b7c776f66e3d0a9a6a86b5971651bec973d8e8a171c7502efc8a23f1a920c98,10554ec3091ab00fb9bd7d2bb63942c7a861c8e08819db41320c34400a797167
cremad,groupkfold,0,0,P1-inner|cremad|groupkfold|0|0,1261152051,0,4414,1552,1476,splits/inner/cremad/groupkfold/fold_000_seed_0.npz,d583e67e6c57b9342397f29e87a2a68850789be20d916283264f0eb6def5b15e,7301e55411fafeb26a58fdcf42cb211ee39569f496f8b537ac848f32bbc72920
cremad,groupkfold,0,1,P1-inner|cremad|groupkfold|0|1,267530526,0,4414,1552,1476,splits/inner/cremad/groupkfold/fold_000_seed_1.npz,3b89e2fd778e3122181a7d3836f912797e7417b4eb8a3ad8a2c11a204015c98d,7301e55411fafeb26a58fdcf42cb211ee39569f496f8b537ac848f32bbc72920
cremad,groupkfold,0,2,P1-inner|cremad|groupkfold|0|2,2137834048,0,4408,1558,1476,splits/inner/cremad/groupkfold/fold_000_seed_2.npz,00a2c385ec6da7a93eee89c6ffc4700d81cd5285ce5b4e9feb19d6f775b4888c,7301e55411fafeb26a58fdcf42cb211ee39569f496f8b537ac848f32bbc72920
cremad,groupkfold,1,0,P1-inner|cremad|groupkfold|1|0,3455761396,0,4410,1557,1475,splits/inner/cremad/groupkfold/fold_001_seed_0.npz,ad3c8c7be75fcb3759b129a860c23a79611ad46570431afc9c80bb09190ebb40,0295321ad52e4f929e2bdbc7c0f0811770a4f98bc3744e4ae3b11bc342d881a9
cremad,groupkfold,1,1,P1-inner|cremad|groupkfold|1|1,2984471861,0,4416,1551,1475,splits/inner/cremad/groupkfold/fold_001_seed_1.npz,09c06c2263e5bdf89080df8257ad43cbd789ddda28c8d874a905d37ee6fa7904,0295321ad52e4f929e2bdbc7c0f0811770a4f98bc3744e4ae3b11bc342d881a9
cremad,groupkfold,1,2,P1-inner|cremad|groupkfold|1|2,3008562211,0,4415,1552,1475,splits/inner/cremad/groupkfold/fold_001_seed_2.npz,3247a40926caaf003f3e60bd1a42d9a0c27d809941a35046cef0d06273761591,0295321ad52e4f929e2bdbc7c0f0811770a4f98bc3744e4ae3b11bc342d881a9
cremad,groupkfold,2,0,P1-inner|cremad|groupkfold|2|0,257612583,0,4409,1558,1475,splits/inner/cremad/groupkfold/fold_002_seed_0.npz,91d2f4d8b3d95a5719e4ecbe516ea428e743909e1a9e7a827d53ca515fb5d0b7,38b51d4f641fabb0a406f01faf23672848cd5c7c4e5f7fb51873f58ce00cfc16
cremad,groupkfold,2,1,P1-inner|cremad|groupkfold|2|1,50539442,0,4415,1552,1475,splits/inner/cremad/groupkfold/fold_002_seed_1.npz,8a255f5824a5bc40096e8205c2f65a523982211dc6a25f8fb20d72566f14f57e,38b51d4f641fabb0a406f01faf23672848cd5c7c4e5f7fb51873f58ce00cfc16
cremad,groupkfold,2,2,P1-inner|cremad|groupkfold|2|2,2909693446,0,4421,1546,1475,splits/inner/cremad/groupkfold/fold_002_seed_2.npz,31dcddc81afe6c47a7eab4d9d8c403be75b8284e1733c8fe887aad65bd4d35ad,38b51d4f641fabb0a406f01faf23672848cd5c7c4e5f7fb51873f58ce00cfc16
cremad,groupkfold,3,0,P1-inner|cremad|groupkfold|3|0,1252696693,0,4421,1475,1546,splits/inner/cremad/groupkfold/fold_003_seed_0.npz,d2846b77e92b7e4f7a3e9c5aefeced73cb193b26ec1f240a083d0f9b30317ca2,7b46ff1ae9bc6ac90327eba0cd8797929dd6cc3c059c16716e7c0bd7ff685fce
cremad,groupkfold,3,1,P1-inner|cremad|groupkfold|3|1,4052469314,0,4420,1476,1546,splits/inner/cremad/groupkfold/fold_003_seed_1.npz,612c3e0f2cabcfea6c002f3dd535bc56926aa17381b2b427d4d02fda9bf70ef8,7b46ff1ae9bc6ac90327eba0cd8797929dd6cc3c059c16716e7c0bd7ff685fce
cremad,groupkfold,3,2,P1-inner|cremad|groupkfold|3|2,3309381852,0,4421,1475,1546,splits/inner/cremad/groupkfold/fold_003_seed_2.npz,424203d4b4063017a6945523f48f67cce2806647dc862e9eb88669b2c432d838,7b46ff1ae9bc6ac90327eba0cd8797929dd6cc3c059c16716e7c0bd7ff685fce
cremad,groupkfold,4,0,P1-inner|cremad|groupkfold|4|0,1498641559,0,4420,1552,1470,splits/inner/cremad/groupkfold/fold_004_seed_0.npz,d85d1af8efa9d60af196c2574d2ecd9aa1478bc07e28c76e095c0dafee1deccd,b4607a7e4925ca4072cf368ad75932363aaba5fdc18c5978edb60ebedb11c82a
cremad,groupkfold,4,1,P1-inner|cremad|groupkfold|4|1,3987503598,0,4420,1552,1470,splits/inner/cremad/groupkfold/fold_004_seed_1.npz,9605d4c18dc701704ab13fd9695666ada5f2179c03defeb83aa40b2683eba6e7,b4607a7e4925ca4072cf368ad75932363aaba5fdc18c5978edb60ebedb11c82a
cremad,groupkfold,4,2,P1-inner|cremad|groupkfold|4|2,2931360021,0,4420,1552,1470,splits/inner/cremad/groupkfold/fold_004_seed_2.npz,68a727b7e4dce45414435695c6a2f620f6d1456d3cfa43e5d385fd41fd6e677d,b4607a7e4925ca4072cf368ad75932363aaba5fdc18c5978edb60ebedb11c82a
cremad,loso,0,0,P1-inner|cremad|loso|0|0,2456257398,0,5482,1878,82,splits/inner/cremad/loso/fold_000_seed_0.npz,36636d90ae05b3d992727fd4c8bbce117b1c76bcfc835f92c9558aae5d697fcd,3d72e3048dfa839c2218fbb2406ec759a63074962d6cb249b0f0ed8d5877993d
cremad,loso,0,1,P1-inner|cremad|loso|0|1,75061967,0,5480,1880,82,splits/inner/cremad/loso/fold_000_seed_1.npz,70994511a863777a0e4135810317995b930a97ea72c07ab2af5daa997e165fe5,3d72e3048dfa839c2218fbb2406ec759a63074962d6cb249b0f0ed8d5877993d
cremad,loso,0,2,P1-inner|cremad|loso|0|2,2750464470,0,5476,1884,82,splits/inner/cremad/loso/fold_000_seed_2.npz,e88594811c0be7809ee891454a0ab8b15d383e8b1b2a9ae177109fdf4a5ca4ac,3d72e3048dfa839c2218fbb2406ec759a63074962d6cb249b0f0ed8d5877993d
cremad,loso,1,0,P1-inner|cremad|loso|1|0,591178004,0,5475,1886,81,splits/inner/cremad/loso/fold_001_seed_0.npz,0e700b909f8ff415874555413fb24931def0dfca83139e4007bcc96fce619f3a,f0a844c4f1fc0fb23b49d0b7c213c51e690c8f0d013b4808454e858e7f6520ec
cremad,loso,1,1,P1-inner|cremad|loso|1|1,2386727530,0,5475,1886,81,splits/inner/cremad/loso/fold_001_seed_1.npz,8daeb0d610a8c8edb5e1ec926f73ecbcf10818ac2bea972628674f5b742c99be,f0a844c4f1fc0fb23b49d0b7c213c51e690c8f0d013b4808454e858e7f6520ec
cremad,loso,1,2,P1-inner|cremad|loso|1|2,4151365382,0,5482,1879,81,splits/inner/cremad/loso/fold_001_seed_2.npz,a01e66d2ee2afa3c70d87ab81a34f4a9f1c6977be1432804c85d14873daed928,f0a844c4f1fc0fb23b49d0b7c213c51e690c8f0d013b4808454e858e7f6520ec
cremad,loso,2,0,P1-inner|cremad|loso|2|0,3978444490,0,5480,1880,82,splits/inner/cremad/loso/fold_002_seed_0.npz,1d6ddbc63163202a0e62023157d7b45e6d6d27f240d24c3cb11e1b3a218a5c7f,891bcab81e2165102dfff1ec91425d0c3987a4620159035fdb982a7a3d09036d
cremad,loso,2,1,P1-inner|cremad|loso|2|1,2589068567,0,5474,1886,82,splits/inner/cremad/loso/fold_002_seed_1.npz,1c4f197adb8cb79ac1d07a2d5ac27cd97ae7342d7f9bc31ec7e4e856abf3c984,891bcab81e2165102dfff1ec91425d0c3987a4620159035fdb982a7a3d09036d
cremad,loso,2,2,P1-inner|cremad|loso|2|2,2154646334,0,5475,1885,82,splits/inner/cremad/loso/fold_002_seed_2.npz,cbd9202964bd036ab57a9ee777d6994b547f04e4e6e88a046d0aaf1b55264f76,891bcab81e2165102dfff1ec91425d0c3987a4620159035fdb982a7a3d09036d
cremad,loso,3,0,P1-inner|cremad|loso|3|0,3261306971,0,5480,1880,82,splits/inner/cremad/loso/fold_003_seed_0.npz,983952cc78093d76d90786603125121e18be4b221c2f35a9ba77e31f089508c7,8d2ab63dbf182453a7ca962ad8690ae4b7416fbbbda53cd1e3c3431cf9e624ed
cremad,loso,3,1,P1-inner|cremad|loso|3|1,68293896,0,5474,1886,82,splits/inner/cremad/loso/fold_003_seed_1.npz,3e6a73d427aa3d25e13ec830a98a4e1df6f692b449285415e7438a24532c12ed,8d2ab63dbf182453a7ca962ad8690ae4b7416fbbbda53cd1e3c3431cf9e624ed
cremad,loso,3,2,P1-inner|cremad|loso|3|2,3323850742,0,5475,1885,82,splits/inner/cremad/loso/fold_003_seed_2.npz,34b29ea7e8eaa96c5300ea9e602735b6903b4a6c7f28fc5a57e95cef17f70a5c,8d2ab63dbf182453a7ca962ad8690ae4b7416fbbbda53cd1e3c3431cf9e624ed
cremad,loso,4,0,P1-inner|cremad|loso|4|0,35255975,0,5480,1880,82,splits/inner/cremad/loso/fold_004_seed_0.npz,2d6eea06e639bc13cdc70d32b1091e6b4587a9beb6cf8596fe3196567ba56a52,a45961c1d30470a2758184d8b85cff28cb722b3bc8d2a8f4d63629d240a353e2
cremad,loso,4,1,P1-inner|cremad|loso|4|1,1453060950,0,5481,1879,82,splits/inner/cremad/loso/fold_004_seed_1.npz,5cb037ad68441a0efd355997feb2904b1a7e77e846532322ec79d2ab53e6ae73,a45961c1d30470a2758184d8b85cff28cb722b3bc8d2a8f4d63629d240a353e2
cremad,loso,4,2,P1-inner|cremad|loso|4|2,173219254,0,5487,1873,82,splits/inner/cremad/loso/fold_004_seed_2.npz,eec8512e095caaede9dfa98ad1fec1d4f1be5363118fff2067b01bc7771d8a69,a45961c1d30470a2758184d8b85cff28cb722b3bc8d2a8f4d63629d240a353e2
cremad,loso,5,0,P1-inner|cremad|loso|5|0,106036423,0,5480,1880,82,splits/inner/cremad/loso/fold_005_seed_0.npz,555c82708fa2ad67791668745e8bd13ffd78a3ccc88c3d502311547ee5457ef4,88fdabc99d642390e99b57fd3afd33f5f72ce105d8183238824b7fd96860e4c9
cremad,loso,5,1,P1-inner|cremad|loso|5|1,318125491,0,5480,1880,82,splits/inner/cremad/loso/fold_005_seed_1.npz,bc4bf52ba6c3ab2d995b9ac16ee98cfecf1f86fd4525c9812de6696721b10b42,88fdabc99d642390e99b57fd3afd33f5f72ce105d8183238824b7fd96860e4c9
cremad,loso,5,2,P1-inner|cremad|loso|5|2,2092316343,0,5481,1879,82,splits/inner/cremad/loso/fold_005_seed_2.npz,b9aafe833b58a57939d687461efd66fa708936ec8163e5c32ea4323d4a268114,88fdabc99d642390e99b57fd3afd33f5f72ce105d8183238824b7fd96860e4c9
cremad,loso,6,0,P1-inner|cremad|loso|6|0,3760233967,0,5474,1886,82,splits/inner/cremad/loso/fold_006_seed_0.npz,b1e453922a529494b328c55b3f27702406afeb4a71f6f21a88819fb1101eb6cc,fd7be3a337ea9412a2e2fff46e25dbe08dbad173512e31e8d5488b36e6b42209
cremad,loso,6,1,P1-inner|cremad|loso|6|1,1622937646,0,5480,1880,82,splits/inner/cremad/loso/fold_006_seed_1.npz,52332882ba257af2c3b6d497447f15b74cdfe8dc4c30fe244656f66d42fb01f5,fd7be3a337ea9412a2e2fff46e25dbe08dbad173512e31e8d5488b36e6b42209
cremad,loso,6,2,P1-inner|cremad|loso|6|2,83872363,0,5474,1886,82,splits/inner/cremad/loso/fold_006_seed_2.npz,8f225eda5cb991cd9f9983ba80654cfa20045685c309a1bd0fce9c2b08fb8d84,fd7be3a337ea9412a2e2fff46e25dbe08dbad173512e31e8d5488b36e6b42209
cremad,loso,7,0,P1-inner|cremad|loso|7|0,282012545,0,5480,1886,76,splits/inner/cremad/loso/fold_007_seed_0.npz,54b231fcfce23a0acb2adafb15c42d741707137db08acb5e9f9d1fd2dce3fcf9,a2ca9686f6c97a915d515116945ff94f46ca3ea152f1346426caf54477d36a9f
cremad,loso,7,1,P1-inner|cremad|loso|7|1,437075567,0,5486,1880,76,splits/inner/cremad/loso/fold_007_seed_1.npz,c825d12e3e48e93f950e26379c928db312026efb17780ea96416f1e2a84eae5d,a2ca9686f6c97a915d515116945ff94f46ca3ea152f1346426caf54477d36a9f
cremad,loso,7,2,P1-inner|cremad|loso|7|2,2284054520,0,5480,1886,76,splits/inner/cremad/loso/fold_007_seed_2.npz,aa7ff1e45c6ab97578c3308d87227821b15b3b25dff86c0eaa6e02ed4651df12,a2ca9686f6c97a915d515116945ff94f46ca3ea152f1346426caf54477d36a9f
cremad,loso,8,0,P1-inner|cremad|loso|8|0,798439246,0,5480,1886,76,splits/inner/cremad/loso/fold_008_seed_0.npz,dd82887b7117b9b36f4d66d380bfa7cbe1a0a22c73a3086abc79d6f1daf4ec47,8b228f1fef86c752615f41bf8940a583985de6138027cae830acf5f05e2d56a4
cremad,loso,8,1,P1-inner|cremad|loso|8|1,2871436473,0,5486,1880,76,splits/inner/cremad/loso/fold_008_seed_1.npz,d8eba59ad4442cf63f28fef8f119d8881030f02959ea3cc6723eba388e5f4866,8b228f1fef86c752615f41bf8940a583985de6138027cae830acf5f05e2d56a4
cremad,loso,8,2,P1-inner|cremad|loso|8|2,4203228944,0,5481,1885,76,splits/inner/cremad/loso/fold_008_seed_2.npz,e32c192f76c32cb71b7882b5cc797d250b415d487703a7fd7f13e834007641ab,8b228f1fef86c752615f41bf8940a583985de6138027cae830acf5f05e2d56a4
cremad,loso,9,0,P1-inner|cremad|loso|9|0,2548915888,0,5480,1880,82,splits/inner/cremad/loso/fold_009_seed_0.npz,c9d3cb7cf76ed6d157fba4c628600a3dfa7b0ad781e162bd343f7b20eb1a5b59,979f23581f6b4ac6fab014da9bc0117e659d628cefffbbb57016023bf2a26b5e
cremad,loso,9,1,P1-inner|cremad|loso|9|1,3211810132,0,5474,1886,82,splits/inner/cremad/loso/fold_009_seed_1.npz,3ecba19616a919675a0d3dbb88746d9332be2fafad0f5397836a8327c2987e2a,979f23581f6b4ac6fab014da9bc0117e659d628cefffbbb57016023bf2a26b5e
cremad,loso,9,2,P1-inner|cremad|loso|9|2,3923273469,0,5480,1880,82,splits/inner/cremad/loso/fold_009_seed_2.npz,79f4fbf41bab3aa6cbb2817aa9074997201b4b4de74b467d0f9d1dff39afafbb,979f23581f6b4ac6fab014da9bc0117e659d628cefffbbb57016023bf2a26b5e
cremad,loso,10,0,P1-inner|cremad|loso|10|0,2642988970,0,5474,1886,82,splits/inner/cremad/loso/fold_010_seed_0.npz,da14b5af9fc01b673fe150ca9b504e5740f66b5aed5fd902a9581c04c576765a,88ee3b4449ebcb1425f5e708e2df6fde58472eb218dc237966ed7cd29491051c
cremad,loso,10,1,P1-inner|cremad|loso|10|1,2378039936,0,5486,1874,82,splits/inner/cremad/loso/fold_010_seed_1.npz,5225d993468f7fa68824e33bb6d331b766b236953aa268b3922e8121e1df6f13,88ee3b4449ebcb1425f5e708e2df6fde58472eb218dc237966ed7cd29491051c
cremad,loso,10,2,P1-inner|cremad|loso|10|2,2059384213,0,5481,1879,82,splits/inner/cremad/loso/fold_010_seed_2.npz,460286dcb1d5f35b81c3ff88c1ce3b7b524516254aadd3324b0fe9a8c6cb64b2,88ee3b4449ebcb1425f5e708e2df6fde58472eb218dc237966ed7cd29491051c
cremad,loso,11,0,P1-inner|cremad|loso|11|0,1376984998,0,5475,1885,82,splits/inner/cremad/loso/fold_011_seed_0.npz,3c4ddf35019796d0e5713af6780b7ed38d612d5a0895f4262d19fd0dbc601d50,e4d168d6243c1fd5eb8b840fdee76f8fd3f31c7d72cb1198070a7c766dda6598
cremad,loso,11,1,P1-inner|cremad|loso|11|1,2535006868,0,5487,1873,82,splits/inner/cremad/loso/fold_011_seed_1.npz,189a95076d7186b1846a699aee17546bbccfd3e67d8758ce721bec6f8fbf2f38,e4d168d6243c1fd5eb8b840fdee76f8fd3f31c7d72cb1198070a7c766dda6598
cremad,loso,11,2,P1-inner|cremad|loso|11|2,1113435513,0,5480,1880,82,splits/inner/cremad/loso/fold_011_seed_2.npz,78c9ef5d3cae26d3f0fc9e2fe1e5a44ff45b0e6416367fa52b4f0df875906bed,e4d168d6243c1fd5eb8b840fdee76f8fd3f31c7d72cb1198070a7c766dda6598
cremad,loso,12,0,P1-inner|cremad|loso|12|0,2475413539,0,5481,1879,82,splits/inner/cremad/loso/fold_012_seed_0.npz,46fb7f781ace5b4b3d21e3a8383591254b0d8e036262873e39523c8efc3bef61,17c0c33dcf1cdf39055ff9445408793da327651fdcf3d7b5e29a7b3fec3067c9
cremad,loso,12,1,P1-inner|cremad|loso|12|1,1019922529,0,5474,1886,82,splits/inner/cremad/loso/fold_012_seed_1.npz,fb6ff23729113cdd78cfcba1bc4dd1f6bfb447e024899a9c241a01e7154d2a19,17c0c33dcf1cdf39055ff9445408793da327651fdcf3d7b5e29a7b3fec3067c9
cremad,loso,12,2,P1-inner|cremad|loso|12|2,1324448981,0,5481,1879,82,splits/inner/cremad/loso/fold_012_seed_2.npz,2181bf2dd65fb0c0352cc54b148d56a51aa839f3fcebf030cb3bf06d3e0e15ee,17c0c33dcf1cdf39055ff9445408793da327651fdcf3d7b5e29a7b3fec3067c9
cremad,loso,13,0,P1-inner|cremad|loso|13|0,3010232345,0,5475,1885,82,splits/inner/cremad/loso/fold_013_seed_0.npz,810b1315cf7b509ede9d164a977ce9ba42b44ffffcc41ab2e43a5098fdc7f2d8,433ee2bbd1e7e7a8a9b1b04c5f97f72d58cf45c0e9e98e8655db8d1e8d39eb9e
cremad,loso,13,1,P1-inner|cremad|loso|13|1,2457831931,0,5474,1886,82,splits/inner/cremad/loso/fold_013_seed_1.npz,7e63c3d8352af3413d09fdf9a303d3d005328e610440f93212fb5a4b293fd20c,433ee2bbd1e7e7a8a9b1b04c5f97f72d58cf45c0e9e98e8655db8d1e8d39eb9e
cremad,loso,13,2,P1-inner|cremad|loso|13|2,4033149561,0,5475,1885,82,splits/inner/cremad/loso/fold_013_seed_2.npz,25ddc0c7859f12ff5c96e520e8664f031ce3a207621850a9e7216d4e5934c423,433ee2bbd1e7e7a8a9b1b04c5f97f72d58cf45c0e9e98e8655db8d1e8d39eb9e
cremad,loso,14,0,P1-inner|cremad|loso|14|0,3153049230,0,5481,1879,82,splits/inner/cremad/loso/fold_014_seed_0.npz,74e31dac36a67df826661ddd6ed4708b58b282db4d29096109ff0297595a7526,b4f14d9f323027a8d173d0c60c58855999aeac8ef364d726c18be229e1e00f37
cremad,loso,14,1,P1-inner|cremad|loso|14|1,3404893057,0,5481,1879,82,splits/inner/cremad/loso/fold_014_seed_1.npz,df22a77414187fe0ae42af408bba456c457f209dcf0b39e769decdc1b29a7252,b4f14d9f323027a8d173d0c60c58855999aeac8ef364d726c18be229e1e00f37
cremad,loso,14,2,P1-inner|cremad|loso|14|2,281076164,0,5481,1879,82,splits/inner/cremad/loso/fold_014_seed_2.npz,8518a7a671870b4b8ea48d4956ea77107bfd86bf4178165ea68be52b5baac9fa,b4f14d9f323027a8d173d0c60c58855999aeac8ef364d726c18be229e1e00f37
cremad,loso,15,0,P1-inner|cremad|loso|15|0,3108234094,0,5480,1880,82,splits/inner/cremad/loso/fold_015_seed_0.npz,ab71c27a9e2e3b918078c09ba9111eb03d3ed3545cb94eb2222b33b0b0ff9ea4,40205966f520c2247d83cdc7e6be9e94482b05366011a5d1eb7573806567e820
cremad,loso,15,1,P1-inner|cremad|loso|15|1,1541396645,0,5486,1874,82,splits/inner/cremad/loso/fold_015_seed_1.npz,71396885729d363228f6d717de65802229a1fd1f175068b1958a7f76660a93ca,40205966f520c2247d83cdc7e6be9e94482b05366011a5d1eb7573806567e820
cremad,loso,15,2,P1-inner|cremad|loso|15|2,1034311862,0,5474,1886,82,splits/inner/cremad/loso/fold_015_seed_2.npz,d7a49e865c0db4f98abc34d60fa854c0c9580c21788e702a6ed1650764872f62,40205966f520c2247d83cdc7e6be9e94482b05366011a5d1eb7573806567e820
cremad,loso,16,0,P1-inner|cremad|loso|16|0,2376033724,0,5476,1884,82,splits/inner/cremad/loso/fold_016_seed_0.npz,fc8fd90995d647c02507d922118e21c879f61b2e64cccba5df47023546a1712c,88013497016a429eaa290ecc9840f121d2bb34ee9bcfed67ce6924641bde2cec
cremad,loso,16,1,P1-inner|cremad|loso|16|1,2021048093,0,5481,1879,82,splits/inner/cremad/loso/fold_016_seed_1.npz,f752300344fc242cb2361983bb40f95fa4b5d3b5b961e81831d4f7022d919f06,88013497016a429eaa290ecc9840f121d2bb34ee9bcfed67ce6924641bde2cec
cremad,loso,16,2,P1-inner|cremad|loso|16|2,3838376725,0,5474,1886,82,splits/inner/cremad/loso/fold_016_seed_2.npz,65bf5c264ef04a3af11b9febb95b20d02fa4603bb92385a3e11ea62e1f5e7787,88013497016a429eaa290ecc9840f121d2bb34ee9bcfed67ce6924641bde2cec
cremad,loso,17,0,P1-inner|cremad|loso|17|0,2325032491,0,5474,1886,82,splits/inner/cremad/loso/fold_017_seed_0.npz,b762662f7a4c2ee0fd830f9ad49a15926fd34f027ba5e8e0665451d07ebddd60,a0ea00e6861a1d1827d772531490e45ad7136f74def66faa7b71bcf05d32f382
cremad,loso,17,1,P1-inner|cremad|loso|17|1,2846416647,0,5486,1874,82,splits/inner/cremad/loso/fold_017_seed_1.npz,944fbc6f2953addf6f1488cf6969a0d1b3efce4e732312e2e3eb52095c9b29d6,a0ea00e6861a1d1827d772531490e45ad7136f74def66faa7b71bcf05d32f382
cremad,loso,17,2,P1-inner|cremad|loso|17|2,1622103087,0,5480,1880,82,splits/inner/cremad/loso/fold_017_seed_2.npz,822e7c4fac5cc31e1b03e0d122137686f32a2c90e9e514dc8fbf52811acea849,a0ea00e6861a1d1827d772531490e45ad7136f74def66faa7b71bcf05d32f382
cremad,loso,18,0,P1-inner|cremad|loso|18|0,3347579472,0,5486,1880,76,splits/inner/cremad/loso/fold_018_seed_0.npz,6a4c78a4a82c38d2354c4c42241740f6c297ce03dc83b668c400c958f7434aec,b63e20ee69704d8fa281feb57b8d683f42dd22fbfd9b12d1e2122899686d0bf6
cremad,loso,18,1,P1-inner|cremad|loso|18|1,2794486089,0,5487,1879,76,splits/inner/cremad/loso/fold_018_seed_1.npz,0f26a5366996382fa0ea78de06f29db76f1419488c8a93e0374a8abfd5a0e8cf,b63e20ee69704d8fa281feb57b8d683f42dd22fbfd9b12d1e2122899686d0bf6
cremad,loso,18,2,P1-inner|cremad|loso|18|2,609759867,0,5488,1878,76,splits/inner/cremad/loso/fold_018_seed_2.npz,a128b5d41acb314e2afe4461ddd172f7cbf83c08d543e437c4cd1467de81fda0,b63e20ee69704d8fa281feb57b8d683f42dd22fbfd9b12d1e2122899686d0bf6
cremad,loso,19,0,P1-inner|cremad|loso|19|0,3980335488,0,5487,1873,82,splits/inner/cremad/loso/fold_019_seed_0.npz,67157063d2154ecb5caab1c1fae9df57f80183f97877d2845c3221194c67a779,b7feb377974f16ca61d5bb95356c60cab412a458a71f9c28568ae289c21a3d49
cremad,loso,19,1,P1-inner|cremad|loso|19|1,2930886818,0,5486,1874,82,splits/inner/cremad/loso/fold_019_seed_1.npz,b5204acaf4cc94923300961243b70333d59c9f27beea19df341f7d426fb18087,b7feb377974f16ca61d5bb95356c60cab412a458a71f9c28568ae289c21a3d49
cremad,loso,19,2,P1-inner|cremad|loso|19|2,2409837086,0,5474,1886,82,splits/inner/cremad/loso/fold_019_seed_2.npz,b0e1298940290587f8598d7cfe717463e3c6c9edf7a9c1c45cf0dcb6ea1ac4ff,b7feb377974f16ca61d5bb95356c60cab412a458a71f9c28568ae289c21a3d49
cremad,loso,20,0,P1-inner|cremad|loso|20|0,695669236,0,5481,1879,82,splits/inner/cremad/loso/fold_020_seed_0.npz,ccf10168500d00e659e4003363926a974b34570d6ceb671afc9dfa9e613074b5,9212a787130173ff2bacba858281e4c6757dd1968a9787b17f64c972a6d2bf5c
cremad,loso,20,1,P1-inner|cremad|loso|20|1,46504716,0,5480,1880,82,splits/inner/cremad/loso/fold_020_seed_1.npz,3758cafbf11f29e4994ef3281a323e53c9d74cec628ff83145b342a6136faf86,9212a787130173ff2bacba858281e4c6757dd1968a9787b17f64c972a6d2bf5c
cremad,loso,20,2,P1-inner|cremad|loso|20|2,3453520754,0,5486,1874,82,splits/inner/cremad/loso/fold_020_seed_2.npz,c53bc9f0acb9f11f5a5d8b3ad2525b7ef6d1dcb50d8925481b31dfb0049f8bed,9212a787130173ff2bacba858281e4c6757dd1968a9787b17f64c972a6d2bf5c
cremad,loso,21,0,P1-inner|cremad|loso|21|0,3220536861,0,5474,1886,82,splits/inner/cremad/loso/fold_021_seed_0.npz,acdbe195ce3f3d4929733791344e75d113dce619b4260f30b463c58971d5a657,5c536325c3912d8c681de40382884cf5dafd6c56d5e9452befca0ad180b9cea5
cremad,loso,21,1,P1-inner|cremad|loso|21|1,4176419635,0,5482,1878,82,splits/inner/cremad/loso/fold_021_seed_1.npz,c446aac49dabf5933e4672de3d0d6fb036061093616aa52568091a2e4a0f31c4,5c536325c3912d8c681de40382884cf5dafd6c56d5e9452befca0ad180b9cea5
cremad,loso,21,2,P1-inner|cremad|loso|21|2,4249133738,0,5475,1885,82,splits/inner/cremad/loso/fold_021_seed_2.npz,af45d36096ce5cb8a74506a3a394ed6ba7481211e38d11917a98234910ab438f,5c536325c3912d8c681de40382884cf5dafd6c56d5e9452befca0ad180b9cea5
cremad,loso,22,0,P1-inner|cremad|loso|22|0,146638247,0,5475,1885,82,splits/inner/cremad/loso/fold_022_seed_0.npz,bc1610ef48dba46ac2e7ea722491aad8376fc76f6815d67ae96fcb2f488b8b89,874171c6223d6c3b0ef7482af009215793feb46f1b8b9907ee0d92bb284ba462
cremad,loso,22,1,P1-inner|cremad|loso|22|1,899503799,0,5480,1880,82,splits/inner/cremad/loso/fold_022_seed_1.npz,7de1a91829b5e0577b45d9ea04a9a5185621208f2f9281970cae0ebb9b317915,874171c6223d6c3b0ef7482af009215793feb46f1b8b9907ee0d92bb284ba462
cremad,loso,22,2,P1-inner|cremad|loso|22|2,178463632,0,5480,1880,82,splits/inner/cremad/loso/fold_022_seed_2.npz,9e7975743f2381d6ab61d4fbd003d57340b962d37ec68d82b5f688cc896adcb6,874171c6223d6c3b0ef7482af009215793feb46f1b8b9907ee0d92bb284ba462
cremad,loso,23,0,P1-inner|cremad|loso|23|0,3139765896,0,5480,1880,82,splits/inner/cremad/loso/fold_023_seed_0.npz,5e72d4abc746e896c5af53a2df5c38b1e736c508ac6aca1e8f87f6a2d3c6237d,28a004a6fd5785962a09c8c978265460328ee7572c4c7cc844194365b6faa6fe
cremad,loso,23,1,P1-inner|cremad|loso|23|1,2298681167,0,5474,1886,82,splits/inner/cremad/loso/fold_023_seed_1.npz,34a84cf6f6cf75a2467d1f0c9b060413f8ac0fe3412d66a2c044e689d420d1b6,28a004a6fd5785962a09c8c978265460328ee7572c4c7cc844194365b6faa6fe
cremad,loso,23,2,P1-inner|cremad|loso|23|2,1345727152,0,5480,1880,82,splits/inner/cremad/loso/fold_023_seed_2.npz,cd5e151b91379ab94c4f1a9c6248abafadfacddedaed1a9b8a0634fcaba7a933,28a004a6fd5785962a09c8c978265460328ee7572c4c7cc844194365b6faa6fe
cremad,loso,24,0,P1-inner|cremad|loso|24|0,1175575620,0,5481,1879,82,splits/inner/cremad/loso/fold_024_seed_0.npz,a2700d0c32e98dc5764a74d8d263aedbd4e06161a75dc052f474e085c71f27e8,9c61ed99413cb1039e7ae5b7d1a0d372c2b9215d5f8c44baab95b7104c84c2e6
cremad,loso,24,1,P1-inner|cremad|loso|24|1,69603613,0,5480,1880,82,splits/inner/cremad/loso/fold_024_seed_1.npz,7b604798725bb60c5a19b0abe71f792f1341285664bfe70b1d77dd1e6ba41c5a,9c61ed99413cb1039e7ae5b7d1a0d372c2b9215d5f8c44baab95b7104c84c2e6
cremad,loso,24,2,P1-inner|cremad|loso|24|2,3110098473,0,5486,1874,82,splits/inner/cremad/loso/fold_024_seed_2.npz,f852fd125d0d72ec4b4a19b76fa7c79ba97935064004481ae17e0ec303293c5e,9c61ed99413cb1039e7ae5b7d1a0d372c2b9215d5f8c44baab95b7104c84c2e6
cremad,loso,25,0,P1-inner|cremad|loso|25|0,3780893135,0,5481,1879,82,splits/inner/cremad/loso/fold_025_seed_0.npz,dec4bf6e03283e97bffa31d313be1ad1f14d6bf05fe4a2fbc0002559ba41970e,d289267672698e856881159948befd525af0d00e4a0fc0bb65703b49a207dd59
cremad,loso,25,1,P1-inner|cremad|loso|25|1,1717269111,0,5475,1885,82,splits/inner/cremad/loso/fold_025_seed_1.npz,5d4569c1ca704138004fc2327ba0a2fac4b635cacdfe69a875e9ba659640e326,d289267672698e856881159948befd525af0d00e4a0fc0bb65703b49a207dd59
cremad,loso,25,2,P1-inner|cremad|loso|25|2,3626144874,0,5482,1878,82,splits/inner/cremad/loso/fold_025_seed_2.npz,4f0a5608c133b623bd63a068f2b9a380023e4ab961fbc7e80a9d1dacf7703ff9,d289267672698e856881159948befd525af0d00e4a0fc0bb65703b49a207dd59
cremad,loso,26,0,P1-inner|cremad|loso|26|0,2709662747,0,5493,1867,82,splits/inner/cremad/loso/fold_026_seed_0.npz,39be145916fde6e0bbb40742258a1c80bb25fa0e581d29b2b6a7cd40fdaf8e70,542f8992f0d37cafff9d5473145200ed237fd3c3c7062529543d5e7760d8f28b
cremad,loso,26,1,P1-inner|cremad|loso|26|1,3933885285,0,5475,1885,82,splits/inner/cremad/loso/fold_026_seed_1.npz,101aa970678f693751547d43c3a3ad01d85b8e6384ef195b3bc6bc7fbc86570f,542f8992f0d37cafff9d5473145200ed237fd3c3c7062529543d5e7760d8f28b
cremad,loso,26,2,P1-inner|cremad|loso|26|2,1406930257,0,5482,1878,82,splits/inner/cremad/loso/fold_026_seed_2.npz,66597fd051330fe09794c1087d12e1280a79df5e3f46ceb537d0fa79f82d2c43,542f8992f0d37cafff9d5473145200ed237fd3c3c7062529543d5e7760d8f28b
cremad,loso,27,0,P1-inner|cremad|loso|27|0,3506357520,0,5480,1880,82,splits/inner/cremad/loso/fold_027_seed_0.npz,1cfa301ac260c605611bfa167627372974e6cfd70b3d93f0c2439b77a79d02b1,da2fb240ebe385b6bf311f1b8a6f89dc1394ed4d55021040694532bf5541405b
cremad,loso,27,1,P1-inner|cremad|loso|27|1,3906479192,0,5474,1886,82,splits/inner/cremad/loso/fold_027_seed_1.npz,9f7b1ff3b829a88ee96a2f259e6340eff16bfdbb3559813d6b9541fb947eede7,da2fb240ebe385b6bf311f1b8a6f89dc1394ed4d55021040694532bf5541405b
cremad,loso,27,2,P1-inner|cremad|loso|27|2,1129729238,0,5480,1880,82,splits/inner/cremad/loso/fold_027_seed_2.npz,781afce18b562c275494e4b6a1c1bf51ac3dd2d3a590f0126563eef70481011b,da2fb240ebe385b6bf311f1b8a6f89dc1394ed4d55021040694532bf5541405b
cremad,loso,28,0,P1-inner|cremad|loso|28|0,2802118797,0,5480,1880,82,splits/inner/cremad/loso/fold_028_seed_0.npz,b34b849d7bc1477836aed0aa83d3dc994592f686afbce0c25f3b907d394f883b,e2488c11fc721af35f13dbe41f681b0540f344115f72c2ed15e83b1f9c76e67b
cremad,loso,28,1,P1-inner|cremad|loso|28|1,3862359581,0,5474,1886,82,splits/inner/cremad/loso/fold_028_seed_1.npz,773678b5ee280cc767b495bf6a1bb7bd9a9ce3fbf97de4ac713b6b240f4f4f47,e2488c11fc721af35f13dbe41f681b0540f344115f72c2ed15e83b1f9c76e67b
cremad,loso,28,2,P1-inner|cremad|loso|28|2,752140697,0,5475,1885,82,splits/inner/cremad/loso/fold_028_seed_2.npz,97c3f0cb17b1f12f48d658e658df54224dd9387d25cd171ae259aff8f15672e1,e2488c11fc721af35f13dbe41f681b0540f344115f72c2ed15e83b1f9c76e67b
cremad,loso,29,0,P1-inner|cremad|loso|29|0,1854291039,0,5476,1884,82,splits/inner/cremad/loso/fold_029_seed_0.npz,9304629fad33967bd0907a96c9dfed6738246c1f3c33b917c9e0d0eb4db08da4,23d09869c029d8601836dea6240220418d15b34c6947f8c295d9bf803f12728e
cremad,loso,29,1,P1-inner|cremad|loso|29|1,1617089346,0,5480,1880,82,splits/inner/cremad/loso/fold_029_seed_1.npz,c33563ac44df171258e6b6e9b881b87bb6c7dcb808c84a8166938680688e2c64,23d09869c029d8601836dea6240220418d15b34c6947f8c295d9bf803f12728e
cremad,loso,29,2,P1-inner|cremad|loso|29|2,1690876237,0,5481,1879,82,splits/inner/cremad/loso/fold_029_seed_2.npz,df8ce9ed7c6606d8cb8521af553bd8afc2013bd60127284e538a1240e11e6821,23d09869c029d8601836dea6240220418d15b34c6947f8c295d9bf803f12728e
cremad,loso,30,0,P1-inner|cremad|loso|30|0,279190066,0,5480,1880,82,splits/inner/cremad/loso/fold_030_seed_0.npz,fdb8874de1fd616f671c0ba37b74b4aaa28a81b3b8e03b372cce875de0e1a4ec,488ed223d2160ab93b678b91fd7af2eaf12b4b27d31ccaa8ba9cc402d5c0b01f
cremad,loso,30,1,P1-inner|cremad|loso|30|1,2110576872,0,5475,1885,82,splits/inner/cremad/loso/fold_030_seed_1.npz,d6b3e68f5ecbf06d1ac96bd50f7ac09ec87af9543239993a3ca26ccc47b6d357,488ed223d2160ab93b678b91fd7af2eaf12b4b27d31ccaa8ba9cc402d5c0b01f
cremad,loso,30,2,P1-inner|cremad|loso|30|2,1054992850,0,5480,1880,82,splits/inner/cremad/loso/fold_030_seed_2.npz,24a42c22fde3b8f4744d09000568ecce4897871b275a9397a920809bde6b1214,488ed223d2160ab93b678b91fd7af2eaf12b4b27d31ccaa8ba9cc402d5c0b01f
cremad,loso,31,0,P1-inner|cremad|loso|31|0,3117079589,0,5486,1874,82,splits/inner/cremad/loso/fold_031_seed_0.npz,c0c3031de86b198d44f507e6770ac4cae5e30e340b5fbbe27c53442d333fed2b,d5a2699511416923ba652f70d9831abe76ffd01a0dea6060cecb8ebcf335e602
cremad,loso,31,1,P1-inner|cremad|loso|31|1,3032913686,0,5475,1885,82,splits/inner/cremad/loso/fold_031_seed_1.npz,e69b7449703ce097cdf53cbe75ba71550c20afb9d1b70311ba438a0920345e72,d5a2699511416923ba652f70d9831abe76ffd01a0dea6060cecb8ebcf335e602
cremad,loso,31,2,P1-inner|cremad|loso|31|2,3615739764,0,5481,1879,82,splits/inner/cremad/loso/fold_031_seed_2.npz,d2b49d1b2b27f44882fc78118e0d4d810d02b6bb545e51d3b3dd48ab112a431b,d5a2699511416923ba652f70d9831abe76ffd01a0dea6060cecb8ebcf335e602
cremad,loso,32,0,P1-inner|cremad|loso|32|0,3168342578,0,5487,1873,82,splits/inner/cremad/loso/fold_032_seed_0.npz,d2335cb494d20f818d5fa4ae6774036e16592528e457c6e449a6be27331c47da,b71d5bc52db6b937f00496b7496505e155600cb8c98a70b902914666c284afdb
cremad,loso,32,1,P1-inner|cremad|loso|32|1,237069690,0,5474,1886,82,splits/inner/cremad/loso/fold_032_seed_1.npz,c3671879a825373d3b471cc9f9bde51a61dc911dc345b9183372147d459ef6e0,b71d5bc52db6b937f00496b7496505e155600cb8c98a70b902914666c284afdb
cremad,loso,32,2,P1-inner|cremad|loso|32|2,1374685351,0,5487,1873,82,splits/inner/cremad/loso/fold_032_seed_2.npz,433d957bcdd78aae7fa9f77a9c60b6165e9e626a912ec2854ddd75b658deef51,b71d5bc52db6b937f00496b7496505e155600cb8c98a70b902914666c284afdb
cremad,loso,33,0,P1-inner|cremad|loso|33|0,1842713362,0,5480,1880,82,splits/inner/cremad/loso/fold_033_seed_0.npz,29cf04e8e848c4f27c88e06f0190ffbabc60ee11997414bb754d4809a003be73,f3dda75d832c5ab508915f73303bff51c6e5469614c17cfd4a9f9fa78e634d0e
cremad,loso,33,1,P1-inner|cremad|loso|33|1,3866778339,0,5481,1879,82,splits/inner/cremad/loso/fold_033_seed_1.npz,ab5a1255f24348c6df0e5f2730e24daf79750b7b17f8d5770a0df34afb2218eb,f3dda75d832c5ab508915f73303bff51c6e5469614c17cfd4a9f9fa78e634d0e
cremad,loso,33,2,P1-inner|cremad|loso|33|2,1457053287,0,5475,1885,82,splits/inner/cremad/loso/fold_033_seed_2.npz,54534bf8f7034311c6bb0d9ec64d8af2180e70b1cf5e1a7cc9489dc41723a057,f3dda75d832c5ab508915f73303bff51c6e5469614c17cfd4a9f9fa78e634d0e
cremad,loso,34,0,P1-inner|cremad|loso|34|0,2869010893,0,5481,1879,82,splits/inner/cremad/loso/fold_034_seed_0.npz,d3d61093d0d93eefe67dad5206034e6688cefe95661c35fd4177d49416eda688,0c262c9ec85d59fab5bbf859497ba963cf9037794e5279ed38c93d770cfd471a
cremad,loso,34,1,P1-inner|cremad|loso|34|1,465844178,0,5476,1884,82,splits/inner/cremad/loso/fold_034_seed_1.npz,e52da994a9b9918e6c6a47267d244296276ae3c50cc1e9fd3ddfb78631ebfd8d,0c262c9ec85d59fab5bbf859497ba963cf9037794e5279ed38c93d770cfd471a
cremad,loso,34,2,P1-inner|cremad|loso|34|2,2636210093,0,5480,1880,82,splits/inner/cremad/loso/fold_034_seed_2.npz,82a05844cd964f7a57aa9c7ac5c76b4642761ded9d67b6ef59330d39f411a75f,0c262c9ec85d59fab5bbf859497ba963cf9037794e5279ed38c93d770cfd471a
cremad,loso,35,0,P1-inner|cremad|loso|35|0,3383416929,0,5486,1874,82,splits/inner/cremad/loso/fold_035_seed_0.npz,3561aebe56239e68c8249ec7cb8ff5ba08c69f330729d93c5b2c05b30e1f9185,106df74779067135aa34d5c31b05a2158fdfd0662c43ab181e1aa05b8a1b1052
cremad,loso,35,1,P1-inner|cremad|loso|35|1,156264298,0,5486,1874,82,splits/inner/cremad/loso/fold_035_seed_1.npz,c544b85c6a0fa267d6916597055e9b803263b83d2882236c01a1d0f23860fb28,106df74779067135aa34d5c31b05a2158fdfd0662c43ab181e1aa05b8a1b1052
cremad,loso,35,2,P1-inner|cremad|loso|35|2,57704232,0,5480,1880,82,splits/inner/cremad/loso/fold_035_seed_2.npz,10bb73939cd8cb3e3b6a7b3ed5c13e4058231774eaecf2214b951189fb7909d9,106df74779067135aa34d5c31b05a2158fdfd0662c43ab181e1aa05b8a1b1052
cremad,loso,36,0,P1-inner|cremad|loso|36|0,3418797309,0,5486,1874,82,splits/inner/cremad/loso/fold_036_seed_0.npz,7ca3fdecb4c90b5b8c578cb652ff9622dfcb315a59a10808b47cd1ee252ea482,d267c697e4c63507c3931627627781e4a69726b72852a3f4a897807e65c5db73
cremad,loso,36,1,P1-inner|cremad|loso|36|1,1540123989,0,5474,1886,82,splits/inner/cremad/loso/fold_036_seed_1.npz,2fdc47fffc6b1083968bc782a9dcde942aa368f2fe024e5913a6804ead9dc83f,d267c697e4c63507c3931627627781e4a69726b72852a3f4a897807e65c5db73
cremad,loso,36,2,P1-inner|cremad|loso|36|2,342764944,0,5474,1886,82,splits/inner/cremad/loso/fold_036_seed_2.npz,5ba7a039d2cadeec44068fd109524b8752be06bc63d633f751ed14b53e2a873e,d267c697e4c63507c3931627627781e4a69726b72852a3f4a897807e65c5db73
cremad,loso,37,0,P1-inner|cremad|loso|37|0,147575986,0,5476,1884,82,splits/inner/cremad/loso/fold_037_seed_0.npz,d4cca7bdd24d8948b50765cf12b365bcf2d4b47b8871840eaf59085f38793e63,86098f3337120eddf6a0209989fa54f8153e1021a0395d2bc85de49eba643d75
cremad,loso,37,1,P1-inner|cremad|loso|37|1,965330171,0,5480,1880,82,splits/inner/cremad/loso/fold_037_seed_1.npz,d6f23b1d97f7abf0c2bae7a42824a056d19722d912fe8012b65b0df90180a7db,86098f3337120eddf6a0209989fa54f8153e1021a0395d2bc85de49eba643d75
cremad,loso,37,2,P1-inner|cremad|loso|37|2,1009875683,0,5475,1885,82,splits/inner/cremad/loso/fold_037_seed_2.npz,d5160e975170206fb9a35c1657f56367248592e8b228e20e23bc950aca4dc573,86098f3337120eddf6a0209989fa54f8153e1021a0395d2bc85de49eba643d75
cremad,loso,38,0,P1-inner|cremad|loso|38|0,1644438256,0,5474,1886,82,splits/inner/cremad/loso/fold_038_seed_0.npz,a98b30ea42c3aade6331f9e1e356a81a49ffd2d56759aaf192fdda22dbc641d5,e2e66da0cef863ad486ae9fdd94e59c6b59a793b3e0107e3c33e5353dd48de81
cremad,loso,38,1,P1-inner|cremad|loso|38|1,687786230,0,5474,1886,82,splits/inner/cremad/loso/fold_038_seed_1.npz,773c30986c40146983b3dba641efd521b76eba89a66e5aee431f1c59c72f3491,e2e66da0cef863ad486ae9fdd94e59c6b59a793b3e0107e3c33e5353dd48de81
cremad,loso,38,2,P1-inner|cremad|loso|38|2,3540545238,0,5475,1885,82,splits/inner/cremad/loso/fold_038_seed_2.npz,b080850b9ca73e27d008a9172a9ebece0ceda01f1b90faea83ec639db90b3300,e2e66da0cef863ad486ae9fdd94e59c6b59a793b3e0107e3c33e5353dd48de81
cremad,loso,39,0,P1-inner|cremad|loso|39|0,1926368305,0,5480,1880,82,splits/inner/cremad/loso/fold_039_seed_0.npz,1f3fa499bf0be775b8f3feb4052892170d89e7a262edaeb592f6e3eaae47279b,34c8e27f93baaba7615a47a0dadc83344f54c56f701cc2efcb4241fceb36e90d
cremad,loso,39,1,P1-inner|cremad|loso|39|1,1131258552,0,5482,1878,82,splits/inner/cremad/loso/fold_039_seed_1.npz,ade3575af3e7bfb518e0afb57966fb443122300323096ce0bd34bce00c173f74,34c8e27f93baaba7615a47a0dadc83344f54c56f701cc2efcb4241fceb36e90d
cremad,loso,39,2,P1-inner|cremad|loso|39|2,690708346,0,5474,1886,82,splits/inner/cremad/loso/fold_039_seed_2.npz,fedcef3072a7b25f38fe5e7b9d4b4e1468b15bef63fffaf02f02ecae17469138,34c8e27f93baaba7615a47a0dadc83344f54c56f701cc2efcb4241fceb36e90d
cremad,loso,40,0,P1-inner|cremad|loso|40|0,1810398978,0,5480,1880,82,splits/inner/cremad/loso/fold_040_seed_0.npz,08f7e064c45506906f73dba46623638dc179de0cacd4b3faaadb21b5a70e10bd,c783d27d5c192dfaab0f15f57932f36b6d1244fb935a6dce2464d3b932a77ad2
cremad,loso,40,1,P1-inner|cremad|loso|40|1,648491289,0,5486,1874,82,splits/inner/cremad/loso/fold_040_seed_1.npz,8f47fa07a502d7062c13b620819322dfe0f228fb8e22abc650e4caaed2f84c99,c783d27d5c192dfaab0f15f57932f36b6d1244fb935a6dce2464d3b932a77ad2
cremad,loso,40,2,P1-inner|cremad|loso|40|2,3347599361,0,5474,1886,82,splits/inner/cremad/loso/fold_040_seed_2.npz,00e4ec979e7cc5dc4f6e3dcb1ba18f5a5380f5fa96ba5b651fc60605abd8ac5a,c783d27d5c192dfaab0f15f57932f36b6d1244fb935a6dce2464d3b932a77ad2
cremad,loso,41,0,P1-inner|cremad|loso|41|0,249361368,0,5474,1886,82,splits/inner/cremad/loso/fold_041_seed_0.npz,66fcfe1b65f91e256a5ebdebc9601af1344effc65084df364925f033892c85cc,4d4c036c56a3e1a67fa07aa6280731a578490a48813e551a7d5c59b37d2982b2
cremad,loso,41,1,P1-inner|cremad|loso|41|1,3093514397,0,5474,1886,82,splits/inner/cremad/loso/fold_041_seed_1.npz,0ec2546223407b59acba0bccc82630b5dd1297587a8487987ed4264d974450ed,4d4c036c56a3e1a67fa07aa6280731a578490a48813e551a7d5c59b37d2982b2
cremad,loso,41,2,P1-inner|cremad|loso|41|2,2660478523,0,5480,1880,82,splits/inner/cremad/loso/fold_041_seed_2.npz,6d75819c09402648f31335b3ad90fe5a7b4eea6cd5feb1c5f77a0804aa22b164,4d4c036c56a3e1a67fa07aa6280731a578490a48813e551a7d5c59b37d2982b2
cremad,loso,42,0,P1-inner|cremad|loso|42|0,892081837,0,5481,1879,82,splits/inner/cremad/loso/fold_042_seed_0.npz,5391308316c90cc28d83420b261669c0764f1192e72dd735339d814b9865a4c4,c91ac825d03b938acf2df28fddb4ed4adc455d1bc9cc36a5e72a254bf682005a
cremad,loso,42,1,P1-inner|cremad|loso|42|1,1825193931,0,5475,1885,82,splits/inner/cremad/loso/fold_042_seed_1.npz,73bcd56c675db358075243df0fef50ef95ff371603f1399f3a2a7947487dc768,c91ac825d03b938acf2df28fddb4ed4adc455d1bc9cc36a5e72a254bf682005a
cremad,loso,42,2,P1-inner|cremad|loso|42|2,2874176072,0,5474,1886,82,splits/inner/cremad/loso/fold_042_seed_2.npz,bae65cd79b9b1724e8e0058c0bf22a7d1edd160a3e4006a59792f7203ec6729c,c91ac825d03b938acf2df28fddb4ed4adc455d1bc9cc36a5e72a254bf682005a
cremad,loso,43,0,P1-inner|cremad|loso|43|0,1849704637,0,5486,1874,82,splits/inner/cremad/loso/fold_043_seed_0.npz,3bae87752dc2fbc8a36bf651feec0a8fee9fe2b511002f21802c6d9aaf86daf1,eeb05f6ddf09df3d5d0d0083736be8e4286638cddf648aecf4d6ade73bf18004
cremad,loso,43,1,P1-inner|cremad|loso|43|1,3442136525,0,5475,1885,82,splits/inner/cremad/loso/fold_043_seed_1.npz,598ab44afdee879f24ca0f67e18f52d5af6f0f8abf31fe8d8cdf12b25870c77d,eeb05f6ddf09df3d5d0d0083736be8e4286638cddf648aecf4d6ade73bf18004
cremad,loso,43,2,P1-inner|cremad|loso|43|2,4263991931,0,5481,1879,82,splits/inner/cremad/loso/fold_043_seed_2.npz,ee8e13fc12d3d18d44a81e250818da99eac17170d827434e073acdc2befef1c2,eeb05f6ddf09df3d5d0d0083736be8e4286638cddf648aecf4d6ade73bf18004
cremad,loso,44,0,P1-inner|cremad|loso|44|0,2738295136,0,5487,1873,82,splits/inner/cremad/loso/fold_044_seed_0.npz,73610e31c6b3f86e9574fe65d27b036e78f610fb1ba7ee2d5e745d7762772e0b,cbaea5337e69c9fdf5496b47566db3f558bbecacbb47a29caf567ae195343a3a
cremad,loso,44,1,P1-inner|cremad|loso|44|1,3774619892,0,5480,1880,82,splits/inner/cremad/loso/fold_044_seed_1.npz,0de57487e5f4e598417ef35136ef26efe1817b33c081f9fe5189e2488c0bd2e4,cbaea5337e69c9fdf5496b47566db3f558bbecacbb47a29caf567ae195343a3a
cremad,loso,44,2,P1-inner|cremad|loso|44|2,3747268274,0,5474,1886,82,splits/inner/cremad/loso/fold_044_seed_2.npz,eda8589a6f8d5b6c14c84a7a6ceb9691ac3fb470f47e7fcdb2b1e95ae91bd9eb,cbaea5337e69c9fdf5496b47566db3f558bbecacbb47a29caf567ae195343a3a
cremad,loso,45,0,P1-inner|cremad|loso|45|0,3437905113,0,5492,1868,82,splits/inner/cremad/loso/fold_045_seed_0.npz,88c6aaccef9f1bb40d0c756ba0ab44628fa3b1cc533b6cfe8450d678294db213,f0090154fa552a34830fedb9c4cb18ada171d832848b7b3547d1fb2e68e217e1
cremad,loso,45,1,P1-inner|cremad|loso|45|1,626930220,0,5486,1874,82,splits/inner/cremad/loso/fold_045_seed_1.npz,1bc0dad40062fea5c5823b7b2db75e8c86430e8b1fca22cf8ef82def03fce31f,f0090154fa552a34830fedb9c4cb18ada171d832848b7b3547d1fb2e68e217e1
cremad,loso,45,2,P1-inner|cremad|loso|45|2,258058901,0,5487,1873,82,splits/inner/cremad/loso/fold_045_seed_2.npz,7530e109655150877ba32e59bf094187cfd688229da059fd89a26b7e0912bfb3,f0090154fa552a34830fedb9c4cb18ada171d832848b7b3547d1fb2e68e217e1
cremad,loso,46,0,P1-inner|cremad|loso|46|0,3406981210,0,5475,1885,82,splits/inner/cremad/loso/fold_046_seed_0.npz,1cf7ff1d223e26e4fcfbdf6de5960c542a2e2284ee53f8b5594b482eae0b5edd,bf3fd8b2f9a987cadd6cab2a18f2a6f1379cc14adbd25feb5a87839f26792334
cremad,loso,46,1,P1-inner|cremad|loso|46|1,3226402075,0,5474,1886,82,splits/inner/cremad/loso/fold_046_seed_1.npz,0120d6cd1331fb54f8240e7ae33f5327edbcf37a9f7d3b61ed9e9a7bc40701ea,bf3fd8b2f9a987cadd6cab2a18f2a6f1379cc14adbd25feb5a87839f26792334
cremad,loso,46,2,P1-inner|cremad|loso|46|2,2848854190,0,5475,1885,82,splits/inner/cremad/loso/fold_046_seed_2.npz,da43a194058e7254c382228bf457341c1272debcb24d86053e566251e35c18dc,bf3fd8b2f9a987cadd6cab2a18f2a6f1379cc14adbd25feb5a87839f26792334
cremad,loso,47,0,P1-inner|cremad|loso|47|0,1095788628,0,5492,1868,82,splits/inner/cremad/loso/fold_047_seed_0.npz,d4b9623c4e71ff587f8c75401326a6b84c7e8f24cba2d0bdeebb409723d4b3d4,4ee9e3e30b0c4162636262ecc4603e6f6daa11d9985a187efdbe5cebc0ffed34
cremad,loso,47,1,P1-inner|cremad|loso|47|1,4276906313,0,5480,1880,82,splits/inner/cremad/loso/fold_047_seed_1.npz,26bfe8cf789b71214c51823f29d104435235391888462081ffdd1fcb53785cb4,4ee9e3e30b0c4162636262ecc4603e6f6daa11d9985a187efdbe5cebc0ffed34
cremad,loso,47,2,P1-inner|cremad|loso|47|2,2113934202,0,5481,1879,82,splits/inner/cremad/loso/fold_047_seed_2.npz,341aeb3e0e12520e09783f71223bb282af1c2b6899df8e8eed758f1fac7dbd4d,4ee9e3e30b0c4162636262ecc4603e6f6daa11d9985a187efdbe5cebc0ffed34
cremad,loso,48,0,P1-inner|cremad|loso|48|0,721432069,0,5481,1879,82,splits/inner/cremad/loso/fold_048_seed_0.npz,6f16555ce07f1e0ec4f15559ab69b4d7bd084f55111fab339fbea0bbc5228c6c,a4e8bf69457db5c195b56a7037249677485431fef8355c45f7df3f841d29997f
cremad,loso,48,1,P1-inner|cremad|loso|48|1,1388779208,0,5480,1880,82,splits/inner/cremad/loso/fold_048_seed_1.npz,45f245691bc0d5c5d9590974143594190281ed68ad00b1a97d8917b113cdc65d,a4e8bf69457db5c195b56a7037249677485431fef8355c45f7df3f841d29997f
cremad,loso,48,2,P1-inner|cremad|loso|48|2,337430798,0,5475,1885,82,splits/inner/cremad/loso/fold_048_seed_2.npz,6319a836f17e0575b5c25862d57525c77eec35c6969a1f952386f57a8524619f,a4e8bf69457db5c195b56a7037249677485431fef8355c45f7df3f841d29997f
cremad,loso,49,0,P1-inner|cremad|loso|49|0,38421260,0,5481,1879,82,splits/inner/cremad/loso/fold_049_seed_0.npz,28e2e606de6126a563f65e15ba001719da7a62b6dc73710600db5c5eb32cc53a,a71ed54e9d2da08f3b7343fc6ff53b79823f0f8af70c357158bb84438375b571
cremad,loso,49,1,P1-inner|cremad|loso|49|1,1485738211,0,5480,1880,82,splits/inner/cremad/loso/fold_049_seed_1.npz,4a930d8e1f993d1a3191de799fc36dcc77cc958c87348a4e3fa053bbb8f630f4,a71ed54e9d2da08f3b7343fc6ff53b79823f0f8af70c357158bb84438375b571
cremad,loso,49,2,P1-inner|cremad|loso|49|2,88873185,0,5481,1879,82,splits/inner/cremad/loso/fold_049_seed_2.npz,6f5016f6d380e961fb0fadeb5bc078175830a9b359149278358e3a5148bb5a7f,a71ed54e9d2da08f3b7343fc6ff53b79823f0f8af70c357158bb84438375b571
cremad,loso,50,0,P1-inner|cremad|loso|50|0,2344477625,0,5474,1886,82,splits/inner/cremad/loso/fold_050_seed_0.npz,0941f867ee244732e3d8c55cd6b365671472e78ccdf9244b85dd32928245d1cf,753ec0d4c63727ee441d8c30619f38673110dc40ea9dda8e0a8620de301064c0
cremad,loso,50,1,P1-inner|cremad|loso|50|1,4269642803,0,5480,1880,82,splits/inner/cremad/loso/fold_050_seed_1.npz,008eb8fae5c5048dbae5d0880e90f441c62aef514dbf2cd2c924adde28ab7eff,753ec0d4c63727ee441d8c30619f38673110dc40ea9dda8e0a8620de301064c0
cremad,loso,50,2,P1-inner|cremad|loso|50|2,1917640326,0,5480,1880,82,splits/inner/cremad/loso/fold_050_seed_2.npz,4e6c8cc38504f3640395aff19db4a8602ca791db357e80a10588f9c71668f2d9,753ec0d4c63727ee441d8c30619f38673110dc40ea9dda8e0a8620de301064c0
cremad,loso,51,0,P1-inner|cremad|loso|51|0,2172682974,0,5480,1880,82,splits/inner/cremad/loso/fold_051_seed_0.npz,f25fad815719dedaacbcfe0f75f91f5d2858134976a1f1de71d0eb8c64a2112a,fd5cdff14151b987a37844274c3e9a888d3614de61828b0545723e5fdfb1bfa4
cremad,loso,51,1,P1-inner|cremad|loso|51|1,316324965,0,5481,1879,82,splits/inner/cremad/loso/fold_051_seed_1.npz,444cdb294afa5fc1b3d5725b46190d2e63f8b38e39361e7e324286cf5fa899d2,fd5cdff14151b987a37844274c3e9a888d3614de61828b0545723e5fdfb1bfa4
cremad,loso,51,2,P1-inner|cremad|loso|51|2,2359677296,0,5488,1872,82,splits/inner/cremad/loso/fold_051_seed_2.npz,d01ed5476d509b513171b59b12ce2e5d0b96d6a5cd0208dc281a012862303df7,fd5cdff14151b987a37844274c3e9a888d3614de61828b0545723e5fdfb1bfa4
cremad,loso,52,0,P1-inner|cremad|loso|52|0,3764563482,0,5474,1886,82,splits/inner/cremad/loso/fold_052_seed_0.npz,631b84fcaacd34a2de001e10a917f63eb1a135b378d8a77b893fecdd0ab9d511,a446b8c109f6a669619ac0f4d0ed3331c80ac69f0b8e9cf24d34660fdaa2539c
cremad,loso,52,1,P1-inner|cremad|loso|52|1,3214155367,0,5474,1886,82,splits/inner/cremad/loso/fold_052_seed_1.npz,442a2b205614b3febabe6b77a244308134db513c66615aa3c70b21145bf82f25,a446b8c109f6a669619ac0f4d0ed3331c80ac69f0b8e9cf24d34660fdaa2539c
cremad,loso,52,2,P1-inner|cremad|loso|52|2,3506815933,0,5481,1879,82,splits/inner/cremad/loso/fold_052_seed_2.npz,61e55e00a637b22ba1fae417750989b0440684232c7e0f68f04fb3672027110c,a446b8c109f6a669619ac0f4d0ed3331c80ac69f0b8e9cf24d34660fdaa2539c
cremad,loso,53,0,P1-inner|cremad|loso|53|0,1971426249,0,5480,1880,82,splits/inner/cremad/loso/fold_053_seed_0.npz,eda6a661e49502d0becfa395cadef52256ca310de7bdbed2bad4ee98198a57e9,d28464fc40b3eb9662a3c5d249527403f964450fa728ec28206a8776a2521b50
cremad,loso,53,1,P1-inner|cremad|loso|53|1,707348735,0,5474,1886,82,splits/inner/cremad/loso/fold_053_seed_1.npz,0298787ad96c6315847292b69d442959b2c0b810a117748a8efedb6d3f2c8c3f,d28464fc40b3eb9662a3c5d249527403f964450fa728ec28206a8776a2521b50
cremad,loso,53,2,P1-inner|cremad|loso|53|2,1657821895,0,5480,1880,82,splits/inner/cremad/loso/fold_053_seed_2.npz,99188075e28a8282658b6b338a5444defac094ed35cbd84f516181a162abc718,d28464fc40b3eb9662a3c5d249527403f964450fa728ec28206a8776a2521b50
cremad,loso,54,0,P1-inner|cremad|loso|54|0,3772360365,0,5475,1885,82,splits/inner/cremad/loso/fold_054_seed_0.npz,feb5e85fab04abeea8c9e0acaa312815dd3ef7dec334b5ec9dd7c7234afa941a,68c6cbe40414321eaaecc4123cd52869920038e5ca90c370ed052656a53101d2
cremad,loso,54,1,P1-inner|cremad|loso|54|1,288822495,0,5481,1879,82,splits/inner/cremad/loso/fold_054_seed_1.npz,71fb95688b6a07ce0eaf324f24cef501a580e363d8cc66005b018ff81f91f39f,68c6cbe40414321eaaecc4123cd52869920038e5ca90c370ed052656a53101d2
cremad,loso,54,2,P1-inner|cremad|loso|54|2,30052689,0,5475,1885,82,splits/inner/cremad/loso/fold_054_seed_2.npz,76dc1f162eaf7260515ffa5d70c1edb0e415aba5264a99f7a2ca165cdae57da9,68c6cbe40414321eaaecc4123cd52869920038e5ca90c370ed052656a53101d2
cremad,loso,55,0,P1-inner|cremad|loso|55|0,2952792446,0,5480,1880,82,splits/inner/cremad/loso/fold_055_seed_0.npz,dbee8cee3b039b93184f41178efb929dae2e82ceb4b259e631a3de85e0fa8e85,019d2aa4643e7f05308689d0249c347bc1fdd7696f24c8ff9af59da6816e2648
cremad,loso,55,1,P1-inner|cremad|loso|55|1,4286519732,0,5481,1879,82,splits/inner/cremad/loso/fold_055_seed_1.npz,4d2a2bbc01c4ae3884dc4f57c378207d18e4a3d9b49f5ca1b78a915866834c43,019d2aa4643e7f05308689d0249c347bc1fdd7696f24c8ff9af59da6816e2648
cremad,loso,55,2,P1-inner|cremad|loso|55|2,1669025881,0,5474,1886,82,splits/inner/cremad/loso/fold_055_seed_2.npz,e3275260bbd10a09c7f016be9b97da31b557e0a7072a7101cd7e341916813163,019d2aa4643e7f05308689d0249c347bc1fdd7696f24c8ff9af59da6816e2648
cremad,loso,56,0,P1-inner|cremad|loso|56|0,3542886317,0,5481,1879,82,splits/inner/cremad/loso/fold_056_seed_0.npz,4226ccad8b50c2779f9a68697f3904e73f4a271cfd03a494da6b4de4104a2b1f,aadaa8eddd37b02ed8701f875f98dc2a0e4773991dfab4fa8608324725f52e59
cremad,loso,56,1,P1-inner|cremad|loso|56|1,2099795754,0,5474,1886,82,splits/inner/cremad/loso/fold_056_seed_1.npz,1d279cf08a3cca4841e3f9f272be8785158903e4a956b76056a83e8e2e5e8648,aadaa8eddd37b02ed8701f875f98dc2a0e4773991dfab4fa8608324725f52e59
cremad,loso,56,2,P1-inner|cremad|loso|56|2,324094324,0,5487,1873,82,splits/inner/cremad/loso/fold_056_seed_2.npz,e68c5e465e69a159238815687ec4c84a116c700594859119fdd6621f11ce8068,aadaa8eddd37b02ed8701f875f98dc2a0e4773991dfab4fa8608324725f52e59
cremad,loso,57,0,P1-inner|cremad|loso|57|0,2370608298,0,5475,1885,82,splits/inner/cremad/loso/fold_057_seed_0.npz,1c0718d08e1161a0e2b8c9a75988151a8dc57480f1e5ab8668021341a6d1fe6e,12f4701d92cc850b7f117249e3a840e0c890f148733e9d57c311828a8443abbc
cremad,loso,57,1,P1-inner|cremad|loso|57|1,2521337156,0,5474,1886,82,splits/inner/cremad/loso/fold_057_seed_1.npz,90d6fa5f2abf6b6b7ba1b6da84fb5824e616dc4cd9defaa7a717ea14c758a621,12f4701d92cc850b7f117249e3a840e0c890f148733e9d57c311828a8443abbc
cremad,loso,57,2,P1-inner|cremad|loso|57|2,3380057643,0,5480,1880,82,splits/inner/cremad/loso/fold_057_seed_2.npz,5839231dce7a4a200382b213cc1213d843555033e57175df19390447599bd57b,12f4701d92cc850b7f117249e3a840e0c890f148733e9d57c311828a8443abbc
cremad,loso,58,0,P1-inner|cremad|loso|58|0,2493503735,0,5488,1872,82,splits/inner/cremad/loso/fold_058_seed_0.npz,b9103280fba3563021fa5016d997d69b6397d788f60a9e593aff8fc862159470,e0c126ca5680dad2e86dbe8f1b040dc2c30461ddb54802a273648fc17b8c76b4
cremad,loso,58,1,P1-inner|cremad|loso|58|1,242458505,0,5474,1886,82,splits/inner/cremad/loso/fold_058_seed_1.npz,f5a69177bee6317ea8af36aae71fd0d7b4bbe82dbc38b5b2c9025e13d5568926,e0c126ca5680dad2e86dbe8f1b040dc2c30461ddb54802a273648fc17b8c76b4
cremad,loso,58,2,P1-inner|cremad|loso|58|2,501079920,0,5480,1880,82,splits/inner/cremad/loso/fold_058_seed_2.npz,62b2b8a24d91029f0942be6cca4fc5a7d5a9d0d9ca00537e857ee15ff2583f99,e0c126ca5680dad2e86dbe8f1b040dc2c30461ddb54802a273648fc17b8c76b4
cremad,loso,59,0,P1-inner|cremad|loso|59|0,2235962787,0,5480,1880,82,splits/inner/cremad/loso/fold_059_seed_0.npz,4f738ffa304826d58de7b084504b04cf8467fa1ba794da42abdbd8c483094647,61c0604646bf210641c9249de745ecad0eabdcf2a5775d001f2a98724d944af9
cremad,loso,59,1,P1-inner|cremad|loso|59|1,214812636,0,5475,1885,82,splits/inner/cremad/loso/fold_059_seed_1.npz,022dec2064f652561b84dc3dd62c3d3bded09b9404eec796cb77fe31fb002d1a,61c0604646bf210641c9249de745ecad0eabdcf2a5775d001f2a98724d944af9
cremad,loso,59,2,P1-inner|cremad|loso|59|2,2237253006,0,5481,1879,82,splits/inner/cremad/loso/fold_059_seed_2.npz,5a1e10dfc660eaa0f139ffcca5e0bc185aa8dd4766c4fae0a7c847769fdfe127,61c0604646bf210641c9249de745ecad0eabdcf2a5775d001f2a98724d944af9
cremad,loso,60,0,P1-inner|cremad|loso|60|0,1597050906,0,5482,1878,82,splits/inner/cremad/loso/fold_060_seed_0.npz,0594baea311d2bd37aa10bdb08cb4b4987c9dc62f42a367c2097a74da7a25f58,f5fbf4dcca14d8906b626ebf3b0985e3cc853eed65d003165fefaa76cd152d2f
cremad,loso,60,1,P1-inner|cremad|loso|60|1,1048157773,0,5480,1880,82,splits/inner/cremad/loso/fold_060_seed_1.npz,bc2362d9928de40ec66630ee2d386a4de006f337279abda16ea6e55e20f64b55,f5fbf4dcca14d8906b626ebf3b0985e3cc853eed65d003165fefaa76cd152d2f
cremad,loso,60,2,P1-inner|cremad|loso|60|2,4061115641,0,5480,1880,82,splits/inner/cremad/loso/fold_060_seed_2.npz,e06744f12946ceea648e9b7d9a20bcda023a31e15e055212e11fc695d46daa66,f5fbf4dcca14d8906b626ebf3b0985e3cc853eed65d003165fefaa76cd152d2f
cremad,loso,61,0,P1-inner|cremad|loso|61|0,1158742973,0,5481,1879,82,splits/inner/cremad/loso/fold_061_seed_0.npz,5f526da91b200256fc718ff33037e2f4bd3dc223c4e979999c253e76b066a272,d20138c076a4d9d8240d462748cb787c76ae6f006ac5fe24cb9d78337e08367f
cremad,loso,61,1,P1-inner|cremad|loso|61|1,2140977776,0,5474,1886,82,splits/inner/cremad/loso/fold_061_seed_1.npz,c03998b978e7c1a41261d5ca699ccffd4e97bd03c0bbf1af38011ac58c931227,d20138c076a4d9d8240d462748cb787c76ae6f006ac5fe24cb9d78337e08367f
cremad,loso,61,2,P1-inner|cremad|loso|61|2,849818273,0,5481,1879,82,splits/inner/cremad/loso/fold_061_seed_2.npz,c63d1cc276a13ba1f0faa68e038f4e8766c974079e5f3d569961f3f0b87da93a,d20138c076a4d9d8240d462748cb787c76ae6f006ac5fe24cb9d78337e08367f
cremad,loso,62,0,P1-inner|cremad|loso|62|0,3025755590,0,5475,1885,82,splits/inner/cremad/loso/fold_062_seed_0.npz,df104675894850f16107f8f44dfad2981bf2d9dfe267df04ec97923815c4c15c,43a144633bb35dc65d0acd72e0372a1856327ecf1f61816136d5fd765c49d38f
cremad,loso,62,1,P1-inner|cremad|loso|62|1,4159966072,0,5480,1880,82,splits/inner/cremad/loso/fold_062_seed_1.npz,255931082e3a3271687d7aa0b9885fc2f774667c84befbb6c1aceaa31a60e417,43a144633bb35dc65d0acd72e0372a1856327ecf1f61816136d5fd765c49d38f
cremad,loso,62,2,P1-inner|cremad|loso|62|2,4139580831,0,5474,1886,82,splits/inner/cremad/loso/fold_062_seed_2.npz,b15fec7fcf809cddadcf8500a320424c9ef225dc273ed3a960100c2c61a9b465,43a144633bb35dc65d0acd72e0372a1856327ecf1f61816136d5fd765c49d38f
cremad,loso,63,0,P1-inner|cremad|loso|63|0,1423486128,0,5481,1879,82,splits/inner/cremad/loso/fold_063_seed_0.npz,ee132c5c3c0563812ba832ed69504aae1575a77cb25731f4d62216d5b0900954,04fd790d0c59be6271973cc2bfb6341248cee916315f68e30a1bef4a613d776b
cremad,loso,63,1,P1-inner|cremad|loso|63|1,1258359158,0,5474,1886,82,splits/inner/cremad/loso/fold_063_seed_1.npz,ded4631e613be14f29248ee9a2440f442ee7f4f18ceab745357532737689ca8d,04fd790d0c59be6271973cc2bfb6341248cee916315f68e30a1bef4a613d776b
cremad,loso,63,2,P1-inner|cremad|loso|63|2,2681716971,0,5486,1874,82,splits/inner/cremad/loso/fold_063_seed_2.npz,387abb24fd7456c54a0a8d8b2a4af450ce300fe6be771966f323e89415aa304b,04fd790d0c59be6271973cc2bfb6341248cee916315f68e30a1bef4a613d776b
cremad,loso,64,0,P1-inner|cremad|loso|64|0,1204929183,0,5480,1880,82,splits/inner/cremad/loso/fold_064_seed_0.npz,b06f858419c115c7a5f6d7f7366f963bc91c2eab06a981697ea6407e33f4311a,090310d451032f0eb0ec292c5b985f831b0ada639d3cacba258589bf32c23921
cremad,loso,64,1,P1-inner|cremad|loso|64|1,4111564288,0,5475,1885,82,splits/inner/cremad/loso/fold_064_seed_1.npz,9faeb248cdf4bc8169e16f1355bf42ebdce7e452682ad60d9b50a3de3a9e7c82,090310d451032f0eb0ec292c5b985f831b0ada639d3cacba258589bf32c23921
cremad,loso,64,2,P1-inner|cremad|loso|64|2,2346578417,0,5474,1886,82,splits/inner/cremad/loso/fold_064_seed_2.npz,91e9c720d999b2d2b28c091df76432cc2bd62ef5ea7691f13f17ae7bcabbd69c,090310d451032f0eb0ec292c5b985f831b0ada639d3cacba258589bf32c23921
cremad,loso,65,0,P1-inner|cremad|loso|65|0,757476591,0,5486,1874,82,splits/inner/cremad/loso/fold_065_seed_0.npz,d1230b9e198c58a01d5ed285a20ee47177e8a20feda65afa988139f83f5ea8ac,bdebc64ebcc0c8ee0b1778f36e160393ddf2ce994eff4d935b996a3fcd3f132d
cremad,loso,65,1,P1-inner|cremad|loso|65|1,1462427203,0,5482,1878,82,splits/inner/cremad/loso/fold_065_seed_1.npz,e368d320f6c798a8f2efcc2c1721b5da3b05b7e1e1e42d34c620497be885667c,bdebc64ebcc0c8ee0b1778f36e160393ddf2ce994eff4d935b996a3fcd3f132d
cremad,loso,65,2,P1-inner|cremad|loso|65|2,416807907,0,5474,1886,82,splits/inner/cremad/loso/fold_065_seed_2.npz,1c90e75b6e07f5ca625ce870b708aa357e2026cd61f6e65d858d6689f1dc3192,bdebc64ebcc0c8ee0b1778f36e160393ddf2ce994eff4d935b996a3fcd3f132d
cremad,loso,66,0,P1-inner|cremad|loso|66|0,978658975,0,5481,1879,82,splits/inner/cremad/loso/fold_066_seed_0.npz,90491f9a0da27cf9e34be4633b7871f236023c00930338d28cf08f0526860bdf,47d3f27cf710ad8ccd9cafeb1042648e4f26209471ab3b7877d0a0561d63830c
cremad,loso,66,1,P1-inner|cremad|loso|66|1,2446457172,0,5474,1886,82,splits/inner/cremad/loso/fold_066_seed_1.npz,8680fd4d2f99507e0705829d3765552a53d36773537c278da235d312d5fe9437,47d3f27cf710ad8ccd9cafeb1042648e4f26209471ab3b7877d0a0561d63830c
cremad,loso,66,2,P1-inner|cremad|loso|66|2,1742810213,0,5480,1880,82,splits/inner/cremad/loso/fold_066_seed_2.npz,217b2773ca5180afe11b48a4a430c5ae4ad717afbb478aa5d89d2ca7413da54b,47d3f27cf710ad8ccd9cafeb1042648e4f26209471ab3b7877d0a0561d63830c
cremad,loso,67,0,P1-inner|cremad|loso|67|0,1667416297,0,5480,1880,82,splits/inner/cremad/loso/fold_067_seed_0.npz,710a940723041c6c4c454c14daf74aa6829bc5730c8d47982a94cb60c6a06e49,f0be0cee1af0f7dfee194f002163c33f0129876e8a4df69ee3c6dbed44fc65bb
cremad,loso,67,1,P1-inner|cremad|loso|67|1,3225586268,0,5493,1867,82,splits/inner/cremad/loso/fold_067_seed_1.npz,56e7708b59d158a514c8f45c7ab6149ff542e0e5d830955fb71643192256cd91,f0be0cee1af0f7dfee194f002163c33f0129876e8a4df69ee3c6dbed44fc65bb
cremad,loso,67,2,P1-inner|cremad|loso|67|2,3240707083,0,5474,1886,82,splits/inner/cremad/loso/fold_067_seed_2.npz,f841519e6a9c0c783f4f1f38dea82de3b3ba9c27afa43cafe4da2ef0708a9a28,f0be0cee1af0f7dfee194f002163c33f0129876e8a4df69ee3c6dbed44fc65bb
cremad,loso,68,0,P1-inner|cremad|loso|68|0,2876842874,0,5474,1886,82,splits/inner/cremad/loso/fold_068_seed_0.npz,c67469c5ebd72fb1d082ef6b97b3813a6446f39b90f60f9cc3f85d838c9fbb46,a5c1b276808833e9a14334765783df1c8a86959979073d5155fd97b39de72081
cremad,loso,68,1,P1-inner|cremad|loso|68|1,3924127462,0,5480,1880,82,splits/inner/cremad/loso/fold_068_seed_1.npz,d5c8061365433b2b41fe8c3e6a70314de9873e967db298e405ad4d24691de9d3,a5c1b276808833e9a14334765783df1c8a86959979073d5155fd97b39de72081
cremad,loso,68,2,P1-inner|cremad|loso|68|2,2369666286,0,5480,1880,82,splits/inner/cremad/loso/fold_068_seed_2.npz,c15d7d78efe859d8945a83277fde92d1e8b46a81cdc9d55c35eddbd2fc32adb9,a5c1b276808833e9a14334765783df1c8a86959979073d5155fd97b39de72081
cremad,loso,69,0,P1-inner|cremad|loso|69|0,416977273,0,5480,1880,82,splits/inner/cremad/loso/fold_069_seed_0.npz,94473e0bafc087ddf8e2dfcadd45272c461c48b578beaac1914875ceebdfb75c,6350f72e7cb52bd1ec1c9651c32a80f822ac74d358ceec4d075fd4b3b5bac834
cremad,loso,69,1,P1-inner|cremad|loso|69|1,80756216,0,5481,1879,82,splits/inner/cremad/loso/fold_069_seed_1.npz,e7a4c5a1650026291cf7f08205bf52045b5739d242d991bf020a0437b2c881d2,6350f72e7cb52bd1ec1c9651c32a80f822ac74d358ceec4d075fd4b3b5bac834
cremad,loso,69,2,P1-inner|cremad|loso|69|2,3104555673,0,5476,1884,82,splits/inner/cremad/loso/fold_069_seed_2.npz,e65a419af6ed4ae7dc80dd7b229219c816bd1017dde3104b7fa62d836bd68e4b,6350f72e7cb52bd1ec1c9651c32a80f822ac74d358ceec4d075fd4b3b5bac834
cremad,loso,70,0,P1-inner|cremad|loso|70|0,1265312086,0,5487,1873,82,splits/inner/cremad/loso/fold_070_seed_0.npz,b5258ee8c770f42ef0ac48a5be29132df175754c0b102ac704a396c623830f26,1b6218a815491dda57840134641451434dd9099591dde0ac745bf8b6b8c04c9e
cremad,loso,70,1,P1-inner|cremad|loso|70|1,2394091310,0,5474,1886,82,splits/inner/cremad/loso/fold_070_seed_1.npz,8b75780b7e46981f2f7283b13d192184b721ad308fc8df1e99c60672bbf3be7f,1b6218a815491dda57840134641451434dd9099591dde0ac745bf8b6b8c04c9e
cremad,loso,70,2,P1-inner|cremad|loso|70|2,2289328796,0,5481,1879,82,splits/inner/cremad/loso/fold_070_seed_2.npz,aa81a31de3a476918d9daec3163521fffd4679b2b19b11d372e4c668297ebd41,1b6218a815491dda57840134641451434dd9099591dde0ac745bf8b6b8c04c9e
cremad,loso,71,0,P1-inner|cremad|loso|71|0,252980810,0,5475,1885,82,splits/inner/cremad/loso/fold_071_seed_0.npz,042e8c7c6fb7bb709445b3c34f8f31793bbb1f94d30abb8055fa2b1140d72e24,e00a948a08e86bbdde98d77c27016f3d2dfed1135b28a7d289ec676ad472bbb4
cremad,loso,71,1,P1-inner|cremad|loso|71|1,665384233,0,5474,1886,82,splits/inner/cremad/loso/fold_071_seed_1.npz,a4dea9af708530e62dfd9661f3e43b27f42c2fed63a3ac2805c55171dd9275db,e00a948a08e86bbdde98d77c27016f3d2dfed1135b28a7d289ec676ad472bbb4
cremad,loso,71,2,P1-inner|cremad|loso|71|2,938512082,0,5480,1880,82,splits/inner/cremad/loso/fold_071_seed_2.npz,9dee0d8541e3e8da2dbdc18f5f00c08f2c3c8c82d4c8071b4aee0adae0638fc2,e00a948a08e86bbdde98d77c27016f3d2dfed1135b28a7d289ec676ad472bbb4
cremad,loso,72,0,P1-inner|cremad|loso|72|0,12371163,0,5480,1880,82,splits/inner/cremad/loso/fold_072_seed_0.npz,c1412ca282ab4c8da61867f5df1b59f88db3921666e8d7266b28b3c672c96cd1,ba9b6ff1ea3a598d3397c7909d6196d349da889e0af9d5b07046eb93ebfc51c3
cremad,loso,72,1,P1-inner|cremad|loso|72|1,2800530438,0,5486,1874,82,splits/inner/cremad/loso/fold_072_seed_1.npz,cdf0bf7e60f1c1d6bb85906561d3fe4cede467fc70e222aac5cb2054fbbe1eee,ba9b6ff1ea3a598d3397c7909d6196d349da889e0af9d5b07046eb93ebfc51c3
cremad,loso,72,2,P1-inner|cremad|loso|72|2,1086712607,0,5474,1886,82,splits/inner/cremad/loso/fold_072_seed_2.npz,5f866ec5ae419d8adab3c4c52771079c9271fc134689dfbd50476b6a1ea54079,ba9b6ff1ea3a598d3397c7909d6196d349da889e0af9d5b07046eb93ebfc51c3
cremad,loso,73,0,P1-inner|cremad|loso|73|0,2307590362,0,5475,1885,82,splits/inner/cremad/loso/fold_073_seed_0.npz,90fac2f8ecd5e745b50444c94ece7817dab7bbf0f08edb926b0712f7145e9648,5ca2bc5dc99b909c4c95ae5fab0f90943522ad89be2d0c54aac259a04d2a3e22
cremad,loso,73,1,P1-inner|cremad|loso|73|1,4142349103,0,5480,1880,82,splits/inner/cremad/loso/fold_073_seed_1.npz,3aa157aaef9f7b75522ea666cb4bf77a06738bacd18552402cdace832a847332,5ca2bc5dc99b909c4c95ae5fab0f90943522ad89be2d0c54aac259a04d2a3e22
cremad,loso,73,2,P1-inner|cremad|loso|73|2,857191186,0,5474,1886,82,splits/inner/cremad/loso/fold_073_seed_2.npz,9166d1f69fcf9420727c6f5d12c4988434224e1fc8879a06f581b2a1af76fd42,5ca2bc5dc99b909c4c95ae5fab0f90943522ad89be2d0c54aac259a04d2a3e22
cremad,loso,74,0,P1-inner|cremad|loso|74|0,2223028867,0,5474,1886,82,splits/inner/cremad/loso/fold_074_seed_0.npz,0733bd7a2c2631c4508ca1b3b95eda430a8bb9272b82926033eb9a8c5e78af29,780eff354232a4d333ee44a52fd12178dc4bce5ba1b869859e986b86bd8235ef
cremad,loso,74,1,P1-inner|cremad|loso|74|1,2728346693,0,5480,1880,82,splits/inner/cremad/loso/fold_074_seed_1.npz,a22ca837fbfa8e1e777bd9ee14b561758785f825d4d75c3c326aad9b2e5650ed,780eff354232a4d333ee44a52fd12178dc4bce5ba1b869859e986b86bd8235ef
cremad,loso,74,2,P1-inner|cremad|loso|74|2,1128841762,0,5475,1885,82,splits/inner/cremad/loso/fold_074_seed_2.npz,2762a539a9d2116289d84dd7002fa6cebd34bf5a0870f7abf2748cdd765014b6,780eff354232a4d333ee44a52fd12178dc4bce5ba1b869859e986b86bd8235ef
cremad,loso,75,0,P1-inner|cremad|loso|75|0,853818375,0,5488,1873,81,splits/inner/cremad/loso/fold_075_seed_0.npz,377f08b75db251b5f3e36a588b72f0153ea53e0c155a59554ca4417a635498d8,5cf530a602e5b9da69c4b06660a9ee0416ab0c3f52a05430b53b27ae9d33be31
cremad,loso,75,1,P1-inner|cremad|loso|75|1,2861992734,0,5487,1874,81,splits/inner/cremad/loso/fold_075_seed_1.npz,a3cafa5fda82ce8b1a71f30e646a4298f1021d26765f7501fe68f81b41da2d88,5cf530a602e5b9da69c4b06660a9ee0416ab0c3f52a05430b53b27ae9d33be31
cremad,loso,75,2,P1-inner|cremad|loso|75|2,2965580940,0,5481,1880,81,splits/inner/cremad/loso/fold_075_seed_2.npz,c4d5237a2682c50c9785ac604bfcff7756901895e3aee18186c1a7cefe830336,5cf530a602e5b9da69c4b06660a9ee0416ab0c3f52a05430b53b27ae9d33be31
cremad,loso,76,0,P1-inner|cremad|loso|76|0,2756809544,0,5481,1879,82,splits/inner/cremad/loso/fold_076_seed_0.npz,8959dd9d874cba6d11d24355980b8e161de37e427cc0c3c6c16c1f2b93acce23,dc5f5c9ed308d63f97301eeeaaefcaae22ea769d5646f7485d614160b57d9fc7
cremad,loso,76,1,P1-inner|cremad|loso|76|1,4023264360,0,5486,1874,82,splits/inner/cremad/loso/fold_076_seed_1.npz,34f10a949aef795e6788c017036ec439b05df3db2569c1b5f7401e885c3b5b24,dc5f5c9ed308d63f97301eeeaaefcaae22ea769d5646f7485d614160b57d9fc7
cremad,loso,76,2,P1-inner|cremad|loso|76|2,3892643580,0,5487,1873,82,splits/inner/cremad/loso/fold_076_seed_2.npz,a76765bae24595eaada0624d5485107330d5710f7f40969083e966b800a2d5a1,dc5f5c9ed308d63f97301eeeaaefcaae22ea769d5646f7485d614160b57d9fc7
cremad,loso,77,0,P1-inner|cremad|loso|77|0,3158794533,0,5474,1886,82,splits/inner/cremad/loso/fold_077_seed_0.npz,c184c24e1d379c42785a59f2d21045f60df26915ce2a40626a4662e596ca4044,bf0275c6fb27d640a501ebd0764737ccf14dbab60c80d17a9a026e47f6eb1711
cremad,loso,77,1,P1-inner|cremad|loso|77|1,3335506831,0,5481,1879,82,splits/inner/cremad/loso/fold_077_seed_1.npz,5a12136f51b5edd34cf12e6d0babd8cfaa1ca301e340fca433f0645a97c50f7d,bf0275c6fb27d640a501ebd0764737ccf14dbab60c80d17a9a026e47f6eb1711
cremad,loso,77,2,P1-inner|cremad|loso|77|2,683275417,0,5480,1880,82,splits/inner/cremad/loso/fold_077_seed_2.npz,328a429142becd58a7589ba9d6f29f729b574bd0e773b242fa54a6938999e79c,bf0275c6fb27d640a501ebd0764737ccf14dbab60c80d17a9a026e47f6eb1711
cremad,loso,78,0,P1-inner|cremad|loso|78|0,4142040692,0,5474,1886,82,splits/inner/cremad/loso/fold_078_seed_0.npz,3a5aed57f9ec95ca1ea2acd50a5117f13e0d1d6d92fdbf4f64695cac93c15c30,c9ebdf24606d4b8fe6e587bedde46bcba6763a6a91f840d77c8b50f74846910f
cremad,loso,78,1,P1-inner|cremad|loso|78|1,3933795270,0,5481,1879,82,splits/inner/cremad/loso/fold_078_seed_1.npz,92bfedc58eaa6c6c93313999923430d5854ad48cfaf558579b8ae47ed4649a9f,c9ebdf24606d4b8fe6e587bedde46bcba6763a6a91f840d77c8b50f74846910f
cremad,loso,78,2,P1-inner|cremad|loso|78|2,940578246,0,5474,1886,82,splits/inner/cremad/loso/fold_078_seed_2.npz,913e738c376addf69b8afe546ccb6cf05ff7554ff84a51ad0a7240c78122480b,c9ebdf24606d4b8fe6e587bedde46bcba6763a6a91f840d77c8b50f74846910f
cremad,loso,79,0,P1-inner|cremad|loso|79|0,2217987210,0,5481,1879,82,splits/inner/cremad/loso/fold_079_seed_0.npz,8baa6f50491739e1b01518a07bfad3a2ecc4ab794ccbb003810367d9d0541ce6,b0b16a5cba8034df0d30fd419f974afcd32c339debbdbdff1583003940a5ca61
cremad,loso,79,1,P1-inner|cremad|loso|79|1,2692891250,0,5486,1874,82,splits/inner/cremad/loso/fold_079_seed_1.npz,01e1abd84b84cfcabd37c400cbf22b2391d016b2403b1f2fd30e6f9b0a94dd6b,b0b16a5cba8034df0d30fd419f974afcd32c339debbdbdff1583003940a5ca61
cremad,loso,79,2,P1-inner|cremad|loso|79|2,645285246,0,5482,1878,82,splits/inner/cremad/loso/fold_079_seed_2.npz,3e3bf7d475ae9b73c85c41fe904ccaf10cb8b059e2eccdc7d558f2b44c07d131,b0b16a5cba8034df0d30fd419f974afcd32c339debbdbdff1583003940a5ca61
cremad,loso,80,0,P1-inner|cremad|loso|80|0,1483673514,0,5480,1880,82,splits/inner/cremad/loso/fold_080_seed_0.npz,950e507e227917edb7fb55b7b3aa4ab8fe73da4551795f6b84a18fec684c3c5d,f69686a3f947d3702f517275580df8179f7d132a5ad5dcf7a2a28c54c342fb9d
cremad,loso,80,1,P1-inner|cremad|loso|80|1,2914908948,0,5481,1879,82,splits/inner/cremad/loso/fold_080_seed_1.npz,fba8b481c5b6d882ee21f55c85766cdd03e20c626dfc4bcfcd6659a847b78ef6,f69686a3f947d3702f517275580df8179f7d132a5ad5dcf7a2a28c54c342fb9d
cremad,loso,80,2,P1-inner|cremad|loso|80|2,1126830254,0,5474,1886,82,splits/inner/cremad/loso/fold_080_seed_2.npz,2d6b96af8b9dcd76fc7495e40bb841b629fedfcce43e18c8b558c32adfdfeb92,f69686a3f947d3702f517275580df8179f7d132a5ad5dcf7a2a28c54c342fb9d
cremad,loso,81,0,P1-inner|cremad|loso|81|0,2176327714,0,5480,1880,82,splits/inner/cremad/loso/fold_081_seed_0.npz,f0f778a6affca181d99687c319ab093233b4e8072c5a58461822836b4d2656c5,76ad0e4de6a36f8213881821f99884acedf5a407eb3d245af26d2da35363e018
cremad,loso,81,1,P1-inner|cremad|loso|81|1,2689019582,0,5493,1867,82,splits/inner/cremad/loso/fold_081_seed_1.npz,7e3fa049166bba4e9b069ce464b1bfdeb45a92458768dae2fef09160de3224d1,76ad0e4de6a36f8213881821f99884acedf5a407eb3d245af26d2da35363e018
cremad,loso,81,2,P1-inner|cremad|loso|81|2,2023822148,0,5476,1884,82,splits/inner/cremad/loso/fold_081_seed_2.npz,cb9b8bb769acdeb83267e7622361023cce2acf89259bde05d027598d354ba4ab,76ad0e4de6a36f8213881821f99884acedf5a407eb3d245af26d2da35363e018
cremad,loso,82,0,P1-inner|cremad|loso|82|0,304616850,0,5486,1874,82,splits/inner/cremad/loso/fold_082_seed_0.npz,cccb0f61b857e7891006d3f9f1c01b6cafd1e741f64f8d3dfc3234220f18e6aa,2675b60e38166851f71ee4fa0dd06e96800206e6f50b9bfd468eebfed2570199
cremad,loso,82,1,P1-inner|cremad|loso|82|1,305814317,0,5476,1884,82,splits/inner/cremad/loso/fold_082_seed_1.npz,e214521cef0ccbb6b26dc8bf3734ba08c2e4422c2c190e30be9051d4cd56bda6,2675b60e38166851f71ee4fa0dd06e96800206e6f50b9bfd468eebfed2570199
cremad,loso,82,2,P1-inner|cremad|loso|82|2,4101809671,0,5475,1885,82,splits/inner/cremad/loso/fold_082_seed_2.npz,fe23e5c8e967a80e515d963eadc70661594a589b1aefc1e6a7eac06f32e5cccb,2675b60e38166851f71ee4fa0dd06e96800206e6f50b9bfd468eebfed2570199
cremad,loso,83,0,P1-inner|cremad|loso|83|0,2241774784,0,5480,1880,82,splits/inner/cremad/loso/fold_083_seed_0.npz,a2465ad8b709f3165e0fda943630adcd90cc7fd36e58c31cba46134947bb6597,b08fda45c428a43dd456604c95da19a3fed664b83379fd66d89036893bddfd25
cremad,loso,83,1,P1-inner|cremad|loso|83|1,1897016529,0,5480,1880,82,splits/inner/cremad/loso/fold_083_seed_1.npz,b152ef5eefb8bbfd3349965fa395789878fe9318b97d7800dd48103bbce48d2b,b08fda45c428a43dd456604c95da19a3fed664b83379fd66d89036893bddfd25
cremad,loso,83,2,P1-inner|cremad|loso|83|2,2757005666,0,5480,1880,82,splits/inner/cremad/loso/fold_083_seed_2.npz,4590eef41d4e68559e8cb043b4fdf4f78f2a75ad5d987f7a9cfccba7e640ad9a,b08fda45c428a43dd456604c95da19a3fed664b83379fd66d89036893bddfd25
cremad,loso,84,0,P1-inner|cremad|loso|84|0,1942202574,0,5474,1886,82,splits/inner/cremad/loso/fold_084_seed_0.npz,830840e7b97cddaae5bfffe0e6a5f817b17cef7a94ed4c78d09559656a4e0dcc,fbc4110475f2ff30f7e227fe8ef52f2ade4f4d0fe9bbe705929e78f291f1c4e2
cremad,loso,84,1,P1-inner|cremad|loso|84|1,3976261278,0,5486,1874,82,splits/inner/cremad/loso/fold_084_seed_1.npz,686f2f8d319d05bf15f738fa954ce4ed08fd35a6e88dfba213ca1dd45e7c15bd,fbc4110475f2ff30f7e227fe8ef52f2ade4f4d0fe9bbe705929e78f291f1c4e2
cremad,loso,84,2,P1-inner|cremad|loso|84|2,427952536,0,5474,1886,82,splits/inner/cremad/loso/fold_084_seed_2.npz,4a962f61478709d1d35dbb10654e6dde621ceaa3a70c7e5e89e43e5ca44ae8b6,fbc4110475f2ff30f7e227fe8ef52f2ade4f4d0fe9bbe705929e78f291f1c4e2
cremad,loso,85,0,P1-inner|cremad|loso|85|0,2103877679,0,5475,1885,82,splits/inner/cremad/loso/fold_085_seed_0.npz,610d5d4cdaca00873db62612ffe3b93a0759a9711e0ab9c438fc070e2b8892af,dee9e914bdc10c3ab032b6b1c54fe232ca01602b5ab9df04f42be415a5d3d38d
cremad,loso,85,1,P1-inner|cremad|loso|85|1,1449824628,0,5475,1885,82,splits/inner/cremad/loso/fold_085_seed_1.npz,f2471f60ceb348321d835e58efa4e190813a21441709d4f42a64c707a1ab2107,dee9e914bdc10c3ab032b6b1c54fe232ca01602b5ab9df04f42be415a5d3d38d
cremad,loso,85,2,P1-inner|cremad|loso|85|2,1861043816,0,5474,1886,82,splits/inner/cremad/loso/fold_085_seed_2.npz,446920770dfdd43a4e4eac5557b702f3113a9d57dcf992406eb2de4ec0e25b7f,dee9e914bdc10c3ab032b6b1c54fe232ca01602b5ab9df04f42be415a5d3d38d
cremad,loso,86,0,P1-inner|cremad|loso|86|0,2303452424,0,5481,1879,82,splits/inner/cremad/loso/fold_086_seed_0.npz,8f1438258806d67554fe635a1fd600bf463bba1a00acaed15545a6add4230c36,67299a142b61eaae77b965a0e64dbf6fdbc85567d7c161031fec180e7fbc5786
cremad,loso,86,1,P1-inner|cremad|loso|86|1,1201751543,0,5492,1868,82,splits/inner/cremad/loso/fold_086_seed_1.npz,fa4ced3a13f8ef9e407161c38ba7e643a360dcf39e55c9100db7065aa21b7341,67299a142b61eaae77b965a0e64dbf6fdbc85567d7c161031fec180e7fbc5786
cremad,loso,86,2,P1-inner|cremad|loso|86|2,86452276,0,5474,1886,82,splits/inner/cremad/loso/fold_086_seed_2.npz,8156f2bfa9987170a82a8569ec1f37d9ecb29fd1f336c9a376c20bea79bd60a0,67299a142b61eaae77b965a0e64dbf6fdbc85567d7c161031fec180e7fbc5786
cremad,loso,87,0,P1-inner|cremad|loso|87|0,3202096780,0,5486,1874,82,splits/inner/cremad/loso/fold_087_seed_0.npz,4447d32179292ca3ade01d16ee4d41cc6d50260fda41b2b2b5df59e16ee8ace8,c7d655ceefba80978f6d4ad0e3f594adc547e538a8736f9526b03d8f6e5669fd
cremad,loso,87,1,P1-inner|cremad|loso|87|1,3464130858,0,5474,1886,82,splits/inner/cremad/loso/fold_087_seed_1.npz,227c8b28a70763f70097da64410c33356f5e7807c006326ab7d1af61d6e5666b,c7d655ceefba80978f6d4ad0e3f594adc547e538a8736f9526b03d8f6e5669fd
cremad,loso,87,2,P1-inner|cremad|loso|87|2,2863294086,0,5480,1880,82,splits/inner/cremad/loso/fold_087_seed_2.npz,b684c671f1804cc867aa77a5446a4ef9a7eadd1678a34485cc287b44ecc2e860,c7d655ceefba80978f6d4ad0e3f594adc547e538a8736f9526b03d8f6e5669fd
cremad,loso,88,0,P1-inner|cremad|loso|88|0,2920505387,0,5481,1879,82,splits/inner/cremad/loso/fold_088_seed_0.npz,cc3529a407356034ed2cd78d1cd776cb60043b563b566993f1a465f1fcc606f5,1ef109b27766911e3f24febf40ec71a9fd66a82ac9844e794f2e1d4ec193210f
cremad,loso,88,1,P1-inner|cremad|loso|88|1,1879487236,0,5480,1880,82,splits/inner/cremad/loso/fold_088_seed_1.npz,a5ddafedfca5bd59fbe17448eee5cce59b8a3b9ad529bd6aebd589e7f84a9089,1ef109b27766911e3f24febf40ec71a9fd66a82ac9844e794f2e1d4ec193210f
cremad,loso,88,2,P1-inner|cremad|loso|88|2,3623731111,0,5481,1879,82,splits/inner/cremad/loso/fold_088_seed_2.npz,eefd0cdae7663c4c47bbb943e68fb53199931bef1ec82fa5caa23995150f5bda,1ef109b27766911e3f24febf40ec71a9fd66a82ac9844e794f2e1d4ec193210f
cremad,loso,89,0,P1-inner|cremad|loso|89|0,377480553,0,5481,1879,82,splits/inner/cremad/loso/fold_089_seed_0.npz,bbe1950f4695e9bf9ac720f423ac167016b29470d4e460088b6ffc57f7bb2d7c,d321639617d9d051c7a392faf37992cbc883a68ff407146a9f421cfe4dc98280
cremad,loso,89,1,P1-inner|cremad|loso|89|1,2446429897,0,5480,1880,82,splits/inner/cremad/loso/fold_089_seed_1.npz,8a9d0929993a3ff9540adb393590f2e741826221f68b9b78eeab3e1f1857da8d,d321639617d9d051c7a392faf37992cbc883a68ff407146a9f421cfe4dc98280
cremad,loso,89,2,P1-inner|cremad|loso|89|2,3496339141,0,5474,1886,82,splits/inner/cremad/loso/fold_089_seed_2.npz,d0152cbd882d2ef2e9156d363ea0bc3e43dd5717fc7464931017793950682b87,d321639617d9d051c7a392faf37992cbc883a68ff407146a9f421cfe4dc98280
cremad,loso,90,0,P1-inner|cremad|loso|90|0,1452829697,0,5480,1880,82,splits/inner/cremad/loso/fold_090_seed_0.npz,cb47c3a17f9a0e5fb445a8dc15cde7bf2c7838aae63ed7a27f273a5d7f3721c8,67a6365dc0efd998ff9261fc7e9a8587293f46b6b1ff16c0d2574766ac2f0a1d
cremad,loso,90,1,P1-inner|cremad|loso|90|1,147936121,0,5476,1884,82,splits/inner/cremad/loso/fold_090_seed_1.npz,53f64015a736a81ebad2ab15e6e6a5a42f89ee8460422faf31b87da9cc75837d,67a6365dc0efd998ff9261fc7e9a8587293f46b6b1ff16c0d2574766ac2f0a1d
cremad,loso,90,2,P1-inner|cremad|loso|90|2,3961611766,0,5480,1880,82,splits/inner/cremad/loso/fold_090_seed_2.npz,45a1b1486a8fa6348a1d1e8123a29e7e0a516136f75f2b782b34acff956d1400,67a6365dc0efd998ff9261fc7e9a8587293f46b6b1ff16c0d2574766ac2f0a1d
