model,policy,checkpoint,speaker,fold,uar_percent
cnn,U,best,1001,1,25.0
cnn,U,best,1002,3,43.13973063973064
cnn,U,best,1003,4,39.351851851851855
cnn,U,best,1004,1,44.44444444444445
cnn,U,best,1005,1,35.648148148148145
cnn,U,best,1006,3,34.51178451178451
cnn,U,best,1007,2,34.25925925925926
cnn,U,best,1008,2,31.818181818181817
cnn,U,best,1009,3,54.04040404040404
cnn,U,best,1010,0,51.38888888888889
cnn,U,best,1011,0,49.074074074074076
cnn,U,best,1012,3,39.35185185185185
cnn,U,best,1013,0,54.545454545454554
cnn,U,best,1014,3,50.925925925925924
cnn,U,best,1015,3,41.203703703703695
cnn,U,best,1016,4,40.74074074074074
cnn,U,best,1017,1,35.016835016835024
cnn,U,best,1018,1,56.48148148148149
cnn,U,best,1019,0,44.94949494949494
cnn,U,best,1020,0,45.37037037037036
cnn,U,best,1021,3,40.27777777777778
cnn,U,best,1022,1,38.425925925925924
cnn,U,best,1023,3,43.05555555555555
cnn,U,best,1024,2,33.33333333333333
cnn,U,best,1025,0,28.240740740740737
cnn,U,best,1026,4,48.148148148148145
cnn,U,best,1027,3,51.388888888888886
cnn,U,best,1028,1,40.277777777777786
cnn,U,best,1029,1,37.5
cnn,U,best,1030,0,46.296296296296305
cnn,U,best,1031,2,33.79629629629629
cnn,U,best,1032,0,42.592592592592595
cnn,U,best,1033,3,52.77777777777777
cnn,U,best,1034,0,45.37037037037038
cnn,U,best,1035,4,45.833333333333336
cnn,U,best,1036,3,30.09259259259259
cnn,U,best,1037,3,53.7037037037037
cnn,U,best,1038,0,56.48148148148149
cnn,U,best,1039,4,43.98148148148149
cnn,U,best,1040,1,43.51851851851851
cnn,U,best,1041,1,51.85185185185185
cnn,U,best,1042,4,29.16666666666666
cnn,U,best,1043,4,55.555555555555564
cnn,U,best,1044,2,47.22222222222223
cnn,U,best,1045,0,39.35185185185185
cnn,U,best,1046,2,34.72222222222222
cnn,U,best,1047,1,51.38888888888889
cnn,U,best,1048,2,50.0
cnn,U,best,1049,3,46.2962962962963
cnn,U,best,1050,2,53.7037037037037
cnn,U,best,1051,3,56.01851851851851
cnn,U,best,1052,0,41.666666666666664
cnn,U,best,1053,0,46.2962962962963
cnn,U,best,1054,4,32.40740740740741
cnn,U,best,1055,1,47.22222222222223
cnn,U,best,1056,2,46.2962962962963
cnn,U,best,1057,1,41.20370370370371
cnn,U,best,1058,4,44.44444444444445
cnn,U,best,1059,2,33.33333333333333
cnn,U,best,1060,2,31.48148148148148
cnn,U,best,1061,0,33.333333333333336
cnn,U,best,1062,4,45.370370370370374
cnn,U,best,1063,2,52.77777777777777
cnn,U,best,1064,1,48.14814814814815
cnn,U,best,1065,1,52.31481481481482
cnn,U,best,1066,4,46.75925925925926
cnn,U,best,1067,4,36.57407407407407
cnn,U,best,1068,0,46.2962962962963
cnn,U,best,1069,4,37.037037037037045
cnn,U,best,1070,2,44.90740740740741
cnn,U,best,1071,2,31.48148148148148
cnn,U,best,1072,3,43.51851851851851
cnn,U,best,1073,4,40.27777777777777
cnn,U,best,1074,4,30.09259259259259
cnn,U,best,1075,1,35.18518518518518
cnn,U,best,1076,4,39.351851851851855
cnn,U,best,1077,3,36.57407407407407
cnn,U,best,1078,1,46.75925925925926
cnn,U,best,1079,2,42.12962962962963
cnn,U,best,1080,3,53.7037037037037
cnn,U,best,1081,2,46.75925925925926
cnn,U,best,1082,2,26.85185185185185
cnn,U,best,1083,2,45.37037037037038
cnn,U,best,1084,4,30.555555555555557
cnn,U,best,1085,0,60.18518518518518
cnn,U,best,1086,0,44.90740740740741
cnn,U,best,1087,0,28.240740740740744
cnn,U,best,1088,2,39.351851851851855
cnn,U,best,1089,0,54.629629629629626
cnn,U,best,1090,1,48.611111111111114
cnn,U,best,1091,1,35.18518518518518
cnn,R,best,1001,1,20.833333333333332
cnn,R,best,1002,3,45.2020202020202
cnn,R,best,1003,4,42.59259259259259
cnn,R,best,1004,1,45.370370370370374
cnn,R,best,1005,1,37.50000000000001
cnn,R,best,1006,3,35.016835016835024
cnn,R,best,1007,2,41.666666666666664
cnn,R,best,1008,2,24.74747474747475
cnn,R,best,1009,3,54.04040404040404
cnn,R,best,1010,0,53.24074074074074
cnn,R,best,1011,0,46.2962962962963
cnn,R,best,1012,3,39.81481481481482
cnn,R,best,1013,0,57.02861952861952
cnn,R,best,1014,3,51.851851851851855
cnn,R,best,1015,3,40.74074074074074
cnn,R,best,1016,4,38.888888888888886
cnn,R,best,1017,1,31.565656565656568
cnn,R,best,1018,1,54.166666666666664
cnn,R,best,1019,0,44.444444444444436
cnn,R,best,1020,0,48.61111111111111
cnn,R,best,1021,3,37.96296296296296
cnn,R,best,1022,1,42.129629629629626
cnn,R,best,1023,3,45.833333333333336
cnn,R,best,1024,2,41.2037037037037
cnn,R,best,1025,0,28.240740740740737
cnn,R,best,1026,4,50.46296296296297
cnn,R,best,1027,3,54.629629629629626
cnn,R,best,1028,1,47.22222222222223
cnn,R,best,1029,1,36.111111111111114
cnn,R,best,1030,0,52.31481481481482
cnn,R,best,1031,2,37.03703703703704
cnn,R,best,1032,0,41.20370370370371
cnn,R,best,1033,3,43.98148148148149
cnn,R,best,1034,0,46.75925925925926
cnn,R,best,1035,4,47.68518518518519
cnn,R,best,1036,3,36.574074074074076
cnn,R,best,1037,3,48.14814814814815
cnn,R,best,1038,0,60.18518518518518
cnn,R,best,1039,4,43.05555555555555
cnn,R,best,1040,1,40.235690235690235
cnn,R,best,1041,1,47.22222222222223
cnn,R,best,1042,4,28.240740740740737
cnn,R,best,1043,4,54.629629629629626
cnn,R,best,1044,2,50.0
cnn,R,best,1045,0,44.90740740740741
cnn,R,best,1046,2,40.27777777777778
cnn,R,best,1047,1,50.925925925925924
cnn,R,best,1048,2,47.68518518518518
cnn,R,best,1049,3,50.0
cnn,R,best,1050,2,55.09259259259259
cnn,R,best,1051,3,54.629629629629626
cnn,R,best,1052,0,44.444444444444436
cnn,R,best,1053,0,47.22222222222222
cnn,R,best,1054,4,27.314814814814813
cnn,R,best,1055,1,49.074074074074076
cnn,R,best,1056,2,43.51851851851851
cnn,R,best,1057,1,41.2037037037037
cnn,R,best,1058,4,49.53703703703704
cnn,R,best,1059,2,32.407407407407405
cnn,R,best,1060,2,35.64814814814815
cnn,R,best,1061,0,37.96296296296296
cnn,R,best,1062,4,41.666666666666664
cnn,R,best,1063,2,57.40740740740741
cnn,R,best,1064,1,49.07407407407408
cnn,R,best,1065,1,49.53703703703704
cnn,R,best,1066,4,48.14814814814815
cnn,R,best,1067,4,37.03703703703704
cnn,R,best,1068,0,43.98148148148149
cnn,R,best,1069,4,38.888888888888886
cnn,R,best,1070,2,35.18518518518518
cnn,R,best,1071,2,40.74074074074075
cnn,R,best,1072,3,47.68518518518518
cnn,R,best,1073,4,40.74074074074074
cnn,R,best,1074,4,30.555555555555554
cnn,R,best,1075,1,35.648148148148145
cnn,R,best,1076,4,37.28956228956229
cnn,R,best,1077,3,39.35185185185185
cnn,R,best,1078,1,48.14814814814815
cnn,R,best,1079,2,38.425925925925924
cnn,R,best,1080,3,51.85185185185185
cnn,R,best,1081,2,50.0
cnn,R,best,1082,2,25.462962962962962
cnn,R,best,1083,2,46.75925925925926
cnn,R,best,1084,4,28.703703703703706
cnn,R,best,1085,0,56.944444444444436
cnn,R,best,1086,0,47.68518518518518
cnn,R,best,1087,0,27.314814814814813
cnn,R,best,1088,2,37.03703703703703
cnn,R,best,1089,0,46.75925925925927
cnn,R,best,1090,1,51.388888888888886
cnn,R,best,1091,1,34.722222222222214
cnn,C,best,1001,1,22.685185185185187
cnn,C,best,1002,3,40.36195286195286
cnn,C,best,1003,4,41.2037037037037
cnn,C,best,1004,1,43.05555555555555
cnn,C,best,1005,1,36.111111111111114
cnn,C,best,1006,3,36.111111111111114
cnn,C,best,1007,2,36.11111111111111
cnn,C,best,1008,2,30.3030303030303
cnn,C,best,1009,3,56.56565656565656
cnn,C,best,1010,0,50.925925925925924
cnn,C,best,1011,0,48.14814814814815
cnn,C,best,1012,3,40.27777777777778
cnn,C,best,1013,0,57.070707070707066
cnn,C,best,1014,3,49.53703703703704
cnn,C,best,1015,3,35.18518518518518
cnn,C,best,1016,4,40.27777777777778
cnn,C,best,1017,1,35.85858585858586
cnn,C,best,1018,1,54.629629629629626
cnn,C,best,1019,0,44.444444444444436
cnn,C,best,1020,0,47.68518518518518
cnn,C,best,1021,3,40.27777777777778
cnn,C,best,1022,1,40.27777777777778
cnn,C,best,1023,3,39.351851851851855
cnn,C,best,1024,2,31.944444444444446
cnn,C,best,1025,0,31.01851851851852
cnn,C,best,1026,4,47.68518518518519
cnn,C,best,1027,3,56.018518518518526
cnn,C,best,1028,1,43.05555555555555
cnn,C,best,1029,1,42.129629629629626
cnn,C,best,1030,0,52.77777777777778
cnn,C,best,1031,2,28.703703703703706
cnn,C,best,1032,0,40.27777777777778
cnn,C,best,1033,3,47.22222222222222
cnn,C,best,1034,0,49.537037037037045
cnn,C,best,1035,4,42.5925925925926
cnn,C,best,1036,3,31.94444444444444
cnn,C,best,1037,3,48.61111111111112
cnn,C,best,1038,0,56.94444444444445
cnn,C,best,1039,4,42.59259259259259
cnn,C,best,1040,1,42.55050505050505
cnn,C,best,1041,1,45.833333333333336
cnn,C,best,1042,4,31.01851851851852
cnn,C,best,1043,4,52.77777777777778
cnn,C,best,1044,2,46.75925925925927
cnn,C,best,1045,0,43.055555555555564
cnn,C,best,1046,2,39.351851851851855
cnn,C,best,1047,1,51.85185185185185
cnn,C,best,1048,2,51.85185185185185
cnn,C,best,1049,3,50.925925925925924
cnn,C,best,1050,2,50.0
cnn,C,best,1051,3,53.24074074074074
cnn,C,best,1052,0,39.81481481481482
cnn,C,best,1053,0,53.7037037037037
cnn,C,best,1054,4,27.314814814814813
cnn,C,best,1055,1,46.296296296296305
cnn,C,best,1056,2,43.51851851851851
cnn,C,best,1057,1,39.351851851851855
cnn,C,best,1058,4,46.2962962962963
cnn,C,best,1059,2,30.09259259259259
cnn,C,best,1060,2,31.48148148148148
cnn,C,best,1061,0,38.425925925925924
cnn,C,best,1062,4,42.592592592592595
cnn,C,best,1063,2,52.77777777777777
cnn,C,best,1064,1,47.22222222222222
cnn,C,best,1065,1,49.53703703703704
cnn,C,best,1066,4,45.833333333333336
cnn,C,best,1067,4,34.72222222222222
cnn,C,best,1068,0,43.05555555555555
cnn,C,best,1069,4,32.870370370370374
cnn,C,best,1070,2,43.98148148148149
cnn,C,best,1071,2,34.25925925925926
cnn,C,best,1072,3,46.2962962962963
cnn,C,best,1073,4,39.81481481481482
cnn,C,best,1074,4,29.62962962962963
cnn,C,best,1075,1,37.03703703703704
cnn,C,best,1076,4,38.341750841750844
cnn,C,best,1077,3,40.27777777777777
cnn,C,best,1078,1,46.75925925925926
cnn,C,best,1079,2,37.037037037037045
cnn,C,best,1080,3,55.09259259259259
cnn,C,best,1081,2,50.0
cnn,C,best,1082,2,24.074074074074076
cnn,C,best,1083,2,44.444444444444436
cnn,C,best,1084,4,33.7962962962963
cnn,C,best,1085,0,58.333333333333336
cnn,C,best,1086,0,42.12962962962964
cnn,C,best,1087,0,28.703703703703706
cnn,C,best,1088,2,45.370370370370374
cnn,C,best,1089,0,52.31481481481482
cnn,C,best,1090,1,50.925925925925924
cnn,C,best,1091,1,37.03703703703704
cnn,U,last,1001,1,26.388888888888886
cnn,U,last,1002,3,38.468013468013474
cnn,U,last,1003,4,49.53703703703704
cnn,U,last,1004,1,47.22222222222223
cnn,U,last,1005,1,35.18518518518518
cnn,U,last,1006,3,34.090909090909086
cnn,U,last,1007,2,40.27777777777778
cnn,U,last,1008,2,29.797979797979803
cnn,U,last,1009,3,52.02020202020202
cnn,U,last,1010,0,46.75925925925926
cnn,U,last,1011,0,52.31481481481482
cnn,U,last,1012,3,42.12962962962963
cnn,U,last,1013,0,51.97811447811447
cnn,U,last,1014,3,50.0
cnn,U,last,1015,3,43.98148148148149
cnn,U,last,1016,4,41.66666666666667
cnn,U,last,1017,1,38.804713804713806
cnn,U,last,1018,1,56.944444444444436
cnn,U,last,1019,0,42.424242424242415
cnn,U,last,1020,0,51.38888888888889
cnn,U,last,1021,3,43.05555555555555
cnn,U,last,1022,1,41.666666666666664
cnn,U,last,1023,3,37.962962962962955
cnn,U,last,1024,2,35.18518518518518
cnn,U,last,1025,0,40.27777777777778
cnn,U,last,1026,4,55.555555555555564
cnn,U,last,1027,3,55.55555555555555
cnn,U,last,1028,1,44.44444444444445
cnn,U,last,1029,1,39.81481481481482
cnn,U,last,1030,0,52.31481481481482
cnn,U,last,1031,2,36.11111111111111
cnn,U,last,1032,0,48.14814814814815
cnn,U,last,1033,3,46.2962962962963
cnn,U,last,1034,0,47.68518518518518
cnn,U,last,1035,4,47.68518518518518
cnn,U,last,1036,3,31.944444444444443
cnn,U,last,1037,3,56.018518518518526
cnn,U,last,1038,0,51.38888888888889
cnn,U,last,1039,4,44.90740740740741
cnn,U,last,1040,1,44.823232323232325
cnn,U,last,1041,1,50.925925925925924
cnn,U,last,1042,4,35.18518518518518
cnn,U,last,1043,4,57.40740740740741
cnn,U,last,1044,2,49.99999999999999
cnn,U,last,1045,0,52.31481481481482
cnn,U,last,1046,2,40.27777777777778
cnn,U,last,1047,1,54.166666666666664
cnn,U,last,1048,2,50.46296296296296
cnn,U,last,1049,3,42.129629629629626
cnn,U,last,1050,2,52.77777777777777
cnn,U,last,1051,3,56.01851851851851
cnn,U,last,1052,0,39.351851851851855
cnn,U,last,1053,0,47.68518518518518
cnn,U,last,1054,4,30.555555555555557
cnn,U,last,1055,1,47.68518518518518
cnn,U,last,1056,2,48.61111111111111
cnn,U,last,1057,1,43.51851851851851
cnn,U,last,1058,4,47.68518518518518
cnn,U,last,1059,2,35.648148148148145
cnn,U,last,1060,2,36.574074074074076
cnn,U,last,1061,0,42.12962962962963
cnn,U,last,1062,4,45.37037037037036
cnn,U,last,1063,2,50.925925925925924
cnn,U,last,1064,1,50.925925925925924
cnn,U,last,1065,1,50.0
cnn,U,last,1066,4,49.53703703703703
cnn,U,last,1067,4,35.18518518518518
cnn,U,last,1068,0,47.22222222222223
cnn,U,last,1069,4,38.88888888888889
cnn,U,last,1070,2,38.88888888888889
cnn,U,last,1071,2,37.03703703703704
cnn,U,last,1072,3,39.351851851851855
cnn,U,last,1073,4,40.74074074074075
cnn,U,last,1074,4,32.87037037037037
cnn,U,last,1075,1,35.18518518518518
cnn,U,last,1076,4,41.32996632996633
cnn,U,last,1077,3,35.64814814814814
cnn,U,last,1078,1,50.0
cnn,U,last,1079,2,46.2962962962963
cnn,U,last,1080,3,53.7037037037037
cnn,U,last,1081,2,50.0
cnn,U,last,1082,2,25.462962962962965
cnn,U,last,1083,2,44.44444444444445
cnn,U,last,1084,4,35.18518518518519
cnn,U,last,1085,0,54.629629629629626
cnn,U,last,1086,0,42.129629629629626
cnn,U,last,1087,0,31.01851851851852
cnn,U,last,1088,2,39.351851851851855
cnn,U,last,1089,0,48.148148148148145
cnn,U,last,1090,1,50.462962962962955
cnn,U,last,1091,1,40.27777777777778
cnn,R,last,1001,1,22.685185185185187
cnn,R,last,1002,3,37.54208754208754
cnn,R,last,1003,4,45.37037037037036
cnn,R,last,1004,1,46.2962962962963
cnn,R,last,1005,1,36.57407407407408
cnn,R,last,1006,3,36.95286195286195
cnn,R,last,1007,2,46.2962962962963
cnn,R,last,1008,2,24.24242424242424
cnn,R,last,1009,3,46.46464646464646
cnn,R,last,1010,0,50.0
cnn,R,last,1011,0,50.925925925925924
cnn,R,last,1012,3,41.666666666666664
cnn,R,last,1013,0,52.10437710437711
cnn,R,last,1014,3,48.611111111111114
cnn,R,last,1015,3,40.74074074074074
cnn,R,last,1016,4,38.42592592592593
cnn,R,last,1017,1,37.41582491582491
cnn,R,last,1018,1,56.48148148148149
cnn,R,last,1019,0,35.858585858585855
cnn,R,last,1020,0,59.72222222222222
cnn,R,last,1021,3,44.90740740740741
cnn,R,last,1022,1,41.203703703703695
cnn,R,last,1023,3,37.5
cnn,R,last,1024,2,44.444444444444436
cnn,R,last,1025,0,34.25925925925925
cnn,R,last,1026,4,56.48148148148149
cnn,R,last,1027,3,53.703703703703695
cnn,R,last,1028,1,47.68518518518518
cnn,R,last,1029,1,43.98148148148149
cnn,R,last,1030,0,47.68518518518519
cnn,R,last,1031,2,37.96296296296296
cnn,R,last,1032,0,44.90740740740741
cnn,R,last,1033,3,42.129629629629626
cnn,R,last,1034,0,50.925925925925924
cnn,R,last,1035,4,53.24074074074074
cnn,R,last,1036,3,33.7962962962963
cnn,R,last,1037,3,53.7037037037037
cnn,R,last,1038,0,56.944444444444436
cnn,R,last,1039,4,45.833333333333336
cnn,R,last,1040,1,46.75925925925926
cnn,R,last,1041,1,50.925925925925924
cnn,R,last,1042,4,34.25925925925926
cnn,R,last,1043,4,55.0925925925926
cnn,R,last,1044,2,47.68518518518519
cnn,R,last,1045,0,50.925925925925924
cnn,R,last,1046,2,46.296296296296305
cnn,R,last,1047,1,56.94444444444445
cnn,R,last,1048,2,45.37037037037036
cnn,R,last,1049,3,44.90740740740741
cnn,R,last,1050,2,52.77777777777778
cnn,R,last,1051,3,57.870370370370374
cnn,R,last,1052,0,39.351851851851855
cnn,R,last,1053,0,48.61111111111111
cnn,R,last,1054,4,27.777777777777775
cnn,R,last,1055,1,49.074074074074076
cnn,R,last,1056,2,43.518518518518526
cnn,R,last,1057,1,35.18518518518518
cnn,R,last,1058,4,54.629629629629626
cnn,R,last,1059,2,34.25925925925926
cnn,R,last,1060,2,40.74074074074074
cnn,R,last,1061,0,49.074074074074076
cnn,R,last,1062,4,43.981481481481474
cnn,R,last,1063,2,55.555555555555564
cnn,R,last,1064,1,48.14814814814815
cnn,R,last,1065,1,51.85185185185185
cnn,R,last,1066,4,50.46296296296296
cnn,R,last,1067,4,39.81481481481481
cnn,R,last,1068,0,44.9074074074074
cnn,R,last,1069,4,36.574074074074076
cnn,R,last,1070,2,31.018518518518523
cnn,R,last,1071,2,40.74074074074075
cnn,R,last,1072,3,43.05555555555555
cnn,R,last,1073,4,43.98148148148149
cnn,R,last,1074,4,33.7962962962963
cnn,R,last,1075,1,33.333333333333336
cnn,R,last,1076,4,38.76262626262626
cnn,R,last,1077,3,39.81481481481481
cnn,R,last,1078,1,49.53703703703704
cnn,R,last,1079,2,35.648148148148145
cnn,R,last,1080,3,52.77777777777777
cnn,R,last,1081,2,58.333333333333336
cnn,R,last,1082,2,22.222222222222225
cnn,R,last,1083,2,48.14814814814815
cnn,R,last,1084,4,31.48148148148148
cnn,R,last,1085,0,55.55555555555555
cnn,R,last,1086,0,41.20370370370371
cnn,R,last,1087,0,33.333333333333336
cnn,R,last,1088,2,40.74074074074075
cnn,R,last,1089,0,39.351851851851855
cnn,R,last,1090,1,50.46296296296297
cnn,R,last,1091,1,40.74074074074074
cnn,C,last,1001,1,25.462962962962962
cnn,C,last,1002,3,35.73232323232323
cnn,C,last,1003,4,37.96296296296297
cnn,C,last,1004,1,38.88888888888889
cnn,C,last,1005,1,35.648148148148145
cnn,C,last,1006,3,39.141414141414145
cnn,C,last,1007,2,39.81481481481481
cnn,C,last,1008,2,26.262626262626267
cnn,C,last,1009,3,53.53535353535354
cnn,C,last,1010,0,51.388888888888886
cnn,C,last,1011,0,51.388888888888886
cnn,C,last,1012,3,42.59259259259259
cnn,C,last,1013,0,55.09259259259259
cnn,C,last,1014,3,50.46296296296296
cnn,C,last,1015,3,38.888888888888886
cnn,C,last,1016,4,43.98148148148149
cnn,C,last,1017,1,37.24747474747475
cnn,C,last,1018,1,61.574074074074076
cnn,C,last,1019,0,41.91919191919191
cnn,C,last,1020,0,55.555555555555564
cnn,C,last,1021,3,43.055555555555564
cnn,C,last,1022,1,43.98148148148149
cnn,C,last,1023,3,38.888888888888886
cnn,C,last,1024,2,37.50000000000001
cnn,C,last,1025,0,33.333333333333336
cnn,C,last,1026,4,53.7037037037037
cnn,C,last,1027,3,54.166666666666664
cnn,C,last,1028,1,43.98148148148149
cnn,C,last,1029,1,38.888888888888886
cnn,C,last,1030,0,54.166666666666664
cnn,C,last,1031,2,31.481481481481477
cnn,C,last,1032,0,44.90740740740741
cnn,C,last,1033,3,43.51851851851851
cnn,C,last,1034,0,54.629629629629626
cnn,C,last,1035,4,51.38888888888889
cnn,C,last,1036,3,33.7962962962963
cnn,C,last,1037,3,54.629629629629626
cnn,C,last,1038,0,55.09259259259259
cnn,C,last,1039,4,46.2962962962963
cnn,C,last,1040,1,42.97138047138048
cnn,C,last,1041,1,43.98148148148149
cnn,C,last,1042,4,34.25925925925925
cnn,C,last,1043,4,51.85185185185185
cnn,C,last,1044,2,45.370370370370374
cnn,C,last,1045,0,45.37037037037038
cnn,C,last,1046,2,43.51851851851851
cnn,C,last,1047,1,52.77777777777778
cnn,C,last,1048,2,47.22222222222222
cnn,C,last,1049,3,50.0
cnn,C,last,1050,2,47.68518518518518
cnn,C,last,1051,3,57.40740740740741
cnn,C,last,1052,0,42.5925925925926
cnn,C,last,1053,0,52.31481481481481
cnn,C,last,1054,4,26.85185185185185
cnn,C,last,1055,1,42.129629629629626
cnn,C,last,1056,2,40.74074074074074
cnn,C,last,1057,1,40.74074074074074
cnn,C,last,1058,4,44.90740740740741
cnn,C,last,1059,2,31.481481481481485
cnn,C,last,1060,2,38.425925925925924
cnn,C,last,1061,0,45.37037037037036
cnn,C,last,1062,4,39.351851851851855
cnn,C,last,1063,2,56.01851851851851
cnn,C,last,1064,1,51.388888888888886
cnn,C,last,1065,1,52.31481481481482
cnn,C,last,1066,4,48.61111111111111
cnn,C,last,1067,4,37.96296296296296
cnn,C,last,1068,0,44.90740740740741
cnn,C,last,1069,4,36.111111111111114
cnn,C,last,1070,2,41.66666666666668
cnn,C,last,1071,2,38.88888888888889
cnn,C,last,1072,3,40.74074074074074
cnn,C,last,1073,4,39.351851851851855
cnn,C,last,1074,4,32.870370370370374
cnn,C,last,1075,1,33.7962962962963
cnn,C,last,1076,4,38.97306397306398
cnn,C,last,1077,3,37.96296296296296
cnn,C,last,1078,1,48.61111111111111
cnn,C,last,1079,2,36.574074074074076
cnn,C,last,1080,3,53.7037037037037
cnn,C,last,1081,2,50.925925925925924
cnn,C,last,1082,2,21.759259259259256
cnn,C,last,1083,2,44.90740740740741
cnn,C,last,1084,4,37.96296296296296
cnn,C,last,1085,0,53.24074074074074
cnn,C,last,1086,0,42.129629629629626
cnn,C,last,1087,0,29.62962962962963
cnn,C,last,1088,2,39.81481481481481
cnn,C,last,1089,0,47.68518518518518
cnn,C,last,1090,1,50.925925925925924
cnn,C,last,1091,1,37.5
ridge_wavlm,U,best,1001,1,24.074074074074076
ridge_wavlm,U,best,1002,3,27.02020202020202
ridge_wavlm,U,best,1003,4,30.555555555555554
ridge_wavlm,U,best,1004,1,29.166666666666668
ridge_wavlm,U,best,1005,1,29.629629629629633
ridge_wavlm,U,best,1006,3,32.32323232323233
ridge_wavlm,U,best,1007,2,26.388888888888886
ridge_wavlm,U,best,1008,2,22.72727272727273
ridge_wavlm,U,best,1009,3,30.808080808080806
ridge_wavlm,U,best,1010,0,28.703703703703706
ridge_wavlm,U,best,1011,0,36.57407407407407
ridge_wavlm,U,best,1012,3,27.314814814814813
ridge_wavlm,U,best,1013,0,26.136363636363637
ridge_wavlm,U,best,1014,3,27.314814814814813
ridge_wavlm,U,best,1015,3,25.0
ridge_wavlm,U,best,1016,4,24.074074074074076
ridge_wavlm,U,best,1017,1,21.59090909090909
ridge_wavlm,U,best,1018,1,27.31481481481482
ridge_wavlm,U,best,1019,0,27.272727272727277
ridge_wavlm,U,best,1020,0,29.166666666666668
ridge_wavlm,U,best,1021,3,21.296296296296294
ridge_wavlm,U,best,1022,1,30.555555555555554
ridge_wavlm,U,best,1023,3,28.240740740740737
ridge_wavlm,U,best,1024,2,31.944444444444443
ridge_wavlm,U,best,1025,0,28.7037037037037
ridge_wavlm,U,best,1026,4,28.240740740740744
ridge_wavlm,U,best,1027,3,30.092592592592595
ridge_wavlm,U,best,1028,1,24.074074074074076
ridge_wavlm,U,best,1029,1,26.38888888888889
ridge_wavlm,U,best,1030,0,29.166666666666668
ridge_wavlm,U,best,1031,2,24.537037037037038
ridge_wavlm,U,best,1032,0,28.7037037037037
ridge_wavlm,U,best,1033,3,27.777777777777782
ridge_wavlm,U,best,1034,0,25.0
ridge_wavlm,U,best,1035,4,32.870370370370374
ridge_wavlm,U,best,1036,3,22.68518518518518
ridge_wavlm,U,best,1037,3,30.09259259259259
ridge_wavlm,U,best,1038,0,31.94444444444444
ridge_wavlm,U,best,1039,4,30.555555555555554
ridge_wavlm,U,best,1040,1,32.407407407407405
ridge_wavlm,U,best,1041,1,25.0
ridge_wavlm,U,best,1042,4,27.777777777777775
ridge_wavlm,U,best,1043,4,26.851851851851848
ridge_wavlm,U,best,1044,2,29.166666666666668
ridge_wavlm,U,best,1045,0,29.166666666666668
ridge_wavlm,U,best,1046,2,25.462962962962962
ridge_wavlm,U,best,1047,1,31.48148148148148
ridge_wavlm,U,best,1048,2,31.944444444444443
ridge_wavlm,U,best,1049,3,27.777777777777775
ridge_wavlm,U,best,1050,2,34.25925925925926
ridge_wavlm,U,best,1051,3,30.092592592592595
ridge_wavlm,U,best,1052,0,35.18518518518518
ridge_wavlm,U,best,1053,0,26.38888888888889
ridge_wavlm,U,best,1054,4,30.09259259259259
ridge_wavlm,U,best,1055,1,31.944444444444443
ridge_wavlm,U,best,1056,2,27.314814814814813
ridge_wavlm,U,best,1057,1,23.61111111111111
ridge_wavlm,U,best,1058,4,25.925925925925927
ridge_wavlm,U,best,1059,2,26.38888888888889
ridge_wavlm,U,best,1060,2,24.537037037037038
ridge_wavlm,U,best,1061,0,31.48148148148148
ridge_wavlm,U,best,1062,4,26.85185185185185
ridge_wavlm,U,best,1063,2,25.925925925925927
ridge_wavlm,U,best,1064,1,29.16666666666667
ridge_wavlm,U,best,1065,1,24.074074074074073
ridge_wavlm,U,best,1066,4,27.314814814814813
ridge_wavlm,U,best,1067,4,23.611111111111104
ridge_wavlm,U,best,1068,0,32.40740740740741
ridge_wavlm,U,best,1069,4,26.388888888888886
ridge_wavlm,U,best,1070,2,27.777777777777775
ridge_wavlm,U,best,1071,2,31.944444444444446
ridge_wavlm,U,best,1072,3,29.166666666666668
ridge_wavlm,U,best,1073,4,27.777777777777782
ridge_wavlm,U,best,1074,4,24.074074074074076
ridge_wavlm,U,best,1075,1,31.94444444444444
ridge_wavlm,U,best,1076,4,27.73569023569023
ridge_wavlm,U,best,1077,3,22.685185185185187
ridge_wavlm,U,best,1078,1,27.31481481481482
ridge_wavlm,U,best,1079,2,31.018518518518523
ridge_wavlm,U,best,1080,3,34.72222222222222
ridge_wavlm,U,best,1081,2,30.09259259259259
ridge_wavlm,U,best,1082,2,23.611111111111114
ridge_wavlm,U,best,1083,2,26.85185185185185
ridge_wavlm,U,best,1084,4,28.703703703703706
ridge_wavlm,U,best,1085,0,31.018518518518523
ridge_wavlm,U,best,1086,0,27.31481481481481
ridge_wavlm,U,best,1087,0,24.537037037037038
ridge_wavlm,U,best,1088,2,33.7962962962963
ridge_wavlm,U,best,1089,0,32.870370370370374
ridge_wavlm,U,best,1090,1,27.31481481481481
ridge_wavlm,U,best,1091,1,28.703703703703706
ridge_wavlm,R,best,1001,1,25.462962962962962
ridge_wavlm,R,best,1002,3,27.651515151515152
ridge_wavlm,R,best,1003,4,26.388888888888886
ridge_wavlm,R,best,1004,1,29.62962962962963
ridge_wavlm,R,best,1005,1,25.925925925925927
ridge_wavlm,R,best,1006,3,27.146464646464647
ridge_wavlm,R,best,1007,2,26.85185185185185
ridge_wavlm,R,best,1008,2,29.29292929292929
ridge_wavlm,R,best,1009,3,24.74747474747475
ridge_wavlm,R,best,1010,0,29.62962962962963
ridge_wavlm,R,best,1011,0,31.944444444444443
ridge_wavlm,R,best,1012,3,29.166666666666668
ridge_wavlm,R,best,1013,0,32.02861952861953
ridge_wavlm,R,best,1014,3,27.777777777777782
ridge_wavlm,R,best,1015,3,20.37037037037037
ridge_wavlm,R,best,1016,4,28.240740740740744
ridge_wavlm,R,best,1017,1,23.190235690235692
ridge_wavlm,R,best,1018,1,28.703703703703706
ridge_wavlm,R,best,1019,0,20.70707070707071
ridge_wavlm,R,best,1020,0,31.481481481481485
ridge_wavlm,R,best,1021,3,26.388888888888886
ridge_wavlm,R,best,1022,1,30.555555555555554
ridge_wavlm,R,best,1023,3,29.62962962962963
ridge_wavlm,R,best,1024,2,31.944444444444446
ridge_wavlm,R,best,1025,0,27.777777777777782
ridge_wavlm,R,best,1026,4,28.703703703703706
ridge_wavlm,R,best,1027,3,26.851851851851848
ridge_wavlm,R,best,1028,1,25.925925925925927
ridge_wavlm,R,best,1029,1,26.38888888888889
ridge_wavlm,R,best,1030,0,29.62962962962963
ridge_wavlm,R,best,1031,2,25.925925925925924
ridge_wavlm,R,best,1032,0,22.685185185185187
ridge_wavlm,R,best,1033,3,33.7962962962963
ridge_wavlm,R,best,1034,0,24.074074074074073
ridge_wavlm,R,best,1035,4,27.314814814814813
ridge_wavlm,R,best,1036,3,23.148148148148152
ridge_wavlm,R,best,1037,3,34.72222222222222
ridge_wavlm,R,best,1038,0,34.25925925925926
ridge_wavlm,R,best,1039,4,31.481481481481485
ridge_wavlm,R,best,1040,1,24.915824915824917
ridge_wavlm,R,best,1041,1,27.777777777777782
ridge_wavlm,R,best,1042,4,24.074074074074076
ridge_wavlm,R,best,1043,4,27.314814814814813
ridge_wavlm,R,best,1044,2,29.62962962962963
ridge_wavlm,R,best,1045,0,30.555555555555554
ridge_wavlm,R,best,1046,2,30.092592592592595
ridge_wavlm,R,best,1047,1,32.40740740740741
ridge_wavlm,R,best,1048,2,26.85185185185185
ridge_wavlm,R,best,1049,3,34.25925925925926
ridge_wavlm,R,best,1050,2,33.333333333333336
ridge_wavlm,R,best,1051,3,30.092592592592595
ridge_wavlm,R,best,1052,0,30.555555555555554
ridge_wavlm,R,best,1053,0,27.31481481481482
ridge_wavlm,R,best,1054,4,27.314814814814813
ridge_wavlm,R,best,1055,1,26.38888888888889
ridge_wavlm,R,best,1056,2,32.40740740740741
ridge_wavlm,R,best,1057,1,20.37037037037037
ridge_wavlm,R,best,1058,4,30.092592592592595
ridge_wavlm,R,best,1059,2,27.314814814814813
ridge_wavlm,R,best,1060,2,25.0
ridge_wavlm,R,best,1061,0,34.72222222222222
ridge_wavlm,R,best,1062,4,25.925925925925924
ridge_wavlm,R,best,1063,2,31.944444444444443
ridge_wavlm,R,best,1064,1,30.555555555555554
ridge_wavlm,R,best,1065,1,25.925925925925924
ridge_wavlm,R,best,1066,4,26.85185185185185
ridge_wavlm,R,best,1067,4,19.907407407407405
ridge_wavlm,R,best,1068,0,32.407407407407405
ridge_wavlm,R,best,1069,4,25.0
ridge_wavlm,R,best,1070,2,26.388888888888886
ridge_wavlm,R,best,1071,2,28.703703703703706
ridge_wavlm,R,best,1072,3,31.01851851851852
ridge_wavlm,R,best,1073,4,26.38888888888889
ridge_wavlm,R,best,1074,4,28.703703703703706
ridge_wavlm,R,best,1075,1,31.944444444444446
ridge_wavlm,R,best,1076,4,28.45117845117845
ridge_wavlm,R,best,1077,3,24.537037037037038
ridge_wavlm,R,best,1078,1,28.240740740740737
ridge_wavlm,R,best,1079,2,27.777777777777775
ridge_wavlm,R,best,1080,3,35.648148148148145
ridge_wavlm,R,best,1081,2,31.48148148148148
ridge_wavlm,R,best,1082,2,26.85185185185185
ridge_wavlm,R,best,1083,2,25.462962962962965
ridge_wavlm,R,best,1084,4,30.09259259259259
ridge_wavlm,R,best,1085,0,31.01851851851852
ridge_wavlm,R,best,1086,0,26.85185185185185
ridge_wavlm,R,best,1087,0,28.240740740740744
ridge_wavlm,R,best,1088,2,35.18518518518518
ridge_wavlm,R,best,1089,0,30.09259259259259
ridge_wavlm,R,best,1090,1,25.925925925925924
ridge_wavlm,R,best,1091,1,24.074074074074073
ridge_wavlm,C,best,1001,1,23.14814814814815
ridge_wavlm,C,best,1002,3,31.01851851851852
ridge_wavlm,C,best,1003,4,29.166666666666668
ridge_wavlm,C,best,1004,1,26.388888888888886
ridge_wavlm,C,best,1005,1,27.314814814814813
ridge_wavlm,C,best,1006,3,22.306397306397304
ridge_wavlm,C,best,1007,2,24.074074074074073
ridge_wavlm,C,best,1008,2,25.75757575757576
ridge_wavlm,C,best,1009,3,23.23232323232323
ridge_wavlm,C,best,1010,0,31.018518518518523
ridge_wavlm,C,best,1011,0,31.481481481481485
ridge_wavlm,C,best,1012,3,29.166666666666668
ridge_wavlm,C,best,1013,0,31.228956228956232
ridge_wavlm,C,best,1014,3,26.38888888888889
ridge_wavlm,C,best,1015,3,23.14814814814815
ridge_wavlm,C,best,1016,4,30.092592592592595
ridge_wavlm,C,best,1017,1,26.683501683501685
ridge_wavlm,C,best,1018,1,30.09259259259259
ridge_wavlm,C,best,1019,0,27.77777777777777
ridge_wavlm,C,best,1020,0,30.09259259259259
ridge_wavlm,C,best,1021,3,26.388888888888886
ridge_wavlm,C,best,1022,1,32.40740740740741
ridge_wavlm,C,best,1023,3,27.314814814814813
ridge_wavlm,C,best,1024,2,26.38888888888889
ridge_wavlm,C,best,1025,0,24.074074074074076
ridge_wavlm,C,best,1026,4,33.7962962962963
ridge_wavlm,C,best,1027,3,23.61111111111111
ridge_wavlm,C,best,1028,1,27.777777777777775
ridge_wavlm,C,best,1029,1,23.61111111111111
ridge_wavlm,C,best,1030,0,27.777777777777782
ridge_wavlm,C,best,1031,2,25.0
ridge_wavlm,C,best,1032,0,26.388888888888886
ridge_wavlm,C,best,1033,3,30.09259259259259
ridge_wavlm,C,best,1034,0,23.14814814814815
ridge_wavlm,C,best,1035,4,30.555555555555554
ridge_wavlm,C,best,1036,3,24.074074074074076
ridge_wavlm,C,best,1037,3,33.7962962962963
ridge_wavlm,C,best,1038,0,27.777777777777782
ridge_wavlm,C,best,1039,4,28.240740740740737
ridge_wavlm,C,best,1040,1,26.388888888888886
ridge_wavlm,C,best,1041,1,29.62962962962963
ridge_wavlm,C,best,1042,4,26.851851851851848
ridge_wavlm,C,best,1043,4,25.0
ridge_wavlm,C,best,1044,2,26.38888888888889
ridge_wavlm,C,best,1045,0,29.62962962962963
ridge_wavlm,C,best,1046,2,25.0
ridge_wavlm,C,best,1047,1,34.72222222222222
ridge_wavlm,C,best,1048,2,25.925925925925924
ridge_wavlm,C,best,1049,3,26.388888888888886
ridge_wavlm,C,best,1050,2,32.870370370370374
ridge_wavlm,C,best,1051,3,31.94444444444444
ridge_wavlm,C,best,1052,0,26.85185185185185
ridge_wavlm,C,best,1053,0,25.925925925925924
ridge_wavlm,C,best,1054,4,28.703703703703706
ridge_wavlm,C,best,1055,1,24.537037037037038
ridge_wavlm,C,best,1056,2,29.166666666666668
ridge_wavlm,C,best,1057,1,27.314814814814813
ridge_wavlm,C,best,1058,4,31.018518518518515
ridge_wavlm,C,best,1059,2,30.555555555555554
ridge_wavlm,C,best,1060,2,23.14814814814815
ridge_wavlm,C,best,1061,0,30.092592592592595
ridge_wavlm,C,best,1062,4,24.537037037037038
ridge_wavlm,C,best,1063,2,25.925925925925924
ridge_wavlm,C,best,1064,1,32.40740740740741
ridge_wavlm,C,best,1065,1,29.16666666666666
ridge_wavlm,C,best,1066,4,26.388888888888886
ridge_wavlm,C,best,1067,4,22.222222222222225
ridge_wavlm,C,best,1068,0,27.314814814814813
ridge_wavlm,C,best,1069,4,25.0
ridge_wavlm,C,best,1070,2,24.074074074074076
ridge_wavlm,C,best,1071,2,29.62962962962963
ridge_wavlm,C,best,1072,3,28.240740740740744
ridge_wavlm,C,best,1073,4,27.314814814814813
ridge_wavlm,C,best,1074,4,25.0
ridge_wavlm,C,best,1075,1,33.333333333333336
ridge_wavlm,C,best,1076,4,25.841750841750837
ridge_wavlm,C,best,1077,3,24.074074074074073
ridge_wavlm,C,best,1078,1,25.925925925925924
ridge_wavlm,C,best,1079,2,29.62962962962963
ridge_wavlm,C,best,1080,3,34.25925925925926
ridge_wavlm,C,best,1081,2,31.48148148148148
ridge_wavlm,C,best,1082,2,25.0
ridge_wavlm,C,best,1083,2,29.166666666666668
ridge_wavlm,C,best,1084,4,30.555555555555557
ridge_wavlm,C,best,1085,0,28.240740740740737
ridge_wavlm,C,best,1086,0,24.074074074074073
ridge_wavlm,C,best,1087,0,27.777777777777782
ridge_wavlm,C,best,1088,2,36.11111111111111
ridge_wavlm,C,best,1089,0,30.09259259259259
ridge_wavlm,C,best,1090,1,24.537037037037038
ridge_wavlm,C,best,1091,1,25.462962962962962
ridge_wavlm,U,last,1001,1,24.074074074074076
ridge_wavlm,U,last,1002,3,27.02020202020202
ridge_wavlm,U,last,1003,4,30.555555555555554
ridge_wavlm,U,last,1004,1,29.166666666666668
ridge_wavlm,U,last,1005,1,29.629629629629633
ridge_wavlm,U,last,1006,3,32.32323232323233
ridge_wavlm,U,last,1007,2,26.388888888888886
ridge_wavlm,U,last,1008,2,22.72727272727273
ridge_wavlm,U,last,1009,3,30.808080808080806
ridge_wavlm,U,last,1010,0,28.703703703703706
ridge_wavlm,U,last,1011,0,36.57407407407407
ridge_wavlm,U,last,1012,3,27.314814814814813
ridge_wavlm,U,last,1013,0,26.136363636363637
ridge_wavlm,U,last,1014,3,27.314814814814813
ridge_wavlm,U,last,1015,3,25.0
ridge_wavlm,U,last,1016,4,24.074074074074076
ridge_wavlm,U,last,1017,1,21.59090909090909
ridge_wavlm,U,last,1018,1,27.31481481481482
ridge_wavlm,U,last,1019,0,27.272727272727277
ridge_wavlm,U,last,1020,0,29.166666666666668
ridge_wavlm,U,last,1021,3,21.296296296296294
ridge_wavlm,U,last,1022,1,30.555555555555554
ridge_wavlm,U,last,1023,3,28.240740740740737
ridge_wavlm,U,last,1024,2,31.944444444444443
ridge_wavlm,U,last,1025,0,28.7037037037037
ridge_wavlm,U,last,1026,4,28.240740740740744
ridge_wavlm,U,last,1027,3,30.092592592592595
ridge_wavlm,U,last,1028,1,24.074074074074076
ridge_wavlm,U,last,1029,1,26.38888888888889
ridge_wavlm,U,last,1030,0,29.166666666666668
ridge_wavlm,U,last,1031,2,24.537037037037038
ridge_wavlm,U,last,1032,0,28.7037037037037
ridge_wavlm,U,last,1033,3,27.777777777777782
ridge_wavlm,U,last,1034,0,25.0
ridge_wavlm,U,last,1035,4,32.870370370370374
ridge_wavlm,U,last,1036,3,22.68518518518518
ridge_wavlm,U,last,1037,3,30.09259259259259
ridge_wavlm,U,last,1038,0,31.94444444444444
ridge_wavlm,U,last,1039,4,30.555555555555554
ridge_wavlm,U,last,1040,1,32.407407407407405
ridge_wavlm,U,last,1041,1,25.0
ridge_wavlm,U,last,1042,4,27.777777777777775
ridge_wavlm,U,last,1043,4,26.851851851851848
ridge_wavlm,U,last,1044,2,29.166666666666668
ridge_wavlm,U,last,1045,0,29.166666666666668
ridge_wavlm,U,last,1046,2,25.462962962962962
ridge_wavlm,U,last,1047,1,31.48148148148148
ridge_wavlm,U,last,1048,2,31.944444444444443
ridge_wavlm,U,last,1049,3,27.777777777777775
ridge_wavlm,U,last,1050,2,34.25925925925926
ridge_wavlm,U,last,1051,3,30.092592592592595
ridge_wavlm,U,last,1052,0,35.18518518518518
ridge_wavlm,U,last,1053,0,26.38888888888889
ridge_wavlm,U,last,1054,4,30.09259259259259
ridge_wavlm,U,last,1055,1,31.944444444444443
ridge_wavlm,U,last,1056,2,27.314814814814813
ridge_wavlm,U,last,1057,1,23.61111111111111
ridge_wavlm,U,last,1058,4,25.925925925925927
ridge_wavlm,U,last,1059,2,26.38888888888889
ridge_wavlm,U,last,1060,2,24.537037037037038
ridge_wavlm,U,last,1061,0,31.48148148148148
ridge_wavlm,U,last,1062,4,26.85185185185185
ridge_wavlm,U,last,1063,2,25.925925925925927
ridge_wavlm,U,last,1064,1,29.16666666666667
ridge_wavlm,U,last,1065,1,24.074074074074073
ridge_wavlm,U,last,1066,4,27.314814814814813
ridge_wavlm,U,last,1067,4,23.611111111111104
ridge_wavlm,U,last,1068,0,32.40740740740741
ridge_wavlm,U,last,1069,4,26.388888888888886
ridge_wavlm,U,last,1070,2,27.777777777777775
ridge_wavlm,U,last,1071,2,31.944444444444446
ridge_wavlm,U,last,1072,3,29.166666666666668
ridge_wavlm,U,last,1073,4,27.777777777777782
ridge_wavlm,U,last,1074,4,24.074074074074076
ridge_wavlm,U,last,1075,1,31.94444444444444
ridge_wavlm,U,last,1076,4,27.73569023569023
ridge_wavlm,U,last,1077,3,22.685185185185187
ridge_wavlm,U,last,1078,1,27.31481481481482
ridge_wavlm,U,last,1079,2,31.018518518518523
ridge_wavlm,U,last,1080,3,34.72222222222222
ridge_wavlm,U,last,1081,2,30.09259259259259
ridge_wavlm,U,last,1082,2,23.611111111111114
ridge_wavlm,U,last,1083,2,26.85185185185185
ridge_wavlm,U,last,1084,4,28.703703703703706
ridge_wavlm,U,last,1085,0,31.018518518518523
ridge_wavlm,U,last,1086,0,27.31481481481481
ridge_wavlm,U,last,1087,0,24.537037037037038
ridge_wavlm,U,last,1088,2,33.7962962962963
ridge_wavlm,U,last,1089,0,32.870370370370374
ridge_wavlm,U,last,1090,1,27.31481481481481
ridge_wavlm,U,last,1091,1,28.703703703703706
ridge_wavlm,R,last,1001,1,25.462962962962962
ridge_wavlm,R,last,1002,3,27.651515151515152
ridge_wavlm,R,last,1003,4,26.388888888888886
ridge_wavlm,R,last,1004,1,29.62962962962963
ridge_wavlm,R,last,1005,1,25.925925925925927
ridge_wavlm,R,last,1006,3,27.146464646464647
ridge_wavlm,R,last,1007,2,26.85185185185185
ridge_wavlm,R,last,1008,2,29.29292929292929
ridge_wavlm,R,last,1009,3,24.74747474747475
ridge_wavlm,R,last,1010,0,29.62962962962963
ridge_wavlm,R,last,1011,0,31.944444444444443
ridge_wavlm,R,last,1012,3,29.166666666666668
ridge_wavlm,R,last,1013,0,32.02861952861953
ridge_wavlm,R,last,1014,3,27.777777777777782
ridge_wavlm,R,last,1015,3,20.37037037037037
ridge_wavlm,R,last,1016,4,28.240740740740744
ridge_wavlm,R,last,1017,1,23.190235690235692
ridge_wavlm,R,last,1018,1,28.703703703703706
ridge_wavlm,R,last,1019,0,20.70707070707071
ridge_wavlm,R,last,1020,0,31.481481481481485
ridge_wavlm,R,last,1021,3,26.388888888888886
ridge_wavlm,R,last,1022,1,30.555555555555554
ridge_wavlm,R,last,1023,3,29.62962962962963
ridge_wavlm,R,last,1024,2,31.944444444444446
ridge_wavlm,R,last,1025,0,27.777777777777782
ridge_wavlm,R,last,1026,4,28.703703703703706
ridge_wavlm,R,last,1027,3,26.851851851851848
ridge_wavlm,R,last,1028,1,25.925925925925927
ridge_wavlm,R,last,1029,1,26.38888888888889
ridge_wavlm,R,last,1030,0,29.62962962962963
ridge_wavlm,R,last,1031,2,25.925925925925924
ridge_wavlm,R,last,1032,0,22.685185185185187
ridge_wavlm,R,last,1033,3,33.7962962962963
ridge_wavlm,R,last,1034,0,24.074074074074073
ridge_wavlm,R,last,1035,4,27.314814814814813
ridge_wavlm,R,last,1036,3,23.148148148148152
ridge_wavlm,R,last,1037,3,34.72222222222222
ridge_wavlm,R,last,1038,0,34.25925925925926
ridge_wavlm,R,last,1039,4,31.481481481481485
ridge_wavlm,R,last,1040,1,24.915824915824917
ridge_wavlm,R,last,1041,1,27.777777777777782
ridge_wavlm,R,last,1042,4,24.074074074074076
ridge_wavlm,R,last,1043,4,27.314814814814813
ridge_wavlm,R,last,1044,2,29.62962962962963
ridge_wavlm,R,last,1045,0,30.555555555555554
ridge_wavlm,R,last,1046,2,30.092592592592595
ridge_wavlm,R,last,1047,1,32.40740740740741
ridge_wavlm,R,last,1048,2,26.85185185185185
ridge_wavlm,R,last,1049,3,34.25925925925926
ridge_wavlm,R,last,1050,2,33.333333333333336
ridge_wavlm,R,last,1051,3,30.092592592592595
ridge_wavlm,R,last,1052,0,30.555555555555554
ridge_wavlm,R,last,1053,0,27.31481481481482
ridge_wavlm,R,last,1054,4,27.314814814814813
ridge_wavlm,R,last,1055,1,26.38888888888889
ridge_wavlm,R,last,1056,2,32.40740740740741
ridge_wavlm,R,last,1057,1,20.37037037037037
ridge_wavlm,R,last,1058,4,30.092592592592595
ridge_wavlm,R,last,1059,2,27.314814814814813
ridge_wavlm,R,last,1060,2,25.0
ridge_wavlm,R,last,1061,0,34.72222222222222
ridge_wavlm,R,last,1062,4,25.925925925925924
ridge_wavlm,R,last,1063,2,31.944444444444443
ridge_wavlm,R,last,1064,1,30.555555555555554
ridge_wavlm,R,last,1065,1,25.925925925925924
ridge_wavlm,R,last,1066,4,26.85185185185185
ridge_wavlm,R,last,1067,4,19.907407407407405
ridge_wavlm,R,last,1068,0,32.407407407407405
ridge_wavlm,R,last,1069,4,25.0
ridge_wavlm,R,last,1070,2,26.388888888888886
ridge_wavlm,R,last,1071,2,28.703703703703706
ridge_wavlm,R,last,1072,3,31.01851851851852
ridge_wavlm,R,last,1073,4,26.38888888888889
ridge_wavlm,R,last,1074,4,28.703703703703706
ridge_wavlm,R,last,1075,1,31.944444444444446
ridge_wavlm,R,last,1076,4,28.45117845117845
ridge_wavlm,R,last,1077,3,24.537037037037038
ridge_wavlm,R,last,1078,1,28.240740740740737
ridge_wavlm,R,last,1079,2,27.777777777777775
ridge_wavlm,R,last,1080,3,35.648148148148145
ridge_wavlm,R,last,1081,2,31.48148148148148
ridge_wavlm,R,last,1082,2,26.85185185185185
ridge_wavlm,R,last,1083,2,25.462962962962965
ridge_wavlm,R,last,1084,4,30.09259259259259
ridge_wavlm,R,last,1085,0,31.01851851851852
ridge_wavlm,R,last,1086,0,26.85185185185185
ridge_wavlm,R,last,1087,0,28.240740740740744
ridge_wavlm,R,last,1088,2,35.18518518518518
ridge_wavlm,R,last,1089,0,30.09259259259259
ridge_wavlm,R,last,1090,1,25.925925925925924
ridge_wavlm,R,last,1091,1,24.074074074074073
ridge_wavlm,C,last,1001,1,23.14814814814815
ridge_wavlm,C,last,1002,3,31.01851851851852
ridge_wavlm,C,last,1003,4,29.166666666666668
ridge_wavlm,C,last,1004,1,26.388888888888886
ridge_wavlm,C,last,1005,1,27.314814814814813
ridge_wavlm,C,last,1006,3,22.306397306397304
ridge_wavlm,C,last,1007,2,24.074074074074073
ridge_wavlm,C,last,1008,2,25.75757575757576
ridge_wavlm,C,last,1009,3,23.23232323232323
ridge_wavlm,C,last,1010,0,31.018518518518523
ridge_wavlm,C,last,1011,0,31.481481481481485
ridge_wavlm,C,last,1012,3,29.166666666666668
ridge_wavlm,C,last,1013,0,31.228956228956232
ridge_wavlm,C,last,1014,3,26.38888888888889
ridge_wavlm,C,last,1015,3,23.14814814814815
ridge_wavlm,C,last,1016,4,30.092592592592595
ridge_wavlm,C,last,1017,1,26.683501683501685
ridge_wavlm,C,last,1018,1,30.09259259259259
ridge_wavlm,C,last,1019,0,27.77777777777777
ridge_wavlm,C,last,1020,0,30.09259259259259
ridge_wavlm,C,last,1021,3,26.388888888888886
ridge_wavlm,C,last,1022,1,32.40740740740741
ridge_wavlm,C,last,1023,3,27.314814814814813
ridge_wavlm,C,last,1024,2,26.38888888888889
ridge_wavlm,C,last,1025,0,24.074074074074076
ridge_wavlm,C,last,1026,4,33.7962962962963
ridge_wavlm,C,last,1027,3,23.61111111111111
ridge_wavlm,C,last,1028,1,27.777777777777775
ridge_wavlm,C,last,1029,1,23.61111111111111
ridge_wavlm,C,last,1030,0,27.777777777777782
ridge_wavlm,C,last,1031,2,25.0
ridge_wavlm,C,last,1032,0,26.388888888888886
ridge_wavlm,C,last,1033,3,30.09259259259259
ridge_wavlm,C,last,1034,0,23.14814814814815
ridge_wavlm,C,last,1035,4,30.555555555555554
ridge_wavlm,C,last,1036,3,24.074074074074076
ridge_wavlm,C,last,1037,3,33.7962962962963
ridge_wavlm,C,last,1038,0,27.777777777777782
ridge_wavlm,C,last,1039,4,28.240740740740737
ridge_wavlm,C,last,1040,1,26.388888888888886
ridge_wavlm,C,last,1041,1,29.62962962962963
ridge_wavlm,C,last,1042,4,26.851851851851848
ridge_wavlm,C,last,1043,4,25.0
ridge_wavlm,C,last,1044,2,26.38888888888889
ridge_wavlm,C,last,1045,0,29.62962962962963
ridge_wavlm,C,last,1046,2,25.0
ridge_wavlm,C,last,1047,1,34.72222222222222
ridge_wavlm,C,last,1048,2,25.925925925925924
ridge_wavlm,C,last,1049,3,26.388888888888886
ridge_wavlm,C,last,1050,2,32.870370370370374
ridge_wavlm,C,last,1051,3,31.94444444444444
ridge_wavlm,C,last,1052,0,26.85185185185185
ridge_wavlm,C,last,1053,0,25.925925925925924
ridge_wavlm,C,last,1054,4,28.703703703703706
ridge_wavlm,C,last,1055,1,24.537037037037038
ridge_wavlm,C,last,1056,2,29.166666666666668
ridge_wavlm,C,last,1057,1,27.314814814814813
ridge_wavlm,C,last,1058,4,31.018518518518515
ridge_wavlm,C,last,1059,2,30.555555555555554
ridge_wavlm,C,last,1060,2,23.14814814814815
ridge_wavlm,C,last,1061,0,30.092592592592595
ridge_wavlm,C,last,1062,4,24.537037037037038
ridge_wavlm,C,last,1063,2,25.925925925925924
ridge_wavlm,C,last,1064,1,32.40740740740741
ridge_wavlm,C,last,1065,1,29.16666666666666
ridge_wavlm,C,last,1066,4,26.388888888888886
ridge_wavlm,C,last,1067,4,22.222222222222225
ridge_wavlm,C,last,1068,0,27.314814814814813
ridge_wavlm,C,last,1069,4,25.0
ridge_wavlm,C,last,1070,2,24.074074074074076
ridge_wavlm,C,last,1071,2,29.62962962962963
ridge_wavlm,C,last,1072,3,28.240740740740744
ridge_wavlm,C,last,1073,4,27.314814814814813
ridge_wavlm,C,last,1074,4,25.0
ridge_wavlm,C,last,1075,1,33.333333333333336
ridge_wavlm,C,last,1076,4,25.841750841750837
ridge_wavlm,C,last,1077,3,24.074074074074073
ridge_wavlm,C,last,1078,1,25.925925925925924
ridge_wavlm,C,last,1079,2,29.62962962962963
ridge_wavlm,C,last,1080,3,34.25925925925926
ridge_wavlm,C,last,1081,2,31.48148148148148
ridge_wavlm,C,last,1082,2,25.0
ridge_wavlm,C,last,1083,2,29.166666666666668
ridge_wavlm,C,last,1084,4,30.555555555555557
ridge_wavlm,C,last,1085,0,28.240740740740737
ridge_wavlm,C,last,1086,0,24.074074074074073
ridge_wavlm,C,last,1087,0,27.777777777777782
ridge_wavlm,C,last,1088,2,36.11111111111111
ridge_wavlm,C,last,1089,0,30.09259259259259
ridge_wavlm,C,last,1090,1,24.537037037037038
ridge_wavlm,C,last,1091,1,25.462962962962962
wavlm_ft,U,best,1001,1,41.666666666666664
wavlm_ft,U,best,1002,3,57.82828282828283
wavlm_ft,U,best,1003,4,53.472222222222214
wavlm_ft,U,best,1004,1,63.8888888888889
wavlm_ft,U,best,1005,1,55.55555555555556
wavlm_ft,U,best,1006,3,59.53282828282829
wavlm_ft,U,best,1007,2,51.388888888888886
wavlm_ft,U,best,1008,2,39.39393939393939
wavlm_ft,U,best,1009,3,56.06060606060606
wavlm_ft,U,best,1010,0,62.5
wavlm_ft,U,best,1011,0,59.02777777777778
wavlm_ft,U,best,1012,3,54.166666666666664
wavlm_ft,U,best,1013,0,59.722222222222214
wavlm_ft,U,best,1014,3,74.30555555555556
wavlm_ft,U,best,1015,3,59.02777777777778
wavlm_ft,U,best,1016,4,52.08333333333333
wavlm_ft,U,best,1017,1,36.48989898989899
wavlm_ft,U,best,1018,1,71.52777777777779
wavlm_ft,U,best,1019,0,55.30303030303031
wavlm_ft,U,best,1020,0,65.27777777777779
wavlm_ft,U,best,1021,3,44.44444444444444
wavlm_ft,U,best,1022,1,57.63888888888889
wavlm_ft,U,best,1023,3,52.08333333333334
wavlm_ft,U,best,1024,2,49.30555555555556
wavlm_ft,U,best,1025,0,50.0
wavlm_ft,U,best,1026,4,58.333333333333336
wavlm_ft,U,best,1027,3,54.8611111111111
wavlm_ft,U,best,1028,1,65.27777777777777
wavlm_ft,U,best,1029,1,49.30555555555556
wavlm_ft,U,best,1030,0,56.25
wavlm_ft,U,best,1031,2,33.33333333333333
wavlm_ft,U,best,1032,0,47.22222222222223
wavlm_ft,U,best,1033,3,69.44444444444444
wavlm_ft,U,best,1034,0,47.91666666666667
wavlm_ft,U,best,1035,4,58.33333333333333
wavlm_ft,U,best,1036,3,35.416666666666664
wavlm_ft,U,best,1037,3,69.44444444444444
wavlm_ft,U,best,1038,0,65.27777777777777
wavlm_ft,U,best,1039,4,62.5
wavlm_ft,U,best,1040,1,63.57323232323233
wavlm_ft,U,best,1041,1,61.1111111111111
wavlm_ft,U,best,1042,4,41.66666666666667
wavlm_ft,U,best,1043,4,53.47222222222222
wavlm_ft,U,best,1044,2,60.41666666666667
wavlm_ft,U,best,1045,0,40.27777777777777
wavlm_ft,U,best,1046,2,47.916666666666664
wavlm_ft,U,best,1047,1,69.44444444444444
wavlm_ft,U,best,1048,2,50.69444444444444
wavlm_ft,U,best,1049,3,68.75
wavlm_ft,U,best,1050,2,63.888888888888886
wavlm_ft,U,best,1051,3,52.08333333333333
wavlm_ft,U,best,1052,0,54.166666666666664
wavlm_ft,U,best,1053,0,60.416666666666664
wavlm_ft,U,best,1054,4,56.25
wavlm_ft,U,best,1055,1,53.47222222222223
wavlm_ft,U,best,1056,2,51.388888888888886
wavlm_ft,U,best,1057,1,49.30555555555555
wavlm_ft,U,best,1058,4,62.5
wavlm_ft,U,best,1059,2,41.66666666666667
wavlm_ft,U,best,1060,2,48.611111111111114
wavlm_ft,U,best,1061,0,59.72222222222222
wavlm_ft,U,best,1062,4,50.69444444444444
wavlm_ft,U,best,1063,2,64.58333333333334
wavlm_ft,U,best,1064,1,57.638888888888886
wavlm_ft,U,best,1065,1,52.77777777777778
wavlm_ft,U,best,1066,4,54.861111111111114
wavlm_ft,U,best,1067,4,38.19444444444444
wavlm_ft,U,best,1068,0,54.861111111111114
wavlm_ft,U,best,1069,4,56.25
wavlm_ft,U,best,1070,2,49.30555555555556
wavlm_ft,U,best,1071,2,43.75
wavlm_ft,U,best,1072,3,52.083333333333336
wavlm_ft,U,best,1073,4,44.44444444444445
wavlm_ft,U,best,1074,4,43.75
wavlm_ft,U,best,1075,1,56.94444444444444
wavlm_ft,U,best,1076,4,50.37878787878788
wavlm_ft,U,best,1077,3,48.611111111111114
wavlm_ft,U,best,1078,1,62.5
wavlm_ft,U,best,1079,2,50.69444444444444
wavlm_ft,U,best,1080,3,65.27777777777779
wavlm_ft,U,best,1081,2,63.19444444444445
wavlm_ft,U,best,1082,2,23.611111111111107
wavlm_ft,U,best,1083,2,64.58333333333334
wavlm_ft,U,best,1084,4,52.77777777777777
wavlm_ft,U,best,1085,0,60.416666666666664
wavlm_ft,U,best,1086,0,50.69444444444444
wavlm_ft,U,best,1087,0,47.916666666666664
wavlm_ft,U,best,1088,2,59.02777777777778
wavlm_ft,U,best,1089,0,70.83333333333334
wavlm_ft,U,best,1090,1,51.388888888888886
wavlm_ft,U,best,1091,1,42.36111111111111
wavlm_ft,R,best,1001,1,39.583333333333336
wavlm_ft,R,best,1002,3,60.66919191919192
wavlm_ft,R,best,1003,4,50.0
wavlm_ft,R,best,1004,1,65.27777777777779
wavlm_ft,R,best,1005,1,52.77777777777778
wavlm_ft,R,best,1006,3,56.06060606060607
wavlm_ft,R,best,1007,2,48.61111111111111
wavlm_ft,R,best,1008,2,43.18181818181819
wavlm_ft,R,best,1009,3,56.81818181818183
wavlm_ft,R,best,1010,0,61.80555555555556
wavlm_ft,R,best,1011,0,61.111111111111114
wavlm_ft,R,best,1012,3,54.861111111111114
wavlm_ft,R,best,1013,0,57.57575757575758
wavlm_ft,R,best,1014,3,67.36111111111111
wavlm_ft,R,best,1015,3,50.0
wavlm_ft,R,best,1016,4,46.52777777777777
wavlm_ft,R,best,1017,1,31.439393939393938
wavlm_ft,R,best,1018,1,70.83333333333331
wavlm_ft,R,best,1019,0,50.75757575757576
wavlm_ft,R,best,1020,0,71.52777777777777
wavlm_ft,R,best,1021,3,43.05555555555555
wavlm_ft,R,best,1022,1,59.72222222222223
wavlm_ft,R,best,1023,3,46.52777777777778
wavlm_ft,R,best,1024,2,54.861111111111114
wavlm_ft,R,best,1025,0,54.166666666666664
wavlm_ft,R,best,1026,4,60.41666666666667
wavlm_ft,R,best,1027,3,58.333333333333336
wavlm_ft,R,best,1028,1,67.36111111111111
wavlm_ft,R,best,1029,1,43.05555555555555
wavlm_ft,R,best,1030,0,58.33333333333333
wavlm_ft,R,best,1031,2,46.52777777777777
wavlm_ft,R,best,1032,0,56.94444444444444
wavlm_ft,R,best,1033,3,72.22222222222223
wavlm_ft,R,best,1034,0,53.47222222222223
wavlm_ft,R,best,1035,4,61.80555555555556
wavlm_ft,R,best,1036,3,38.888888888888886
wavlm_ft,R,best,1037,3,68.05555555555554
wavlm_ft,R,best,1038,0,60.41666666666667
wavlm_ft,R,best,1039,4,61.11111111111111
wavlm_ft,R,best,1040,1,62.18434343434343
wavlm_ft,R,best,1041,1,58.333333333333336
wavlm_ft,R,best,1042,4,43.05555555555556
wavlm_ft,R,best,1043,4,50.00000000000001
wavlm_ft,R,best,1044,2,60.41666666666667
wavlm_ft,R,best,1045,0,41.66666666666667
wavlm_ft,R,best,1046,2,56.25
wavlm_ft,R,best,1047,1,68.05555555555556
wavlm_ft,R,best,1048,2,54.861111111111114
wavlm_ft,R,best,1049,3,65.27777777777777
wavlm_ft,R,best,1050,2,68.75
wavlm_ft,R,best,1051,3,46.52777777777778
wavlm_ft,R,best,1052,0,59.027777777777786
wavlm_ft,R,best,1053,0,53.47222222222222
wavlm_ft,R,best,1054,4,57.63888888888889
wavlm_ft,R,best,1055,1,58.33333333333333
wavlm_ft,R,best,1056,2,56.94444444444444
wavlm_ft,R,best,1057,1,50.0
wavlm_ft,R,best,1058,4,64.58333333333333
wavlm_ft,R,best,1059,2,42.361111111111114
wavlm_ft,R,best,1060,2,48.611111111111114
wavlm_ft,R,best,1061,0,61.111111111111114
wavlm_ft,R,best,1062,4,47.22222222222222
wavlm_ft,R,best,1063,2,70.83333333333333
wavlm_ft,R,best,1064,1,63.19444444444444
wavlm_ft,R,best,1065,1,48.611111111111114
wavlm_ft,R,best,1066,4,56.94444444444444
wavlm_ft,R,best,1067,4,43.75
wavlm_ft,R,best,1068,0,55.55555555555556
wavlm_ft,R,best,1069,4,54.166666666666664
wavlm_ft,R,best,1070,2,52.083333333333336
wavlm_ft,R,best,1071,2,54.166666666666664
wavlm_ft,R,best,1072,3,52.77777777777777
wavlm_ft,R,best,1073,4,47.222222222222214
wavlm_ft,R,best,1074,4,44.44444444444444
wavlm_ft,R,best,1075,1,54.16666666666667
wavlm_ft,R,best,1076,4,45.32828282828282
wavlm_ft,R,best,1077,3,40.27777777777778
wavlm_ft,R,best,1078,1,63.19444444444445
wavlm_ft,R,best,1079,2,54.86111111111111
wavlm_ft,R,best,1080,3,61.80555555555556
wavlm_ft,R,best,1081,2,64.58333333333333
wavlm_ft,R,best,1082,2,25.694444444444443
wavlm_ft,R,best,1083,2,52.77777777777777
wavlm_ft,R,best,1084,4,52.08333333333333
wavlm_ft,R,best,1085,0,64.58333333333333
wavlm_ft,R,best,1086,0,37.5
wavlm_ft,R,best,1087,0,50.69444444444444
wavlm_ft,R,best,1088,2,61.111111111111114
wavlm_ft,R,best,1089,0,65.27777777777777
wavlm_ft,R,best,1090,1,53.47222222222223
wavlm_ft,R,best,1091,1,42.361111111111114
wavlm_ft,C,best,1001,1,47.22222222222222
wavlm_ft,C,best,1002,3,54.48232323232323
wavlm_ft,C,best,1003,4,47.22222222222223
wavlm_ft,C,best,1004,1,61.111111111111114
wavlm_ft,C,best,1005,1,49.30555555555556
wavlm_ft,C,best,1006,3,58.01767676767676
wavlm_ft,C,best,1007,2,48.61111111111111
wavlm_ft,C,best,1008,2,45.45454545454545
wavlm_ft,C,best,1009,3,62.12121212121211
wavlm_ft,C,best,1010,0,63.88888888888889
wavlm_ft,C,best,1011,0,59.02777777777778
wavlm_ft,C,best,1012,3,46.52777777777777
wavlm_ft,C,best,1013,0,59.65909090909092
wavlm_ft,C,best,1014,3,65.97222222222223
wavlm_ft,C,best,1015,3,50.69444444444444
wavlm_ft,C,best,1016,4,58.33333333333333
wavlm_ft,C,best,1017,1,35.54292929292929
wavlm_ft,C,best,1018,1,72.22222222222223
wavlm_ft,C,best,1019,0,53.78787878787878
wavlm_ft,C,best,1020,0,68.75
wavlm_ft,C,best,1021,3,34.02777777777778
wavlm_ft,C,best,1022,1,59.72222222222222
wavlm_ft,C,best,1023,3,48.61111111111111
wavlm_ft,C,best,1024,2,57.63888888888889
wavlm_ft,C,best,1025,0,54.16666666666667
wavlm_ft,C,best,1026,4,56.25
wavlm_ft,C,best,1027,3,56.94444444444444
wavlm_ft,C,best,1028,1,65.97222222222223
wavlm_ft,C,best,1029,1,48.611111111111114
wavlm_ft,C,best,1030,0,60.416666666666664
wavlm_ft,C,best,1031,2,39.58333333333333
wavlm_ft,C,best,1032,0,61.80555555555556
wavlm_ft,C,best,1033,3,64.58333333333333
wavlm_ft,C,best,1034,0,54.861111111111114
wavlm_ft,C,best,1035,4,59.02777777777778
wavlm_ft,C,best,1036,3,36.80555555555555
wavlm_ft,C,best,1037,3,61.80555555555554
wavlm_ft,C,best,1038,0,68.75
wavlm_ft,C,best,1039,4,64.58333333333334
wavlm_ft,C,best,1040,1,66.54040404040404
wavlm_ft,C,best,1041,1,61.80555555555556
wavlm_ft,C,best,1042,4,44.44444444444444
wavlm_ft,C,best,1043,4,52.77777777777778
wavlm_ft,C,best,1044,2,58.33333333333333
wavlm_ft,C,best,1045,0,43.05555555555556
wavlm_ft,C,best,1046,2,42.361111111111114
wavlm_ft,C,best,1047,1,66.66666666666666
wavlm_ft,C,best,1048,2,52.083333333333336
wavlm_ft,C,best,1049,3,56.94444444444444
wavlm_ft,C,best,1050,2,60.41666666666667
wavlm_ft,C,best,1051,3,45.83333333333334
wavlm_ft,C,best,1052,0,63.19444444444444
wavlm_ft,C,best,1053,0,64.58333333333334
wavlm_ft,C,best,1054,4,54.861111111111114
wavlm_ft,C,best,1055,1,60.416666666666664
wavlm_ft,C,best,1056,2,52.77777777777778
wavlm_ft,C,best,1057,1,51.3888888888889
wavlm_ft,C,best,1058,4,57.638888888888886
wavlm_ft,C,best,1059,2,41.666666666666664
wavlm_ft,C,best,1060,2,45.138888888888886
wavlm_ft,C,best,1061,0,65.27777777777777
wavlm_ft,C,best,1062,4,50.0
wavlm_ft,C,best,1063,2,63.19444444444445
wavlm_ft,C,best,1064,1,61.80555555555556
wavlm_ft,C,best,1065,1,58.333333333333336
wavlm_ft,C,best,1066,4,46.52777777777777
wavlm_ft,C,best,1067,4,40.277777777777786
wavlm_ft,C,best,1068,0,51.388888888888886
wavlm_ft,C,best,1069,4,57.638888888888886
wavlm_ft,C,best,1070,2,47.91666666666667
wavlm_ft,C,best,1071,2,45.13888888888889
wavlm_ft,C,best,1072,3,53.47222222222222
wavlm_ft,C,best,1073,4,54.861111111111114
wavlm_ft,C,best,1074,4,43.05555555555556
wavlm_ft,C,best,1075,1,51.388888888888886
wavlm_ft,C,best,1076,4,43.244949494949495
wavlm_ft,C,best,1077,3,38.888888888888886
wavlm_ft,C,best,1078,1,67.36111111111111
wavlm_ft,C,best,1079,2,55.55555555555556
wavlm_ft,C,best,1080,3,62.5
wavlm_ft,C,best,1081,2,62.5
wavlm_ft,C,best,1082,2,34.72222222222222
wavlm_ft,C,best,1083,2,61.80555555555556
wavlm_ft,C,best,1084,4,50.0
wavlm_ft,C,best,1085,0,65.27777777777777
wavlm_ft,C,best,1086,0,47.22222222222223
wavlm_ft,C,best,1087,0,44.44444444444444
wavlm_ft,C,best,1088,2,56.94444444444444
wavlm_ft,C,best,1089,0,71.52777777777779
wavlm_ft,C,best,1090,1,51.388888888888886
wavlm_ft,C,best,1091,1,47.91666666666667
wavlm_ft,U,last,1001,1,43.75
wavlm_ft,U,last,1002,3,55.239898989899
wavlm_ft,U,last,1003,4,51.388888888888886
wavlm_ft,U,last,1004,1,63.19444444444444
wavlm_ft,U,last,1005,1,51.388888888888886
wavlm_ft,U,last,1006,3,61.80555555555556
wavlm_ft,U,last,1007,2,55.55555555555556
wavlm_ft,U,last,1008,2,43.18181818181819
wavlm_ft,U,last,1009,3,53.787878787878796
wavlm_ft,U,last,1010,0,61.111111111111114
wavlm_ft,U,last,1011,0,59.02777777777778
wavlm_ft,U,last,1012,3,56.94444444444444
wavlm_ft,U,last,1013,0,60.92171717171718
wavlm_ft,U,last,1014,3,65.27777777777779
wavlm_ft,U,last,1015,3,62.5
wavlm_ft,U,last,1016,4,48.611111111111114
wavlm_ft,U,last,1017,1,28.724747474747474
wavlm_ft,U,last,1018,1,69.44444444444444
wavlm_ft,U,last,1019,0,53.03030303030303
wavlm_ft,U,last,1020,0,61.111111111111114
wavlm_ft,U,last,1021,3,49.30555555555556
wavlm_ft,U,last,1022,1,64.58333333333334
wavlm_ft,U,last,1023,3,44.44444444444444
wavlm_ft,U,last,1024,2,47.222222222222214
wavlm_ft,U,last,1025,0,56.25
wavlm_ft,U,last,1026,4,65.97222222222223
wavlm_ft,U,last,1027,3,59.02777777777778
wavlm_ft,U,last,1028,1,67.3611111111111
wavlm_ft,U,last,1029,1,52.08333333333333
wavlm_ft,U,last,1030,0,59.72222222222223
wavlm_ft,U,last,1031,2,37.5
wavlm_ft,U,last,1032,0,51.388888888888886
wavlm_ft,U,last,1033,3,64.58333333333334
wavlm_ft,U,last,1034,0,46.52777777777777
wavlm_ft,U,last,1035,4,63.888888888888886
wavlm_ft,U,last,1036,3,35.41666666666667
wavlm_ft,U,last,1037,3,72.22222222222223
wavlm_ft,U,last,1038,0,59.02777777777778
wavlm_ft,U,last,1039,4,65.27777777777779
wavlm_ft,U,last,1040,1,63.510101010100996
wavlm_ft,U,last,1041,1,54.861111111111114
wavlm_ft,U,last,1042,4,45.833333333333336
wavlm_ft,U,last,1043,4,55.55555555555556
wavlm_ft,U,last,1044,2,56.94444444444444
wavlm_ft,U,last,1045,0,40.97222222222222
wavlm_ft,U,last,1046,2,52.08333333333333
wavlm_ft,U,last,1047,1,63.19444444444444
wavlm_ft,U,last,1048,2,50.0
wavlm_ft,U,last,1049,3,64.58333333333334
wavlm_ft,U,last,1050,2,68.05555555555556
wavlm_ft,U,last,1051,3,52.77777777777778
wavlm_ft,U,last,1052,0,59.02777777777778
wavlm_ft,U,last,1053,0,59.72222222222223
wavlm_ft,U,last,1054,4,59.02777777777778
wavlm_ft,U,last,1055,1,56.94444444444444
wavlm_ft,U,last,1056,2,57.63888888888889
wavlm_ft,U,last,1057,1,51.388888888888886
wavlm_ft,U,last,1058,4,63.8888888888889
wavlm_ft,U,last,1059,2,40.27777777777777
wavlm_ft,U,last,1060,2,55.55555555555556
wavlm_ft,U,last,1061,0,63.19444444444444
wavlm_ft,U,last,1062,4,47.916666666666664
wavlm_ft,U,last,1063,2,65.97222222222221
wavlm_ft,U,last,1064,1,53.47222222222223
wavlm_ft,U,last,1065,1,54.861111111111114
wavlm_ft,U,last,1066,4,63.19444444444445
wavlm_ft,U,last,1067,4,34.72222222222222
wavlm_ft,U,last,1068,0,45.138888888888886
wavlm_ft,U,last,1069,4,56.94444444444444
wavlm_ft,U,last,1070,2,49.305555555555564
wavlm_ft,U,last,1071,2,43.74999999999999
wavlm_ft,U,last,1072,3,54.861111111111114
wavlm_ft,U,last,1073,4,49.30555555555556
wavlm_ft,U,last,1074,4,48.61111111111111
wavlm_ft,U,last,1075,1,64.58333333333331
wavlm_ft,U,last,1076,4,49.494949494949495
wavlm_ft,U,last,1077,3,40.97222222222223
wavlm_ft,U,last,1078,1,62.5
wavlm_ft,U,last,1079,2,50.0
wavlm_ft,U,last,1080,3,56.249999999999986
wavlm_ft,U,last,1081,2,61.80555555555556
wavlm_ft,U,last,1082,2,28.47222222222222
wavlm_ft,U,last,1083,2,60.41666666666667
wavlm_ft,U,last,1084,4,48.61111111111112
wavlm_ft,U,last,1085,0,56.94444444444444
wavlm_ft,U,last,1086,0,45.833333333333336
wavlm_ft,U,last,1087,0,46.52777777777778
wavlm_ft,U,last,1088,2,55.55555555555556
wavlm_ft,U,last,1089,0,75.0
wavlm_ft,U,last,1090,1,47.916666666666664
wavlm_ft,U,last,1091,1,54.166666666666664
wavlm_ft,R,last,1001,1,43.05555555555556
wavlm_ft,R,last,1002,3,54.98737373737374
wavlm_ft,R,last,1003,4,54.861111111111114
wavlm_ft,R,last,1004,1,61.80555555555554
wavlm_ft,R,last,1005,1,50.69444444444444
wavlm_ft,R,last,1006,3,60.92171717171718
wavlm_ft,R,last,1007,2,58.33333333333333
wavlm_ft,R,last,1008,2,44.696969696969695
wavlm_ft,R,last,1009,3,54.545454545454554
wavlm_ft,R,last,1010,0,52.08333333333333
wavlm_ft,R,last,1011,0,61.80555555555556
wavlm_ft,R,last,1012,3,53.47222222222223
wavlm_ft,R,last,1013,0,57.512626262626256
wavlm_ft,R,last,1014,3,62.5
wavlm_ft,R,last,1015,3,54.166666666666664
wavlm_ft,R,last,1016,4,52.77777777777777
wavlm_ft,R,last,1017,1,29.482323232323232
wavlm_ft,R,last,1018,1,63.88888888888889
wavlm_ft,R,last,1019,0,50.0
wavlm_ft,R,last,1020,0,67.36111111111111
wavlm_ft,R,last,1021,3,44.44444444444444
wavlm_ft,R,last,1022,1,55.55555555555556
wavlm_ft,R,last,1023,3,43.05555555555555
wavlm_ft,R,last,1024,2,53.47222222222222
wavlm_ft,R,last,1025,0,59.722222222222214
wavlm_ft,R,last,1026,4,61.111111111111114
wavlm_ft,R,last,1027,3,56.25
wavlm_ft,R,last,1028,1,59.722222222222214
wavlm_ft,R,last,1029,1,48.611111111111114
wavlm_ft,R,last,1030,0,65.27777777777777
wavlm_ft,R,last,1031,2,40.972222222222214
wavlm_ft,R,last,1032,0,54.861111111111114
wavlm_ft,R,last,1033,3,66.66666666666666
wavlm_ft,R,last,1034,0,51.388888888888886
wavlm_ft,R,last,1035,4,58.33333333333333
wavlm_ft,R,last,1036,3,34.02777777777778
wavlm_ft,R,last,1037,3,66.66666666666666
wavlm_ft,R,last,1038,0,56.25
wavlm_ft,R,last,1039,4,65.97222222222223
wavlm_ft,R,last,1040,1,58.77525252525253
wavlm_ft,R,last,1041,1,52.08333333333334
wavlm_ft,R,last,1042,4,48.611111111111114
wavlm_ft,R,last,1043,4,53.47222222222222
wavlm_ft,R,last,1044,2,50.69444444444444
wavlm_ft,R,last,1045,0,46.527777777777786
wavlm_ft,R,last,1046,2,48.611111111111114
wavlm_ft,R,last,1047,1,64.58333333333333
wavlm_ft,R,last,1048,2,47.91666666666667
wavlm_ft,R,last,1049,3,61.80555555555556
wavlm_ft,R,last,1050,2,65.97222222222223
wavlm_ft,R,last,1051,3,46.52777777777778
wavlm_ft,R,last,1052,0,59.02777777777778
wavlm_ft,R,last,1053,0,55.55555555555556
wavlm_ft,R,last,1054,4,54.166666666666664
wavlm_ft,R,last,1055,1,56.94444444444444
wavlm_ft,R,last,1056,2,56.25
wavlm_ft,R,last,1057,1,54.166666666666664
wavlm_ft,R,last,1058,4,59.02777777777777
wavlm_ft,R,last,1059,2,39.58333333333333
wavlm_ft,R,last,1060,2,44.44444444444444
wavlm_ft,R,last,1061,0,65.27777777777779
wavlm_ft,R,last,1062,4,47.222222222222214
wavlm_ft,R,last,1063,2,68.05555555555556
wavlm_ft,R,last,1064,1,59.72222222222223
wavlm_ft,R,last,1065,1,45.138888888888886
wavlm_ft,R,last,1066,4,52.77777777777778
wavlm_ft,R,last,1067,4,40.27777777777777
wavlm_ft,R,last,1068,0,58.33333333333333
wavlm_ft,R,last,1069,4,56.25
wavlm_ft,R,last,1070,2,47.91666666666667
wavlm_ft,R,last,1071,2,49.30555555555556
wavlm_ft,R,last,1072,3,56.25
wavlm_ft,R,last,1073,4,50.69444444444444
wavlm_ft,R,last,1074,4,48.61111111111111
wavlm_ft,R,last,1075,1,59.02777777777777
wavlm_ft,R,last,1076,4,43.05555555555556
wavlm_ft,R,last,1077,3,40.97222222222222
wavlm_ft,R,last,1078,1,58.33333333333333
wavlm_ft,R,last,1079,2,52.08333333333334
wavlm_ft,R,last,1080,3,61.111111111111114
wavlm_ft,R,last,1081,2,56.25
wavlm_ft,R,last,1082,2,31.25
wavlm_ft,R,last,1083,2,65.27777777777777
wavlm_ft,R,last,1084,4,47.22222222222222
wavlm_ft,R,last,1085,0,59.02777777777778
wavlm_ft,R,last,1086,0,34.02777777777778
wavlm_ft,R,last,1087,0,52.083333333333336
wavlm_ft,R,last,1088,2,58.33333333333333
wavlm_ft,R,last,1089,0,60.41666666666667
wavlm_ft,R,last,1090,1,51.388888888888886
wavlm_ft,R,last,1091,1,43.75
wavlm_ft,C,last,1001,1,50.0
wavlm_ft,C,last,1002,3,57.891414141414145
wavlm_ft,C,last,1003,4,51.388888888888886
wavlm_ft,C,last,1004,1,68.05555555555557
wavlm_ft,C,last,1005,1,56.94444444444444
wavlm_ft,C,last,1006,3,56.56565656565657
wavlm_ft,C,last,1007,2,50.0
wavlm_ft,C,last,1008,2,50.0
wavlm_ft,C,last,1009,3,58.33333333333334
wavlm_ft,C,last,1010,0,64.58333333333333
wavlm_ft,C,last,1011,0,56.94444444444444
wavlm_ft,C,last,1012,3,61.80555555555556
wavlm_ft,C,last,1013,0,60.858585858585855
wavlm_ft,C,last,1014,3,62.5
wavlm_ft,C,last,1015,3,56.25
wavlm_ft,C,last,1016,4,56.94444444444444
wavlm_ft,C,last,1017,1,32.38636363636364
wavlm_ft,C,last,1018,1,72.22222222222221
wavlm_ft,C,last,1019,0,50.75757575757576
wavlm_ft,C,last,1020,0,66.66666666666666
wavlm_ft,C,last,1021,3,44.44444444444444
wavlm_ft,C,last,1022,1,66.66666666666667
wavlm_ft,C,last,1023,3,50.69444444444444
wavlm_ft,C,last,1024,2,63.19444444444444
wavlm_ft,C,last,1025,0,56.25
wavlm_ft,C,last,1026,4,59.02777777777777
wavlm_ft,C,last,1027,3,54.861111111111114
wavlm_ft,C,last,1028,1,66.66666666666667
wavlm_ft,C,last,1029,1,52.77777777777777
wavlm_ft,C,last,1030,0,60.41666666666667
wavlm_ft,C,last,1031,2,38.888888888888886
wavlm_ft,C,last,1032,0,59.72222222222222
wavlm_ft,C,last,1033,3,59.72222222222222
wavlm_ft,C,last,1034,0,50.0
wavlm_ft,C,last,1035,4,63.19444444444444
wavlm_ft,C,last,1036,3,39.58333333333333
wavlm_ft,C,last,1037,3,70.83333333333334
wavlm_ft,C,last,1038,0,64.58333333333333
wavlm_ft,C,last,1039,4,65.97222222222223
wavlm_ft,C,last,1040,1,74.30555555555554
wavlm_ft,C,last,1041,1,58.33333333333333
wavlm_ft,C,last,1042,4,44.44444444444444
wavlm_ft,C,last,1043,4,52.083333333333336
wavlm_ft,C,last,1044,2,59.72222222222222
wavlm_ft,C,last,1045,0,43.74999999999999
wavlm_ft,C,last,1046,2,48.61111111111111
wavlm_ft,C,last,1047,1,65.97222222222223
wavlm_ft,C,last,1048,2,50.0
wavlm_ft,C,last,1049,3,59.72222222222223
wavlm_ft,C,last,1050,2,60.416666666666664
wavlm_ft,C,last,1051,3,42.361111111111114
wavlm_ft,C,last,1052,0,64.58333333333333
wavlm_ft,C,last,1053,0,63.888888888888886
wavlm_ft,C,last,1054,4,62.499999999999986
wavlm_ft,C,last,1055,1,57.638888888888886
wavlm_ft,C,last,1056,2,50.0
wavlm_ft,C,last,1057,1,52.08333333333333
wavlm_ft,C,last,1058,4,62.5
wavlm_ft,C,last,1059,2,45.833333333333336
wavlm_ft,C,last,1060,2,49.30555555555556
wavlm_ft,C,last,1061,0,63.19444444444444
wavlm_ft,C,last,1062,4,50.0
wavlm_ft,C,last,1063,2,63.19444444444444
wavlm_ft,C,last,1064,1,65.27777777777777
wavlm_ft,C,last,1065,1,56.94444444444444
wavlm_ft,C,last,1066,4,53.47222222222222
wavlm_ft,C,last,1067,4,40.277777777777786
wavlm_ft,C,last,1068,0,51.388888888888886
wavlm_ft,C,last,1069,4,60.41666666666666
wavlm_ft,C,last,1070,2,49.30555555555556
wavlm_ft,C,last,1071,2,43.05555555555556
wavlm_ft,C,last,1072,3,52.77777777777778
wavlm_ft,C,last,1073,4,52.083333333333336
wavlm_ft,C,last,1074,4,47.22222222222222
wavlm_ft,C,last,1075,1,54.166666666666664
wavlm_ft,C,last,1076,4,46.6540404040404
wavlm_ft,C,last,1077,3,38.19444444444444
wavlm_ft,C,last,1078,1,70.83333333333333
wavlm_ft,C,last,1079,2,54.16666666666667
wavlm_ft,C,last,1080,3,58.333333333333336
wavlm_ft,C,last,1081,2,58.33333333333333
wavlm_ft,C,last,1082,2,36.80555555555555
wavlm_ft,C,last,1083,2,61.111111111111114
wavlm_ft,C,last,1084,4,45.138888888888886
wavlm_ft,C,last,1085,0,58.33333333333333
wavlm_ft,C,last,1086,0,52.08333333333333
wavlm_ft,C,last,1087,0,50.0
wavlm_ft,C,last,1088,2,56.94444444444444
wavlm_ft,C,last,1089,0,74.30555555555554
wavlm_ft,C,last,1090,1,50.69444444444444
wavlm_ft,C,last,1091,1,58.33333333333333
