repository_url,commit_sha,draw_rank,reviewer,eligibility_verdict,verdict,field,initial_value,proposed_value,evidence,reason
https://github.com/Vansh-187/speech-emotion-recognition,f21f3700413ea8e5c39921fb102c10672cae69a8,1,p0_6_alt_search,agree,disagree,augmentation_by_dataset,RAVDESS=noise and stretch-plus-pitch are appended only when the base sample is in x_train,RAVDESS=stored reported-result state indicates original plus noise plus stretch-and-pitch variants were pooled before the 80/20 split; currently saved cells 16-19 instead define train-only augmentation but are not consumed by cells 25-30,"https://github.com/Vansh-187/speech-emotion-recognition/blob/f21f3700413ea8e5c39921fb102c10672cae69a8/notebooks/emotion_classifier_final.ipynb#L1 (cells 15-19, 25, 27, 30)",The implementation text and stored outputs are from incompatible execution states; the output dimensions identify the reported-result state as augment-before-split.
https://github.com/Vansh-187/speech-emotion-recognition,f21f3700413ea8e5c39921fb102c10672cae69a8,1,p0_6_alt_search,agree,disagree,augmentation_evidence,notebooks/emotion_classifier_final.ipynb:L1 cells 16-18 split base features first and append augmentations only for matched training rows,"notebooks/emotion_classifier_final.ipynb:L1 cells 15-19,25,27,30: n_base=2452; two variants are defined per item; model cells ignore *_final; stored batches and support n=1472 match a 3 x 2452 pool split 80/20","https://github.com/Vansh-187/speech-emotion-recognition/blob/f21f3700413ea8e5c39921fb102c10672cae69a8/notebooks/emotion_classifier_final.ipynb#L1 (cells 15-19, 25, 27, 30)",The earlier evidence described only the newly saved cells and omitted the contradictory active model variables and stored execution dimensions.
https://github.com/Vansh-187/speech-emotion-recognition,f21f3700413ea8e5c39921fb102c10672cae69a8,1,p0_6_alt_search,agree,disagree,augmentation_leakage,no_train_only,yes,https://github.com/Vansh-187/speech-emotion-recognition/blob/f21f3700413ea8e5c39921fb102c10672cae69a8/notebooks/emotion_classifier_final.ipynb#L1 (cell 15 output n=2452; cells 17-18 define two variants per base item; cell 27 output has 184 train and 46 test batches; cell 30 support n=1472),"The stored test support is exactly 20% of 3 x 2452 samples, and the stored loader batch counts match a split of that tripled pool. This is strong static evidence that the reported-result state split originals plus two augmented variants together, even though the later-saved cells now show a different, broken train-only path."
https://github.com/Vansh-187/speech-emotion-recognition,f21f3700413ea8e5c39921fb102c10672cae69a8,1,p0_6_alt_search,agree,disagree,evidence_strength,high,medium,https://github.com/Vansh-187/speech-emotion-recognition/blob/f21f3700413ea8e5c39921fb102c10672cae69a8/notebooks/emotion_classifier_final.ipynb#L1 (execution counts 12-16 versus 157-162; cells 25-30),"The main numeric result is preserved in outputs, but mapping it to the frozen source requires inference across a stale/inconsistent notebook execution state."
https://github.com/Vansh-187/speech-emotion-recognition,f21f3700413ea8e5c39921fb102c10672cae69a8,1,p0_6_alt_search,agree,disagree,notes,P0.5 draw_rank=1; test-selected checkpoint makes the displayed metric optimistically selected on the same holdout. || draw_rank=1; initial_batch=p0_5_audit_root.csv,"P0.5 draw_rank=1; test-selected checkpoint makes the displayed metric optimistically selected on the same holdout. In addition, frozen cells 16-19 and 25-30 are not one executable dataflow; stored n=1472 output indicates an older augment-before-split state. || draw_rank=1; initial_batch=p0_5_audit_root.csv","https://github.com/Vansh-187/speech-emotion-recognition/blob/f21f3700413ea8e5c39921fb102c10672cae69a8/notebooks/emotion_classifier_final.ipynb#L1 (cells 16-19, 25-30)",The notebook-state conflict materially limits reproducibility and should be retained in the audit notes. Consolidation preserves the deterministic assembly-provenance suffix.
https://github.com/Vansh-187/speech-emotion-recognition,f21f3700413ea8e5c39921fb102c10672cae69a8,1,p0_6_alt_search,agree,disagree,reported_results,RAVDESS 8-class holdout accuracy=82.61%; F1=82.00%,stored output (n=1472): accuracy=82.61%; macro precision/recall/F1=82%/82%/82%; weighted precision/recall/F1=83%/83%/83%,https://github.com/Vansh-187/speech-emotion-recognition/blob/f21f3700413ea8e5c39921fb102c10672cae69a8/notebooks/emotion_classifier_final.ipynb#L1 (cell 30 output),The original value leaves the F1 averaging convention ambiguous and omits the simultaneously reported precision/recall and weighted metrics.
https://github.com/Vansh-187/speech-emotion-recognition,f21f3700413ea8e5c39921fb102c10672cae69a8,1,p0_6_alt_search,agree,disagree,result_code_link,direct,uncertain,"https://github.com/Vansh-187/speech-emotion-recognition/blob/f21f3700413ea8e5c39921fb102c10672cae69a8/notebooks/emotion_classifier_final.ipynb#L1 (cells 15-19, 25, 27, 30)","Cells 16-19 create *_final train-only-augmentation variables, but cells 25-30 ignore them; cell 25 applies argmax(axis=1) to the one-dimensional string y_train created by cell 16. The saved cells therefore cannot regenerate the stored result state."
https://github.com/fdhlhdc12/ravdess-dtw-emotion-recognition,c20123028d7e718e624eb56599ae7436ca9991e4,2,p0_6_alt_search,agree,disagree,augmentation_by_dataset,RAVDESS=auditable inference feature path has no augmentation,RAVDESS=training/evaluation augmentation provenance is absent; frozen code covers inference feature extraction only,https://github.com/fdhlhdc12/ravdess-dtw-emotion-recognition/blob/c20123028d7e718e624eb56599ae7436ca9991e4/app.py#L735-L752 | https://github.com/fdhlhdc12/ravdess-dtw-emotion-recognition/blob/c20123028d7e718e624eb56599ae7436ca9991e4/feature_extraction_ml.py#L4-L45,Absence of augmentation in inference cannot establish absence during model training or benchmark-set construction.
https://github.com/fdhlhdc12/ravdess-dtw-emotion-recognition,c20123028d7e718e624eb56599ae7436ca9991e4,2,p0_6_alt_search,agree,disagree,augmentation_evidence,feature_extraction_ml.py:L4-L45 extracts MFCC/delta summaries only; app.py:L770-L784 calls that path,"app.py:L735-L752,L779-L784 and feature_extraction_ml.py:L4-L45 expose inference only; no training/evaluation loader or augmentation provenance is present",https://github.com/fdhlhdc12/ravdess-dtw-emotion-recognition/blob/c20123028d7e718e624eb56599ae7436ca9991e4/app.py#L735-L752 | https://github.com/fdhlhdc12/ravdess-dtw-emotion-recognition/blob/c20123028d7e718e624eb56599ae7436ca9991e4/app.py#L779-L784,The evidence must explicitly record the missing training side of the result path.
https://github.com/fdhlhdc12/ravdess-dtw-emotion-recognition,c20123028d7e718e624eb56599ae7436ca9991e4,2,p0_6_alt_search,agree,disagree,augmentation_leakage,not_applicable,unknown,https://github.com/fdhlhdc12/ravdess-dtw-emotion-recognition/blob/c20123028d7e718e624eb56599ae7436ca9991e4/app.py#L735-L752 | https://github.com/fdhlhdc12/ravdess-dtw-emotion-recognition/blob/c20123028d7e718e624eb56599ae7436ca9991e4/feature_extraction_ml.py#L4-L45,"The frozen code closes only an inference feature path. Because the training/evaluation input construction is absent, not_applicable cannot be established for the dashboard result."
https://github.com/fdhlhdc12/ravdess-dtw-emotion-recognition,c20123028d7e718e624eb56599ae7436ca9991e4,2,p0_6_alt_search,agree,disagree,evaluation_repetition,kfold_single_run,unknown,https://github.com/fdhlhdc12/ravdess-dtw-emotion-recognition/blob/c20123028d7e718e624eb56599ae7436ca9991e4/app.py#L1983-L2010,"A static dashboard sentence claims 5-fold GridSearchCV, but no fold construction, executed fold outputs, or training code is frozen. Under the code-first rule this implementation field remains unknown."
https://github.com/fdhlhdc12/ravdess-dtw-emotion-recognition,c20123028d7e718e624eb56599ae7436ca9991e4,2,p0_6_alt_search,agree,disagree,n_folds,5,unknown,https://github.com/fdhlhdc12/ravdess-dtw-emotion-recognition/blob/c20123028d7e718e624eb56599ae7436ca9991e4/app.py#L2005-L2010,"No auditable fold loop, split object, or fold-level output verifies the displayed claim."
https://github.com/fdhlhdc12/ravdess-dtw-emotion-recognition,c20123028d7e718e624eb56599ae7436ca9991e4,2,p0_6_alt_search,agree,disagree,repetition_by_dataset,RAVDESS=dashboard states one 5-fold GridSearchCV; seed schedule unavailable,"RAVDESS=dashboard claims 5-fold GridSearchCV, but the frozen implementation and fold outputs are absent",https://github.com/fdhlhdc12/ravdess-dtw-emotion-recognition/blob/c20123028d7e718e624eb56599ae7436ca9991e4/app.py#L1983-L2010,The claim can be retained as a document claim but cannot be encoded as observed implementation.
https://github.com/fdhlhdc12/ravdess-dtw-emotion-recognition,c20123028d7e718e624eb56599ae7436ca9991e4,2,p0_6_alt_search,agree,disagree,repetition_evidence,app.py:L2005-L2010 states 5-fold GridSearchCV; no fold outputs or repeated seeds are supplied,"app.py:L2005-L2010 is a static 5-fold GridSearchCV claim; the repository contains no training/fold-construction path or executed fold outputs, so repetition is unknown",https://github.com/fdhlhdc12/ravdess-dtw-emotion-recognition/blob/c20123028d7e718e624eb56599ae7436ca9991e4/app.py#L2005-L2010,The evidence text should lead to the dictionary-compliant unknown value rather than an implemented k-fold value.
https://github.com/leecool9669/emotion-recognition-wav2vec2-IEMOCAP-WebUI,c9c809cd2a863765f52d86d8a254fe38a5c9a610,3,p0_6_alt_search,agree,agree,,,,https://github.com/leecool9669/emotion-recognition-wav2vec2-IEMOCAP-WebUI/blob/c9c809cd2a863765f52d86d8a254fe38a5c9a610/app.py#L2-L24 | https://github.com/leecool9669/emotion-recognition-wav2vec2-IEMOCAP-WebUI/blob/c9c809cd2a863765f52d86d8a254fe38a5c9a610/README.md#L60-L101,"Eligibility exclusion agrees: E2_target_not_evaluated. The repository is explicitly demo-only, loads no real weights, and performs no IEMOCAP evaluation; E2 precedes E3 because relevant UI/source code exists."
https://github.com/Shiva9855/CodeAlpha_Emotion-Recognition-from-Speech,cbc84f527fc14b375d34ce2c8aec9b00cabaf459,4,p0_6_alt_search,agree,agree,,,,https://github.com/Shiva9855/CodeAlpha_Emotion-Recognition-from-Speech/blob/cbc84f527fc14b375d34ce2c8aec9b00cabaf459/train.py#L47-L74 | https://github.com/Shiva9855/CodeAlpha_Emotion-Recognition-from-Speech/blob/cbc84f527fc14b375d34ce2c8aec9b00cabaf459/train.py#L145-L196,"Eligibility and all 38 survey fields agree after re-reading the merged target-dataset loader, augment-before-split path, train-only scaler fit, per-epoch sole-holdout selection, and single-run code."
https://github.com/dingdongwang/EmotionThinker,afcc5c578bc69df436fbb2317957fe4897e33342,5,p0_6_alt_search,agree,disagree,reported_results,paper Table 2 reports IEMOCAP accuracy=77.68% and RAVDESS accuracy=71.56%,paper section 4.1/Table 2: IEMOCAP test-set accuracy=77.68%; RAVDESS zero-shot accuracy=71.56%,"https://arxiv.org/pdf/2601.15668 (section 4.1, Table 2) | https://github.com/dingdongwang/EmotionThinker/blob/afcc5c578bc69df436fbb2317957fe4897e33342/README.md#L5-L8",The paper explicitly describes RAVDESS as a zero-shot evaluation; omitting that qualifier obscures the evaluation protocol.
https://github.com/jobinjoy12/Speech-Emotion-Recognition-using-CREMA-D-dataset,10f7e5102b86904ea3b3bb40708238988834ccd0,6,p0_6_alt_search,agree,agree,,,,"https://github.com/jobinjoy12/Speech-Emotion-Recognition-using-CREMA-D-dataset/blob/10f7e5102b86904ea3b3bb40708238988834ccd0/emotion%20speech%20recognition%20code%20(2).ipynb#L1 (cells xyJe_5Q1-xcV, xQYo6vSXbkTy, BBnu4lqxboil, HLTsAspAbqR1, gHy_VEo2btF3)",Eligibility and all 38 survey fields agree: every CREMA-D utterance is noise-perturbed before an unseeded random holdout; StandardScaler is train-only; one fixed MLP fit is followed by one prediction and one accuracy output.
https://github.com/Aakash200/speech-emotion-recognition-ravdess-data,7033167b79af57e92c8a9a9b34920ce8ce9235a7,7,p0_6_alt_search,agree,agree,,,,https://github.com/Aakash200/speech-emotion-recognition-ravdess-data/tree/7033167b79af57e92c8a9a9b34920ce8ce9235a7,"Eligibility exclusion agrees: E3_no_relevant_code. Mechanical frozen-tree inventory finds 1,440 .wav files and no source, notebook, or README/evaluation implementation."
https://github.com/ShaheenPerveen/Speech_Emotion_Recognition_IEMOCAP,1f2a835abbf1fbce138b7c26e7e2eb74b35b8147,8,p0_6_alt_search,agree,disagree,reported_results,representative normalized-MFCC path reports best internal CV score=0.66499 (gradient boosting); multiple holdout reports are retained in notebook outputs,"representative normalized-MFCC gradient-boosting path: 2-fold internal-CV best_score=0.66499; holdout n=947 weighted precision=0.71, recall=0.70, F1=0.69",https://github.com/ShaheenPerveen/Speech_Emotion_Recognition_IEMOCAP/blob/1f2a835abbf1fbce138b7c26e7e2eb74b35b8147/Model_Codes/ML_DL_Models_Using_MFCC/ML_with_MFCC_Normalized.ipynb#L1 (cells 35-38),Cells 35-38 identify the selected gradient-boosting path and give a concrete holdout classification report; the original value left those available holdout metrics unspecified.
https://github.com/sss3799/audio_emotion_recognition,d83a682e7b0abe95fa983ce0323bb71010cd2af5,9,p0_6_alt_search,agree,disagree,reported_results,RAVDESS holdout accuracy=60.7433%,RAVDESS holdout n=9122: accuracy=60.7433%; macro precision/recall/F1=0.63/0.65/0.64; weighted precision/recall/F1=0.61/0.61/0.61,https://github.com/sss3799/audio_emotion_recognition/blob/d83a682e7b0abe95fa983ce0323bb71010cd2af5/hsl621_emotion_recognition.ipynb#L1 (cells 45-50),Cell 50 reports macro and weighted classification metrics in addition to the exact accuracy from cell 46; the protocol requires available metric types to be recorded without collapsing them.
https://github.com/neerajk23-cmd/Speech-Emotion-Recognition-on-RAVDESS-Dataset,516bc2802eddc65dc382c7d51cd0384410c3e056,10,p0_6_alt_search,agree,disagree,evidence_strength,high,medium,https://github.com/neerajk23-cmd/Speech-Emotion-Recognition-on-RAVDESS-Dataset/blob/516bc2802eddc65dc382c7d51cd0384410c3e056/cnn-final-ee708-project.ipynb#L1 (cells 5-6) | https://github.com/neerajk23-cmd/Speech-Emotion-Recognition-on-RAVDESS-Dataset/blob/516bc2802eddc65dc382c7d51cd0384410c3e056/Evaluation_Test_Data.ipynb#L1 (cells 6-10) | https://github.com/neerajk23-cmd/Speech-Emotion-Recognition-on-RAVDESS-Dataset/blob/516bc2802eddc65dc382c7d51cd0384410c3e056/Description.txt#L1-L18,"Actor-disjoint dataset organization and evaluation outputs are clear, but the exact evaluated checkpoint provenance requires inference from an external Kaggle input."
https://github.com/neerajk23-cmd/Speech-Emotion-Recognition-on-RAVDESS-Dataset,516bc2802eddc65dc382c7d51cd0384410c3e056,10,p0_6_alt_search,agree,disagree,notes,P0.5 draw_rank=10; the final test is speaker-disjoint even though the inner validation split is not grouped. Static inspection only; candidate torchaudio code was not run. || draw_rank=10; initial_batch=p0_5_audit_root.csv,P0.5 draw_rank=10; the final test is speaker-disjoint even though the inner validation split is not grouped. Static inspection only; candidate torchaudio code was not run. The reported test output loads an external Kaggle checkpoint whose exact frozen-training provenance is unavailable. || draw_rank=10; initial_batch=p0_5_audit_root.csv,https://github.com/neerajk23-cmd/Speech-Emotion-Recognition-on-RAVDESS-Dataset/blob/516bc2802eddc65dc382c7d51cd0384410c3e056/cnn-final-ee708-project.ipynb#L1 (cells 5-6) | https://github.com/neerajk23-cmd/Speech-Emotion-Recognition-on-RAVDESS-Dataset/blob/516bc2802eddc65dc382c7d51cd0384410c3e056/Evaluation_Test_Data.ipynb#L1 (cells 6-10) (Evaluation_Test_Data cells 6-10),The checkpoint provenance limitation materially qualifies reproducibility and should be preserved in notes. Consolidation preserves the deterministic assembly-provenance suffix.
https://github.com/neerajk23-cmd/Speech-Emotion-Recognition-on-RAVDESS-Dataset,516bc2802eddc65dc382c7d51cd0384410c3e056,10,p0_6_alt_search,agree,disagree,reported_results,held-out actors 20-24: accuracy=62.33% on 300 utterances,held-out actors 20-24 (n=300): accuracy=62.33%; weighted precision=61.18%; weighted recall=62.33%; weighted F1=61.11%,https://github.com/neerajk23-cmd/Speech-Emotion-Recognition-on-RAVDESS-Dataset/blob/516bc2802eddc65dc382c7d51cd0384410c3e056/cnn-final-ee708-project.ipynb#L1 (cells 5-6) | https://github.com/neerajk23-cmd/Speech-Emotion-Recognition-on-RAVDESS-Dataset/blob/516bc2802eddc65dc382c7d51cd0384410c3e056/Evaluation_Test_Data.ipynb#L1 (cells 6-10) (Evaluation_Test_Data cells 8-10),"The stored evaluation prints precision, recall, and F1 alongside accuracy; these available main metrics should be retained."
https://github.com/neerajk23-cmd/Speech-Emotion-Recognition-on-RAVDESS-Dataset,516bc2802eddc65dc382c7d51cd0384410c3e056,10,p0_6_alt_search,agree,disagree,result_code_link,direct,uncertain,https://github.com/neerajk23-cmd/Speech-Emotion-Recognition-on-RAVDESS-Dataset/blob/516bc2802eddc65dc382c7d51cd0384410c3e056/cnn-final-ee708-project.ipynb#L1 (cells 5-6) | https://github.com/neerajk23-cmd/Speech-Emotion-Recognition-on-RAVDESS-Dataset/blob/516bc2802eddc65dc382c7d51cd0384410c3e056/Evaluation_Test_Data.ipynb#L1 (cells 6-10) (training cell 6 saves best_emotion_model.pth; evaluation cells 6-7 load /kaggle/input/model-emotion/best_emotion_model.pth),"The numeric result uses a checkpoint from an external Kaggle input path. The frozen repository has no file at that exact path/name, so the evaluated weights cannot be uniquely tied to the frozen training run."
https://github.com/revatipimparkar/Facial-Emotion-Recognition-in-Humans,9056c8458889a1e810700b74d8c87700bab15c36,11,p0_6_alt_search,agree,agree,,,,https://github.com/revatipimparkar/Facial-Emotion-Recognition-in-Humans/blob/9056c8458889a1e810700b74d8c87700bab15c36/README.md#L1-L4 | https://github.com/revatipimparkar/Facial-Emotion-Recognition-in-Humans/blob/9056c8458889a1e810700b74d8c87700bab15c36/Final_Emotion_recognition_cnn.ipynb#L1,"Eligibility exclusion agrees: E1_not_SER. README and notebook implement facial/image emotion recognition from CREMA-D video frames, not speech emotion recognition."
https://github.com/shreyash-alt/Emotion_Recognition_RAVDESS,36743de708023c2ae1a5aa7b538e79b79c3337cd,12,p0_8_voiceprint,agree,agree,,,,"Frozen HEAD verified; README.md:L9-L22,L81-L89; emotionravdess2.ipynb:L348-L390,L537-L594,L1103-L1216; classification_report.txt:L1-L14; https://github.com/shreyash-alt/Emotion_Recognition_RAVDESS/blob/36743de708023c2ae1a5aa7b538e79b79c3337cd/emotionravdess2.ipynb#L537-L594; https://github.com/shreyash-alt/Emotion_Recognition_RAVDESS/blob/36743de708023c2ae1a5aa7b538e79b79c3337cd/emotionravdess2.ipynb#L1103-L1216",Independent frozen-commit reread found the Stage-B eligibility decision and all 38 audit fields consistent with the protocol.
https://github.com/KangHyunWook/Pytorch-implementation-of-Multimodal-emotion-recognition-on-RAVDESS-dataset,dd366fbcde5a8248195a47b7c0efd974f25f74c2,13,p0_8_voiceprint,agree,disagree,notes,"README says raw preprocessing will be uploaded. sklearn.utils.shuffle at train.py:L36 occurs before numpy/torch seeds are set at L141-L148, so the single split is not reproducible from the stated seed. Only the full-model path is directly visible; ablation result linkage is partial. || draw_rank=13; initial_batch=p0_5_audit_batch_12_20.csv","README says raw preprocessing will be uploaded. sklearn.utils.shuffle at train.py:L36 occurs before numpy/torch seeds are set at L141-L148, so the single split is not reproducible from the stated seed. Only the full-model path is directly visible; ablation result linkage is partial. Additionally, the fixed slice endpoints create one exact dev/test record overlap; that record participates in dev-loss checkpoint selection, motivating observed_overlap and yes_explicit. || draw_rank=13; initial_batch=p0_5_audit_batch_12_20.csv","au_mfcc.pkl read-only static inventory: 1,440 unique RAVDESS keys; train.py:L36,L130-L148,L224-L252; https://github.com/KangHyunWook/Pytorch-implementation-of-Multimodal-emotion-recognition-on-RAVDESS-dataset/blob/dd366fbcde5a8248195a47b7c0efd974f25f74c2/train.py#L130-L148; https://github.com/KangHyunWook/Pytorch-implementation-of-Multimodal-emotion-recognition-on-RAVDESS-dataset/blob/dd366fbcde5a8248195a47b7c0efd974f25f74c2/train.py#L224-L252",The material overlap and its downstream selection consequence should remain visible in the row-level audit note. Consolidation preserves the deterministic assembly-provenance suffix.
https://github.com/KangHyunWook/Pytorch-implementation-of-Multimodal-emotion-recognition-on-RAVDESS-dataset,dd366fbcde5a8248195a47b7c0efd974f25f74c2,13,p0_8_voiceprint,agree,disagree,speaker_disjointness,not_enforced,observed_overlap,"Read-only static string inventory of au_mfcc.pkl found 1,440 unique RAVDESS keys; train.py:L130-L139 places the identical source row at index 1259 in both dev and final test; https://github.com/KangHyunWook/Pytorch-implementation-of-Multimodal-emotion-recognition-on-RAVDESS-dataset/blob/dd366fbcde5a8248195a47b7c0efd974f25f74c2/train.py#L130-L139","An identical utterance in two evaluation subsets necessarily carries the same speaker, satisfying the protocol's observed-overlap threshold rather than merely lack of enforcement."
https://github.com/KangHyunWook/Pytorch-implementation-of-Multimodal-emotion-recognition-on-RAVDESS-dataset,dd366fbcde5a8248195a47b7c0efd974f25f74c2,13,p0_8_voiceprint,agree,disagree,split_by_dataset,RAVDESS=random_utterance_shuffle_then_fixed_train/dev/test_slices,RAVDESS=random_utterance_shuffle_then_fixed_slices_with_one_dev/test_record_overlap,"Read-only static string inventory of au_mfcc.pkl found 1,440 unique RAVDESS keys; train.py:L130-L139 gives test indices 1259..1438, retained-data indices 0..1259, and dev indices 1020..1259, so index 1259 is shared; https://github.com/KangHyunWook/Pytorch-implementation-of-Multimodal-emotion-recognition-on-RAVDESS-dataset/blob/dd366fbcde5a8248195a47b7c0efd974f25f74c2/train.py#L130-L139",The initial detail omits a deterministic one-record dev/test overlap created by the slice endpoints.
https://github.com/KangHyunWook/Pytorch-implementation-of-Multimodal-emotion-recognition-on-RAVDESS-dataset,dd366fbcde5a8248195a47b7c0efd974f25f74c2,13,p0_8_voiceprint,agree,disagree,split_evidence,train.py:L17-L41 shuffles feature rows without actor grouping; L119-L139 takes fixed slices after that shuffle [https://github.com/KangHyunWook/Pytorch-implementation-of-Multimodal-emotion-recognition-on-RAVDESS-dataset/blob/dd366fbcde5a8248195a47b7c0efd974f25f74c2/train.py#L119-L139],"train.py:L17-L41 shuffles feature rows without actor grouping. A read-only static inventory finds 1,440 unique keys in au_mfcc.pkl; at train.py:L130-L139, test indices 1259..1438 and dev indices 1020..1259 share row 1259 [https://github.com/KangHyunWook/Pytorch-implementation-of-Multimodal-emotion-recognition-on-RAVDESS-dataset/blob/dd366fbcde5a8248195a47b7c0efd974f25f74c2/train.py#L119-L139]","Read-only static string inventory of au_mfcc.pkl found 1,440 unique RAVDESS keys; train.py:L17-L41,L119-L139 closes shuffle and slice membership; https://github.com/KangHyunWook/Pytorch-implementation-of-Multimodal-emotion-recognition-on-RAVDESS-dataset/blob/dd366fbcde5a8248195a47b7c0efd974f25f74c2/train.py#L119-L139",The original evidence establishes random row slicing but fails to record the directly reconstructible overlap.
https://github.com/KangHyunWook/Pytorch-implementation-of-Multimodal-emotion-recognition-on-RAVDESS-dataset,dd366fbcde5a8248195a47b7c0efd974f25f74c2,13,p0_8_voiceprint,agree,disagree,test_selection,no_separate_validation,yes_explicit,"Read-only static string inventory of au_mfcc.pkl found 1,440 unique RAVDESS keys; train.py:L130-L139 places row 1259 in both dev and final test; train.py:L224-L249 uses dev loss for checkpointing and early stopping, then L251-L252 reports final test; https://github.com/KangHyunWook/Pytorch-implementation-of-Multimodal-emotion-recognition-on-RAVDESS-dataset/blob/dd366fbcde5a8248195a47b7c0efd974f25f74c2/train.py#L130-L139; https://github.com/KangHyunWook/Pytorch-implementation-of-Multimodal-emotion-recognition-on-RAVDESS-dataset/blob/dd366fbcde5a8248195a47b7c0efd974f25f74c2/train.py#L224-L252","One final-test record contributes to every dev-loss calculation that drives checkpoint and stopping decisions, so the final test is not fully separate."
https://github.com/KangHyunWook/Pytorch-implementation-of-Multimodal-emotion-recognition-on-RAVDESS-dataset,dd366fbcde5a8248195a47b7c0efd974f25f74c2,13,p0_8_voiceprint,agree,disagree,test_selection_by_dataset,RAVDESS=no_separate_validation_dev_selects_checkpoint_test_runs_afterward,RAVDESS=yes_explicit_one_final_test_record_overlaps_dev_and_drives_checkpoint_selection,"Read-only static string inventory of au_mfcc.pkl found 1,440 unique RAVDESS keys; train.py:L130-L139 places row 1259 in both dev and final test; train.py:L224-L249 selects on dev loss; https://github.com/KangHyunWook/Pytorch-implementation-of-Multimodal-emotion-recognition-on-RAVDESS-dataset/blob/dd366fbcde5a8248195a47b7c0efd974f25f74c2/train.py#L130-L139; https://github.com/KangHyunWook/Pytorch-implementation-of-Multimodal-emotion-recognition-on-RAVDESS-dataset/blob/dd366fbcde5a8248195a47b7c0efd974f25f74c2/train.py#L224-L249",The dataset-level mapping must reflect the exact dev/test overlap that changes the parent category.
https://github.com/KangHyunWook/Pytorch-implementation-of-Multimodal-emotion-recognition-on-RAVDESS-dataset,dd366fbcde5a8248195a47b7c0efd974f25f74c2,13,p0_8_voiceprint,agree,disagree,test_selection_evidence,train.py:L224-L249 selects/saves on dev loss and L251-L252 invokes test only afterward [https://github.com/KangHyunWook/Pytorch-implementation-of-Multimodal-emotion-recognition-on-RAVDESS-dataset/blob/dd366fbcde5a8248195a47b7c0efd974f25f74c2/train.py#L224-L252],"A read-only static inventory finds 1,440 unique keys in au_mfcc.pkl. train.py:L130-L139 makes test indices 1259..1438 and dev indices 1020..1259, sharing row 1259; L224-L249 uses dev loss for checkpointing/early stopping and L251-L252 evaluates final test [https://github.com/KangHyunWook/Pytorch-implementation-of-Multimodal-emotion-recognition-on-RAVDESS-dataset/blob/dd366fbcde5a8248195a47b7c0efd974f25f74c2/train.py#L130-L139; https://github.com/KangHyunWook/Pytorch-implementation-of-Multimodal-emotion-recognition-on-RAVDESS-dataset/blob/dd366fbcde5a8248195a47b7c0efd974f25f74c2/train.py#L224-L252]","Read-only static string inventory of au_mfcc.pkl found 1,440 unique RAVDESS keys; train.py:L130-L139 reconstructs the shared row and L224-L252 closes its checkpoint/test use; https://github.com/KangHyunWook/Pytorch-implementation-of-Multimodal-emotion-recognition-on-RAVDESS-dataset/blob/dd366fbcde5a8248195a47b7c0efd974f25f74c2/train.py#L130-L139; https://github.com/KangHyunWook/Pytorch-implementation-of-Multimodal-emotion-recognition-on-RAVDESS-dataset/blob/dd366fbcde5a8248195a47b7c0efd974f25f74c2/train.py#L224-L252",The original evidence considers call order but not set membership; set reconstruction overturns the separation claim.
https://github.com/AnkushMalaker/pretrained-dcnn-attention-ser,6d5e27b6cb17d92c9d61c2c023faf518f651bcef,14,p0_8_voiceprint,agree,agree,,,,"Frozen HEAD verified; README.md:L9-L14,L27-L37,L62-L65; utils.py:L20-L88; train.py:L33-L39; SpeechModel.py and inference/test paths reviewed; https://github.com/AnkushMalaker/pretrained-dcnn-attention-ser/blob/6d5e27b6cb17d92c9d61c2c023faf518f651bcef/utils.py#L20-L88; https://github.com/AnkushMalaker/pretrained-dcnn-attention-ser/blob/6d5e27b6cb17d92c9d61c2c023faf518f651bcef/train.py#L33-L39",Independent frozen-commit reread found the Stage-B eligibility decision and all 38 audit fields consistent with the protocol.
https://github.com/dori2063/SER_Augmentation_CycleGAN,86648637f4fd5dcb564ff2c579fd7cbbe7816f0d,15,p0_8_voiceprint,agree,agree,,,,"Frozen HEAD verified; README.md:L1-L4; run.py:L38-L41,L89-L225; model/mainmodel.py:L329-L364; model/utils.py and full frozen tree reviewed; https://github.com/dori2063/SER_Augmentation_CycleGAN/blob/86648637f4fd5dcb564ff2c579fd7cbbe7816f0d/run.py#L38-L41; https://github.com/dori2063/SER_Augmentation_CycleGAN/blob/86648637f4fd5dcb564ff2c579fd7cbbe7816f0d/run.py#L89-L225",Independent frozen-commit reread found the Stage-B eligibility decision and all 38 audit fields consistent with the protocol.
https://github.com/sanskardherange/codeAlpha_EmotionRecognition,9b8d1fc934a62c0b1b155ab2feb9d113d85a70f3,16,p0_8_voiceprint,agree,agree,,,,"Frozen HEAD verified; README.md:L14-L20,L51-L58; extract_features.py:L12-L35; train_model.py:L8-L31; committed data tree and features.csv counts checked read-only; https://github.com/sanskardherange/codeAlpha_EmotionRecognition/blob/9b8d1fc934a62c0b1b155ab2feb9d113d85a70f3/extract_features.py#L12-L35; https://github.com/sanskardherange/codeAlpha_EmotionRecognition/blob/9b8d1fc934a62c0b1b155ab2feb9d113d85a70f3/train_model.py#L8-L31",Independent frozen-commit reread found the Stage-B eligibility decision and all 38 audit fields consistent with the protocol.
https://github.com/didar-ali-deed/A-hybrid-Approach-To-SER,5f704dd990a586d0485dca16aeb66048e049a8ee,17,p0_8_voiceprint,agree,agree,,,,Frozen HEAD verified; scripts/preprocess.py:L93-L110; scripts/wav2vec_feature_extraction.py:L13-L54; scripts/train_emotion_classifier.py:L52-L175; both classifier paths and results files reviewed; https://github.com/didar-ali-deed/A-hybrid-Approach-To-SER/blob/5f704dd990a586d0485dca16aeb66048e049a8ee/scripts/train_emotion_classifier.py#L52-L175; https://github.com/didar-ali-deed/A-hybrid-Approach-To-SER/blob/5f704dd990a586d0485dca16aeb66048e049a8ee/results/results.txt#L1,Independent frozen-commit reread found the Stage-B eligibility decision and all 38 audit fields consistent with the protocol.
https://github.com/fdebrain/Speech-Emotion-Recognition-Emo-DB,55bc617644d61d8c5ce9d46df954776ece525f45,18,p0_8_voiceprint,agree,agree,,,,"Frozen HEAD verified; modules/formatter.py:L18-L64; app.py:L33-L39; modules/pipeline.py and modules/training.py:L63-L76; emo_db_SER.ipynb:L204-L212,L522-L595,L843-L900; https://github.com/fdebrain/Speech-Emotion-Recognition-Emo-DB/blob/55bc617644d61d8c5ce9d46df954776ece525f45/modules/formatter.py#L18-L64; https://github.com/fdebrain/Speech-Emotion-Recognition-Emo-DB/blob/55bc617644d61d8c5ce9d46df954776ece525f45/emo_db_SER.ipynb#L522-L595",Independent frozen-commit reread found the Stage-B eligibility decision and all 38 audit fields consistent with the protocol.
https://github.com/Susi-brambilla/emotion-recognition-RAVDESS,7f56fb9ca521c37a06c0a856641536b547eca483,19,p0_8_voiceprint,agree,agree,,,,"Frozen HEAD verified; Susanna-Brambilla.pdf:p.5 Table 1 and p.7 visually reread; feature_extractor.py:L47-L120,L183-L186; train_val_set.py:L39-L114; audio/video model train-test paths reviewed; https://github.com/Susi-brambilla/emotion-recognition-RAVDESS/blob/7f56fb9ca521c37a06c0a856641536b547eca483/train_val_set.py#L39-L114; https://github.com/Susi-brambilla/emotion-recognition-RAVDESS/blob/7f56fb9ca521c37a06c0a856641536b547eca483/Susanna-Brambilla.pdf","Independent frozen-commit reread found the Stage-B eligibility decision and all 38 audit fields consistent with the protocol, including the PDF values and paper-code limitation."
https://github.com/Omkar-Gode/Speech-Emotion-Recognition,ee0719fab738c68914a71ababe5a914a29fc6cbd,20,p0_8_voiceprint,agree,agree,,,,"Frozen HEAD verified; README.md:L3-L5; Speech_Emotion_Recognition.ipynb:L1894-L1952,L2640-L2736,L3141-L3197,L3545-L3561; https://github.com/Omkar-Gode/Speech-Emotion-Recognition/blob/ee0719fab738c68914a71ababe5a914a29fc6cbd/Speech_Emotion_Recognition.ipynb#L1894-L1952; https://github.com/Omkar-Gode/Speech-Emotion-Recognition/blob/ee0719fab738c68914a71ababe5a914a29fc6cbd/Speech_Emotion_Recognition.ipynb#L2640-L3197",Independent frozen-commit reread found the Stage-B eligibility decision and all 38 audit fields consistent with the protocol.
https://github.com/Kani2k06/CODEALPHA-TASK-2,2eebb43d86c9121b7fb700c540704f512617d3f1,21,qa,agree,agree,,,,training.py:L18-L33 defines and calls only load_tess_data; training.py:L48-L74 trains and evaluates only that TESS flow; https://github.com/Kani2k06/CODEALPHA-TASK-2/blob/2eebb43d86c9121b7fb700c540704f512617d3f1/training.py#L18-L74,"Stage-B exclusion agrees: README mentions RAVDESS and EMO-DB, but the frozen active path evaluates only TESS, so E2_target_not_evaluated is the first applicable exclusion."
https://github.com/daribdb/speech-emotion-recognition-iemocap,785c4433a31ff0bfe86eee5a6230a4fa5aebc6dc,22,qa,agree,agree,,,,"iemocap_emotion_recognition_csv.ipynb:L201-L240 parses speaker identity; L793-L924 implements ten speaker-held-out folds with a separate validation speaker, train-only augmentation, validation checkpointing and one post-selection test call; L943-L952 reports across-fold mean and SD; https://github.com/daribdb/speech-emotion-recognition-iemocap/blob/785c4433a31ff0bfe86eee5a6230a4fa5aebc6dc/iemocap_emotion_recognition_csv.ipynb#L793-L952","All 38 fields agree after independent static reread; the README-designated main notebook, not the secondary random-split notebook, is the audited primary path."
https://github.com/Yaowan410/Emotion-Aware-subtitles,dc64ec9a268d2229211b51b9c76bf6fff01f6c49,23,qa,agree,agree,,,,Model.py:L38-L64 fixes seed 42; L90-L101 makes one label-stratified 90/10 utterance split; L177-L215 uses deterministic per-utterance processing without augmentation; L368-L481 selects the best checkpoint on the sole holdout; bundled PDF pp.1-3 and 7 plus Result/WechatIMG1657.jpg support the reported validation result and the documented code-paper mismatch; https://github.com/Yaowan410/Emotion-Aware-subtitles/blob/dc64ec9a268d2229211b51b9c76bf6fff01f6c49/Model.py#L90-L101,"All 38 fields agree. The paper specifies random six-second crops and Gaussian noise, but frozen Model.py deterministically truncates both loaders and adds neither; retaining paper_code_discrepancy=yes, result_code_link=partial and evidence_strength=medium is warranted."
https://github.com/Mayureshkore07/Cross-Dataset-Speech-Emotion-Recognition-Using-Deep-Learning,7172379c53268a4f0b7fceacb91792efeddca247,24,qb,agree,agree,,,,"README.md:L14,L53-L60,L215-L244; notebooks/01_Data_Preparation/01_prepare_ravdess.ipynb and 02_prepare_crema_d.ipynb retain corpus-qualified speaker IDs; 04_dataset_split.ipynb:L220-L288 creates and verifies speaker-disjoint sets; 23_CNN_3emotions.ipynb:L39-L145,L285-L400 closes the final data, normalization, validation and test path; https://github.com/Mayureshkore07/Cross-Dataset-Speech-Emotion-Recognition-Using-Deep-Learning/blob/7172379c53268a4f0b7fceacb91792efeddca247/notebooks/01_Data_Preparation/04_dataset_split.ipynb#L220-L288; https://github.com/Mayureshkore07/Cross-Dataset-Speech-Emotion-Recognition-Using-Deep-Learning/blob/7172379c53268a4f0b7fceacb91792efeddca247/notebooks/04_Final_Model/23_CNN_3emotions.ipynb#L39-L145; https://github.com/Mayureshkore07/Cross-Dataset-Speech-Emotion-Recognition-Using-Deep-Learning/blob/7172379c53268a4f0b7fceacb91792efeddca247/notebooks/04_Final_Model/23_CNN_3emotions.ipynb#L285-L400","Frozen HEAD, Stage-B eligibility and all 38 initial fields agree after independent static reread."
https://github.com/VeerR13/Speech-Emotion-Recognition,39473a22021ffe5a661bf6c53380309ba7a533ef,25,qb,agree,disagree,result_code_link,direct,partial,"README.md:L15-L25 claims standard-test accuracy=89.29% and macro-F1=91.09% without TTA; SER_v2_kaggle.ipynb:L245-L252 has no stored output and computes standard accuracy but macro-F1 only for TTA; SER_colab_eval.ipynb:L400-L436 loads an externally supplied best_ser_v2.keras, computes standard accuracy at L427-L428, and computes macro-F1 only from TTA predictions at L434-L436; the frozen tree contains models/best_ser_model.keras, not the referenced best_ser_v2.keras; https://github.com/VeerR13/Speech-Emotion-Recognition/blob/39473a22021ffe5a661bf6c53380309ba7a533ef/README.md#L15-L25; https://github.com/VeerR13/Speech-Emotion-Recognition/blob/39473a22021ffe5a661bf6c53380309ba7a533ef/SER_v2_kaggle.ipynb#L245-L252; https://github.com/VeerR13/Speech-Emotion-Recognition/blob/39473a22021ffe5a661bf6c53380309ba7a533ef/SER_colab_eval.ipynb#L400-L436","The standard-accuracy evaluation path is direct, but the exact claimed standard/no-TTA macro-F1 and the referenced weight are not closed inside the frozen repository. The combined reported result is therefore only partially linked, not fully direct."
https://github.com/yipenglai/Audio-Emotion-Classification,426d7d473238777ef4e33fdb8d8e053f8cdaae48,26,qb,agree,agree,,,,"meta_data.csv:L1-L10 identifies RAVDESS utterance metadata including actors; crnn/train.ipynb:L158-L176 defines the seven-class run, L208-L287 repeatedly scores the held-out fold and retains its maximum macro recall, L4635-L4709 fits normalization on each training fold and performs four label-only StratifiedKFold runs, and L14392-L14440 stores four fold values plus mean=0.68155 and SD=0.01009; https://github.com/yipenglai/Audio-Emotion-Classification/blob/426d7d473238777ef4e33fdb8d8e053f8cdaae48/crnn/train.ipynb#L208-L287; https://github.com/yipenglai/Audio-Emotion-Classification/blob/426d7d473238777ef4e33fdb8d8e053f8cdaae48/crnn/train.ipynb#L4635-L4709; https://github.com/yipenglai/Audio-Emotion-Classification/blob/426d7d473238777ef4e33fdb8d8e053f8cdaae48/crnn/train.ipynb#L14392-L14440","Frozen HEAD, Stage-B eligibility and all 38 initial fields agree after independent static reread."
https://github.com/VishHUB1/Multimodal-SER,f268b8309889cfc59a2dc8e1cf4aa4c47eb631fc,27,qc,agree,disagree,split_by_dataset,"CREMA-D=random image/utterance-level 70/30 stratified holdout, random_state=42","CREMA-D=random framed-spectrogram-window/image-level 70/30 stratified holdout, random_state=42; no grouping by source utterance or actor",Mel_framing_window.py:L64-L125 creates several named window images per source utterance before Inception_framing.py:L31-L43 loads every image and L156-L176 applies ordinary train_test_split over image paths and labels without utterance/actor groups; https://github.com/VishHUB1/Multimodal-SER/blob/f268b8309889cfc59a2dc8e1cf4aa4c47eb631fc/Mel_framing_window.py#L64-L125; https://github.com/VishHUB1/Multimodal-SER/blob/f268b8309889cfc59a2dc8e1cf4aa4c47eb631fc/Inception_framing.py#L31-L43; https://github.com/VishHUB1/Multimodal-SER/blob/f268b8309889cfc59a2dc8e1cf4aa4c47eb631fc/Inception_framing.py#L156-L176,The initial image/utterance wording conflates two analysis units. The frozen path splits generated window images and carries neither source-utterance nor actor identifiers into the splitter.
https://github.com/VishHUB1/Multimodal-SER,f268b8309889cfc59a2dc8e1cf4aa4c47eb631fc,27,qc,agree,disagree,split_evidence,Inception_framing.py:L156-L176 performs ordinary train_test_split over spectrogram paths and labels; https://github.com/VishHUB1/Multimodal-SER/blob/f268b8309889cfc59a2dc8e1cf4aa4c47eb631fc/Inception_framing.py#L156-L176,Mel_framing_window.py:L64-L125 writes multiple spec_i_window_w images per source file; Inception_framing.py:L31-L43 loads all generated images and L156-L176 randomly splits those image paths with no source-utterance/actor groups; https://github.com/VishHUB1/Multimodal-SER/blob/f268b8309889cfc59a2dc8e1cf4aa4c47eb631fc/Mel_framing_window.py#L64-L125; https://github.com/VishHUB1/Multimodal-SER/blob/f268b8309889cfc59a2dc8e1cf4aa4c47eb631fc/Inception_framing.py#L31-L43; https://github.com/VishHUB1/Multimodal-SER/blob/f268b8309889cfc59a2dc8e1cf4aa4c47eb631fc/Inception_framing.py#L156-L176,The initial evidence proves a random image split but omits the upstream one-to-many source-utterance-to-window generation needed to identify the actual split unit.,The proposed evidence closes the upstream one-to-many source-utterance-to-window generation and the downstream ungrouped image split that the initial evidence omitted.
https://github.com/VishHUB1/Multimodal-SER,f268b8309889cfc59a2dc8e1cf4aa4c47eb631fc,27,qc,agree,disagree,test_selection,test_exposed_each_epoch,yes_explicit,"framing_window_analyzer.py:L137-L173 trains and evaluates each candidate window on X_test; L178-L220 assigns half of the selection score to test_accuracy and returns the maximum; L222-L263 calls this selection workflow; Mel_framing_window.py:L47-L51 labels the fixed 31-frame setting as a parameter from analysis; README.md:L1-L2 highlights that 31-frame setting and the 75%-to-94% claim; Inception_framing.py:L45-L109,L188-L206 additionally reuses its sole test loader every epoch; https://github.com/VishHUB1/Multimodal-SER/blob/f268b8309889cfc59a2dc8e1cf4aa4c47eb631fc/framing_window_analyzer.py#L137-L173; https://github.com/VishHUB1/Multimodal-SER/blob/f268b8309889cfc59a2dc8e1cf4aa4c47eb631fc/framing_window_analyzer.py#L178-L220; https://github.com/VishHUB1/Multimodal-SER/blob/f268b8309889cfc59a2dc8e1cf4aa4c47eb631fc/framing_window_analyzer.py#L222-L263; https://github.com/VishHUB1/Multimodal-SER/blob/f268b8309889cfc59a2dc8e1cf4aa4c47eb631fc/Mel_framing_window.py#L47-L51; https://github.com/VishHUB1/Multimodal-SER/blob/f268b8309889cfc59a2dc8e1cf4aa4c47eb631fc/README.md#L1-L2; https://github.com/VishHUB1/Multimodal-SER/blob/f268b8309889cfc59a2dc8e1cf4aa4c47eb631fc/Inception_framing.py#L45-L109; https://github.com/VishHUB1/Multimodal-SER/blob/f268b8309889cfc59a2dc8e1cf4aa4c47eb631fc/Inception_framing.py#L188-L206",The frozen analysis path does more than expose a holdout each epoch: it programmatically chooses the window-size hyperparameter partly from holdout test accuracy. Under the frozen dictionary this is yes_explicit and subsumes the separately observed per-epoch exposure.
https://github.com/VishHUB1/Multimodal-SER,f268b8309889cfc59a2dc8e1cf4aa4c47eb631fc,27,qc,agree,disagree,test_selection_by_dataset,CREMA-D=the sole test loader is passed as val_loader and scored every epoch; no automatic best-epoch selection statement is present,CREMA-D=the sole held-out subset is reused each epoch; the window-size analyzer also scores candidate windows on X_test and programmatically chooses the optimum partly from test_accuracy; no independent final test is documented,framing_window_analyzer.py:L137-L173 sends X_test to validation_data and model.evaluate; L178-L220 uses test_accuracy in the maximizing score; L222-L263 executes the candidate-window search; Inception_framing.py:L188-L206 passes and reuses test_loader; https://github.com/VishHUB1/Multimodal-SER/blob/f268b8309889cfc59a2dc8e1cf4aa4c47eb631fc/framing_window_analyzer.py#L137-L220; https://github.com/VishHUB1/Multimodal-SER/blob/f268b8309889cfc59a2dc8e1cf4aa4c47eb631fc/framing_window_analyzer.py#L222-L263; https://github.com/VishHUB1/Multimodal-SER/blob/f268b8309889cfc59a2dc8e1cf4aa4c47eb631fc/Inception_framing.py#L188-L206,The initial detail records per-epoch exposure but omits the explicit holdout-driven window selection that fixes the README-highlighted 31-frame configuration.
https://github.com/VishHUB1/Multimodal-SER,f268b8309889cfc59a2dc8e1cf4aa4c47eb631fc,27,qc,agree,disagree,test_selection_evidence,Inception_framing.py:L45-L109 evaluates val_loader each epoch and L188-L206 passes/reuses test_loader; https://github.com/VishHUB1/Multimodal-SER/blob/f268b8309889cfc59a2dc8e1cf4aa4c47eb631fc/Inception_framing.py#L45-L109,"framing_window_analyzer.py:L137-L173 uses X_test for every candidate's validation and evaluation; L178-L220 directly includes test_accuracy in the maximizing window score; L222-L263 invokes the search. Mel_framing_window.py:L47-L51 fixes a 31-frame parameter from analysis, and README.md:L1-L2 highlights that setting/result. Inception_framing.py:L45-L109,L188-L206 separately scores the final test loader each epoch; https://github.com/VishHUB1/Multimodal-SER/blob/f268b8309889cfc59a2dc8e1cf4aa4c47eb631fc/framing_window_analyzer.py#L137-L173; https://github.com/VishHUB1/Multimodal-SER/blob/f268b8309889cfc59a2dc8e1cf4aa4c47eb631fc/framing_window_analyzer.py#L178-L220; https://github.com/VishHUB1/Multimodal-SER/blob/f268b8309889cfc59a2dc8e1cf4aa4c47eb631fc/framing_window_analyzer.py#L222-L263; https://github.com/VishHUB1/Multimodal-SER/blob/f268b8309889cfc59a2dc8e1cf4aa4c47eb631fc/Mel_framing_window.py#L47-L51; https://github.com/VishHUB1/Multimodal-SER/blob/f268b8309889cfc59a2dc8e1cf4aa4c47eb631fc/README.md#L1-L2; https://github.com/VishHUB1/Multimodal-SER/blob/f268b8309889cfc59a2dc8e1cf4aa4c47eb631fc/Inception_framing.py#L45-L109; https://github.com/VishHUB1/Multimodal-SER/blob/f268b8309889cfc59a2dc8e1cf4aa4c47eb631fc/Inception_framing.py#L188-L206",The initial evidence omits the definition-call-data-flow chain for explicit window selection and its sole permalink does not cover the cited L188-L206 test-loader reuse.,The proposed evidence closes the analyzer definition-call-data-flow chain and adds the missing permanent link for Inception_framing.py:L188-L206.
https://github.com/VINUVPOTTY/voice-emotion-recognition-ravdess,6a861f77a01ca7ad75336219f220920ce0a36af3,28,p0_7_reliability,agree,agree,,,,"train.py:L33-L49,L54-L109,L138-L157; README.md:L165-L175; https://github.com/VINUVPOTTY/voice-emotion-recognition-ravdess/blob/6a861f77a01ca7ad75336219f220920ce0a36af3/train.py#L54-L109; https://github.com/VINUVPOTTY/voice-emotion-recognition-ravdess/blob/6a861f77a01ca7ad75336219f220920ce0a36af3/train.py#L138-L157","Frozen HEAD, Stage-B eligibility, all 38 fields, and every cited active-path judgment agree; no field change proposed."
https://github.com/flaviorainhoavila/IEMOCAPspeechEmotionRecognition,ac73e9f95b23f132cdf60ccbd39d0807b60e2db0,29,p0_7_reliability,agree,agree,,,,"emo_rec.ipynb:L122-L133,L250-L355; https://github.com/flaviorainhoavila/IEMOCAPspeechEmotionRecognition/blob/ac73e9f95b23f132cdf60ccbd39d0807b60e2db0/emo_rec.ipynb#L122-L133; https://github.com/flaviorainhoavila/IEMOCAPspeechEmotionRecognition/blob/ac73e9f95b23f132cdf60ccbd39d0807b60e2db0/emo_rec.ipynb#L250-L355","Frozen HEAD, Stage-B eligibility, all 38 fields, and the sole random validation-holdout path agree; no field change proposed."
https://github.com/vikrant-3009/SpeechEmotionRecognition,8268ac652980817c71da0215da5fc2a5f949711c,30,p0_7_reliability,agree,disagree,repetition_evidence,main.ipynb:L85-L110 creates one split and L193-L232 one fit/evaluation; https://github.com/vikrant-3009/SpeechEmotionRecognition/blob/8268ac652980817c71da0215da5fc2a5f949711c/main.ipynb#L85-L110,"main.ipynb:L77-L98 defines and calls one ordinary split; L127-L182 defines one classifier, one fit, one prediction, and one score; https://github.com/vikrant-3009/SpeechEmotionRecognition/blob/8268ac652980817c71da0215da5fc2a5f949711c/main.ipynb#L77-L98; https://github.com/vikrant-3009/SpeechEmotionRecognition/blob/8268ac652980817c71da0215da5fc2a5f949711c/main.ipynb#L127-L182",single split: https://github.com/vikrant-3009/SpeechEmotionRecognition/blob/8268ac652980817c71da0215da5fc2a5f949711c/main.ipynb#L77-L98; single fit/evaluation: https://github.com/vikrant-3009/SpeechEmotionRecognition/blob/8268ac652980817c71da0215da5fc2a5f949711c/main.ipynb#L127-L182,"The second initial range L193-L232 is out of range; evaluation_repetition=single_split_single_seed, n_folds=1, n_seeds=1, and variance_reported=none remain unchanged."
https://github.com/vikrant-3009/SpeechEmotionRecognition,8268ac652980817c71da0215da5fc2a5f949711c,30,p0_7_reliability,agree,disagree,result_evidence,main.ipynb:L229-L232 stores Accuracy: 56.77%; L156-L165 stores the 576/192 train/test counts; https://github.com/vikrant-3009/SpeechEmotionRecognition/blob/8268ac652980817c71da0215da5fc2a5f949711c/main.ipynb#L229-L232,main.ipynb:L110-L118 stores the 576/192 train/test counts and L168-L182 stores Accuracy: 56.77%; https://github.com/vikrant-3009/SpeechEmotionRecognition/blob/8268ac652980817c71da0215da5fc2a5f949711c/main.ipynb#L110-L118; https://github.com/vikrant-3009/SpeechEmotionRecognition/blob/8268ac652980817c71da0215da5fc2a5f949711c/main.ipynb#L168-L182,main.ipynb has 211 physical lines; counts: https://github.com/vikrant-3009/SpeechEmotionRecognition/blob/8268ac652980817c71da0215da5fc2a5f949711c/main.ipynb#L110-L118; accuracy: https://github.com/vikrant-3009/SpeechEmotionRecognition/blob/8268ac652980817c71da0215da5fc2a5f949711c/main.ipynb#L168-L182,The initial #L229-L232 anchor is out of range and L156-L165 does not contain the counts; the reported result itself remains unchanged.
https://github.com/vikrant-3009/SpeechEmotionRecognition,8268ac652980817c71da0215da5fc2a5f949711c,30,p0_7_reliability,agree,disagree,test_selection_evidence,"main.ipynb:L193-L232 fits once, then predicts/evaluates test without test-driven checkpoint selection; https://github.com/vikrant-3009/SpeechEmotionRecognition/blob/8268ac652980817c71da0215da5fc2a5f949711c/main.ipynb#L193-L232","main.ipynb:L127-L151 initializes MLPClassifier(max_iter=500) and fits once; L160-L182 predicts and scores the test set only after fitting, with no test-driven checkpoint selection; https://github.com/vikrant-3009/SpeechEmotionRecognition/blob/8268ac652980817c71da0215da5fc2a5f949711c/main.ipynb#L127-L151; https://github.com/vikrant-3009/SpeechEmotionRecognition/blob/8268ac652980817c71da0215da5fc2a5f949711c/main.ipynb#L160-L182",classifier/fit: https://github.com/vikrant-3009/SpeechEmotionRecognition/blob/8268ac652980817c71da0215da5fc2a5f949711c/main.ipynb#L127-L151; later test prediction/score: https://github.com/vikrant-3009/SpeechEmotionRecognition/blob/8268ac652980817c71da0215da5fc2a5f949711c/main.ipynb#L160-L182,The initial L193-L232 range extends past EOF and points into notebook metadata rather than the fit/evaluation cells; test_selection=no_fixed_training remains unchanged.
https://github.com/AitanaESCI/speech-emotion-recognition,ccec93c7605cd4b962a561b1d0e90e2e9af429e5,31,p0_7_reliability,agree,agree,,,,"README.md:L167-L170,L415-L435,L478-L489; shared-dataset-loader/nbdev-upc-aidl-iemocap-datasets/src/nbdev_upc_aidl_iemocap_datasets/core.py:L531-L547,L775-L824; train-cli/models/wavlm.py:L43-L107,L140-L202; train-cli/train.py:L432-L499,L573-L718; https://github.com/AitanaESCI/speech-emotion-recognition/blob/ccec93c7605cd4b962a561b1d0e90e2e9af429e5/README.md#L415-L435","Frozen HEAD, Stage-B eligibility, all 38 fields, fixed speaker partitions, WavLM raw-audio path, and documented across-test model selection agree; no field change proposed."
https://github.com/GaybsGimenez/RAVDESS-Speech-Emotion-Recognition-SER,9557d621afb724d3dd3b4fe16918c6dbd484c527,32,p0_7_reliability,agree,agree,,,,"Reconhecimento_de_Emoções_pela_Fala_RAVDESS.ipynb:L1262-L1272,L12718-L12720,L13058-L13085,L13323-L13379,L13979-L14000; https://github.com/GaybsGimenez/RAVDESS-Speech-Emotion-Recognition-SER/blob/9557d621afb724d3dd3b4fe16918c6dbd484c527/Reconhecimento_de_Emo%C3%A7%C3%B5es_pela_Fala_RAVDESS.ipynb#L13323-L13379","Frozen HEAD, Stage-B eligibility, all 38 fields, ordinary utterance split, test-as-validation checkpointing, and stored metrics agree; no field change proposed."
https://github.com/Abhiramkura/Speech-Emotion-recognition-using-deformable-convolutional-neural-networks,3e73295a4446ec1a708485c27ff4570e9afdff95,33,p0_7_reliability,agree,agree,,,,"DCNN_model.ipynb:L330-L354,L770-L814,L879-L914,L1003-L1020,L1604-L1706; https://github.com/Abhiramkura/Speech-Emotion-recognition-using-deformable-convolutional-neural-networks/blob/3e73295a4446ec1a708485c27ff4570e9afdff95/DCNN_model.ipynb#L879-L914; https://github.com/Abhiramkura/Speech-Emotion-recognition-using-deformable-convolutional-neural-networks/blob/3e73295a4446ec1a708485c27ff4570e9afdff95/DCNN_model.ipynb#L1003-L1020","Frozen HEAD, Stage-B eligibility, all 38 fields, pooled label-stratified splits, per-utterance normalization, separate validation, and stored test metrics agree; no field change proposed."
https://github.com/mzarvandi/SER-wav2vec,3a78aa177edc4e847bcfccbffc2cd88d0aab96f6,34,p0_7_reliability,agree,agree,,,,"SER-wav2vec.ipynb:L409-L418,L542-L566,L577-L646,L1059-L1067,L1356-L1388; https://github.com/mzarvandi/SER-wav2vec/blob/3a78aa177edc4e847bcfccbffc2cd88d0aab96f6/SER-wav2vec.ipynb#L409-L418; https://github.com/mzarvandi/SER-wav2vec/blob/3a78aa177edc4e847bcfccbffc2cd88d0aab96f6/SER-wav2vec.ipynb#L1356-L1388","Frozen HEAD, Stage-B eligibility, all 38 fields, unresolved external split provenance, one interrupted training attempt, and one stored post-interruption test pass agree; no field change proposed."
