repository_id,repository_url,commit_sha,commit_date,audited_at,license,paper_title,paper_url,publication_year,repo_relation,target_datasets,reported_results,result_evidence,result_code_link,split_category,split_by_dataset,speaker_disjointness,split_evidence,normalization_leakage,normalization_by_dataset,normalization_evidence,test_selection,test_selection_by_dataset,test_selection_evidence,augmentation_leakage,augmentation_by_dataset,augmentation_evidence,evaluation_repetition,repetition_by_dataset,n_folds,n_seeds,variance_reported,repetition_evidence,paper_code_discrepancy,evidence_strength,primary_reviewer,verification_status,notes
P05R001,https://github.com/Vansh-187/speech-emotion-recognition,f21f3700413ea8e5c39921fb102c10672cae69a8,2025-06-24T19:07:01+05:30,2026-08-10T18:19:10-04:00,Apache-2.0,,,2025,third_party_reproduction,RAVDESS,stored output (n=1472): accuracy=82.61%; macro precision/recall/F1=82%/82%/82%; weighted precision/recall/F1=83%/83%/83%,README.md:L50-L56; notebooks/emotion_classifier_final.ipynb:L1 cell 30 output accuracy=0.8261,uncertain,random,"RAVDESS=utterance-level train_test_split(test_size=0.2, random_state=0)",not_enforced,notebooks/emotion_classifier_final.ipynb:L1 cells 6 and 16 parse emotion but do not group actor and call train_test_split,no,RAVDESS=per-utterance deterministic features; no corpus-fitted scaler on the audited path,notebooks/emotion_classifier_final.ipynb:L1 cells 13-16 compute per-utterance features before splitting without a fitted cross-sample normalizer,yes_explicit,RAVDESS=the test loader is evaluated every epoch and best checkpoint is chosen by test accuracy,"notebooks/emotion_classifier_final.ipynb:L1 cells 25,27,30 build test_loader, save on best test_acc, then reload it",yes,RAVDESS=stored reported-result state indicates original plus noise plus stretch-and-pitch variants were pooled before the 80/20 split; currently saved cells 16-19 instead define train-only augmentation but are not consumed by cells 25-30,"notebooks/emotion_classifier_final.ipynb:L1 cells 15-19,25,27,30: n_base=2452; two variants are defined per item; model cells ignore *_final; stored batches and support n=1472 match a 3 x 2452 pool split 80/20",single_split_single_seed,RAVDESS=one 80/20 split with random_state=0 and one training run,1,1,none,notebooks/emotion_classifier_final.ipynb:L1 cells 16 and 27 contain one fixed split and one training loop,not_applicable_no_paper,medium,root,verified_corrected,"P0.5 draw_rank=1; test-selected checkpoint makes the displayed metric optimistically selected on the same holdout. In addition, frozen cells 16-19 and 25-30 are not one executable dataflow; stored n=1472 output indicates an older augment-before-split state. || draw_rank=1; initial_batch=p0_5_audit_root.csv"
P05R002,https://github.com/fdhlhdc12/ravdess-dtw-emotion-recognition,c20123028d7e718e624eb56599ae7436ca9991e4,2026-06-27T12:47:50+07:00,2026-08-10T18:19:10-04:00,no license file found,,,2026,third_party_reproduction,RAVDESS,"dashboard claims accuracy=90.28%, precision=90.11%, recall=89.56%, F1=90.22%, with 5-fold GridSearchCV",app.py:L1983-L2010,uncertain,unknown,RAVDESS=training split and fold construction absent from frozen repository,unknown,app.py:L735-L752 loads serialized models/scaler; no training or split-generation code is present,unknown,RAVDESS=serialized scaler is applied at inference but its fit population is unavailable,app.py:L737-L743|L779-L784 loads scaler.pkl and transforms a feature; fit code/provenance is absent,unknown,RAVDESS=model selection and final-test data flow unavailable,app.py:L1983-L2010 contains static displayed metrics and a GridSearchCV claim but no training/evaluation path,unknown,RAVDESS=training/evaluation augmentation provenance is absent; frozen code covers inference feature extraction only,"app.py:L735-L752,L779-L784 and feature_extraction_ml.py:L4-L45 expose inference only; no training/evaluation loader or augmentation provenance is present",unknown,"RAVDESS=dashboard claims 5-fold GridSearchCV, but the frozen implementation and fold outputs are absent",unknown,unknown,none,"app.py:L2005-L2010 is a static 5-fold GridSearchCV claim; the repository contains no training/fold-construction path or executed fold outputs, so repetition is unknown",not_applicable_no_paper,low,root,verified_corrected,P0.5 draw_rank=2; low evidence converts the five risk endpoints to unknown in primary-risk aggregation. Serialized pkl files were not loaded or executed. || draw_rank=2; initial_batch=p0_5_audit_root.csv
P05R003,https://github.com/Shiva9855/CodeAlpha_Emotion-Recognition-from-Speech,cbc84f527fc14b375d34ce2c8aec9b00cabaf459,2026-07-20T01:15:32+05:30,2026-08-10T18:19:10-04:00,MIT,,,2026,third_party_reproduction,RAVDESS|EmoDB,no numeric RAVDESS or EmoDB result reported in frozen repository,README.md:L129-L137 discusses expected outputs and recommends actor-wise splitting but gives no metric,uncertain,random,RAVDESS=random utterance holdout | EmoDB=random utterance holdout in one merged dataset,not_enforced,utils/dataset_loader.py:L34-L43 retains only path and emotion for RAVDESS; train.py:L145-L159 stratifies by label only,no,RAVDESS=train-only StandardScaler | EmoDB=train-only StandardScaler,train.py:L66-L74 fits StandardScaler on X_train and transforms X_test,yes_explicit,RAVDESS=yes_explicit | EmoDB=yes_explicit,"train.py:L158-L159|L169-L196 uses the sole test_loader each epoch, early-stops and saves on its accuracy",yes,RAVDESS=augment-before-split | EmoDB=augment-before-split,train.py:L47-L63 builds original plus three augmentations for all rows; train.py:L136-L153 then splits the combined matrix,single_split_single_seed,RAVDESS=one fixed random split | EmoDB=one fixed random split,1,1,none,train.py:L151-L154 uses one random_state; train.py:L174-L196 contains one training run,not_applicable_no_paper,high,root,verified_agree,P0.5 draw_rank=4; README.md:L137 itself suggests speaker-wise splitting as a stricter alternative. || draw_rank=4; initial_batch=p0_5_audit_root.csv
P05R004,https://github.com/dingdongwang/EmotionThinker,afcc5c578bc69df436fbb2317957fe4897e33342,2026-08-07T13:27:05-07:00,2026-08-10T18:19:10-04:00,no license file found,EmotionThinker: Prosody-Aware Reinforcement Learning for Explainable Speech Emotion Reasoning,https://arxiv.org/abs/2601.15668,2026,author_official,IEMOCAP|RAVDESS,paper section 4.1/Table 2: IEMOCAP test-set accuracy=77.68%; RAVDESS zero-shot accuracy=71.56%,paper arXiv:2601.15668 Table 2; README.md:L5-L8 identifies the official paper and README.md:L79-L85 lists IEMOCAP annotations,uncertain,unknown,IEMOCAP=training/evaluation split absent | RAVDESS=training/evaluation split absent,unknown,scripts/emotionthinker_infer.py:L1-L18 provides model inference only; no target training or evaluation split code exists,unknown,IEMOCAP=unknown | RAVDESS=unknown,scripts/emotionthinker_infer.py:L1-L18 delegates preprocessing to a downloaded pretrained model; target training statistics are absent,unknown,IEMOCAP=unknown | RAVDESS=unknown,README.md:L54-L69 documents inference only; target training/checkpoint-selection code is absent,unknown,IEMOCAP=unknown | RAVDESS=unknown,"README.md:L74-L89 describes released annotations/prosody pipeline, not the target benchmark training loaders",unknown,IEMOCAP=unknown in frozen code | RAVDESS=unknown in frozen code,unknown,unknown,none,scripts/emotionthinker_infer.py:L1-L18 has no fold/seed loop and the frozen repository lacks target evaluation code,unassessable_missing_training_evaluation_code,low,root,verified_corrected,"P0.5 draw_rank=5; official paper/repository relation is clear, but all preregistered implementation-risk fields remain unknown under the code-first rule. || draw_rank=5; initial_batch=p0_5_audit_root.csv"
P05R005,https://github.com/jobinjoy12/Speech-Emotion-Recognition-using-CREMA-D-dataset,10f7e5102b86904ea3b3bb40708238988834ccd0,2024-02-22T09:13:09+05:30,2026-08-10T18:19:10-04:00,no license file found,,,2024,third_party_reproduction,CREMA-D,CREMA-D holdout accuracy=52.10%,emotion speech recognition code (2).ipynb:L1 cell gHy_VEo2btF3 output,direct,random,CREMA-D=utterance-level train_test_split(test_size=0.2) without speaker groups,not_enforced,emotion speech recognition code (2).ipynb:L1 cells TmZwQAAia6dU and xQYo6vSXbkTy parse labels and call ordinary train_test_split,no,CREMA-D=StandardScaler fitted on x_train only,emotion speech recognition code (2).ipynb:L1 cell BBnu4lqxboil fits x_train then transforms x_test,no_fixed_training,CREMA-D=one fixed MLP fit followed by one holdout prediction,emotion speech recognition code (2).ipynb:L1 cells HLTsAspAbqR1 and gHy_VEo2btF3 fit once then predict once,yes,"CREMA-D=noise is applied to every utterance before the holdout split, including eventual test items",emotion speech recognition code (2).ipynb:L1 cell xyJe_5Q1-xcV injects noise while building all X; cell xQYo6vSXbkTy splits afterward,single_split_single_seed,CREMA-D=one unseeded holdout and one MLP fit,1,1,none,emotion speech recognition code (2).ipynb:L1 cells xQYo6vSXbkTy and HLTsAspAbqR1 contain one split and one fit,not_applicable_no_paper,high,root,verified_agree,"P0.5 draw_rank=6; test audio itself is noise-augmented before splitting, satisfying the frozen augmentation-risk definition. || draw_rank=6; initial_batch=p0_5_audit_root.csv"
P05R006,https://github.com/ShaheenPerveen/Speech_Emotion_Recognition_IEMOCAP,1f2a835abbf1fbce138b7c26e7e2eb74b35b8147,2020-01-01T15:42:44+05:30,2026-08-10T18:19:10-04:00,no license file found,,,2020,third_party_reproduction,IEMOCAP,"representative normalized-MFCC gradient-boosting path: 2-fold internal-CV best_score=0.66499; holdout n=947 weighted precision=0.71, recall=0.70, F1=0.69",Model_Codes/ML_DL_Models_Using_MFCC/ML_with_MFCC_Normalized.ipynb:L1 cells 35-38,direct,random,IEMOCAP=utterance-level stratified 80/20 split; ordinary 2- or 3-fold CV inside training subset,not_enforced,Model_Codes/ML_DL_Models_Using_MFCC/ML_with_MFCC_Normalized.ipynb:L1 cell 16 uses train_test_split stratified only by target,yes,IEMOCAP=MinMaxScaler fitted on the full feature table before train/test split,Model_Codes/ML_DL_Models_Using_MFCC/ML_with_MFCC_Normalized.ipynb:L1 cells 14-16 call fit_transform(train) before train_test_split,test_exposed_each_epoch,IEMOCAP=the same X_test is repeatedly reported across many candidate classifiers without an outer untouched set,Model_Codes/ML_DL_Models_Using_MFCC/ML_with_MFCC_Normalized.ipynb:L1 cells 22-65 tune several models then repeatedly print X_test reports,not_applicable,IEMOCAP=no augmentation in the representative normalized-MFCC path,"Model_Codes/ML_DL_Models_Using_MFCC/ML_with_MFCC_Normalized.ipynb:L1 cells 1-16 load fixed features, normalize, and split without augmentation",single_split_single_seed|kfold_single_run,IEMOCAP=one unseeded holdout; 2-fold grids for most models and one 3-fold grid,2|3,1,none,"Model_Codes/ML_DL_Models_Using_MFCC/ML_with_MFCC_Normalized.ipynb:L1 cells 16,22,27,35,40,44 show one holdout plus cv=2/3",not_applicable_no_paper,high,root,verified_corrected,P0.5 draw_rank=8; representative auditable path selected before aggregate results were computed. || draw_rank=8; initial_batch=p0_5_audit_root.csv
P05R007,https://github.com/sss3799/audio_emotion_recognition,d83a682e7b0abe95fa983ce0323bb71010cd2af5,2023-04-22T21:40:34+05:30,2026-08-10T18:19:10-04:00,no license file found,,,2023,third_party_reproduction,RAVDESS,RAVDESS holdout n=9122: accuracy=60.7433%; macro precision/recall/F1=0.63/0.65/0.64; weighted precision/recall/F1=0.61/0.61/0.61,hsl621_emotion_recognition.ipynb:L1 cell 46 output,direct,random,"RAVDESS=utterance-level train_test_split(random_state=0, shuffle=True)",not_enforced,hsl621_emotion_recognition.ipynb:L1 cells 7 and 40 retain emotion labels but call ordinary train_test_split without actor groups,no,RAVDESS=StandardScaler fitted on x_train then applied to x_test,hsl621_emotion_recognition.ipynb:L1 cell 41,test_exposed_each_epoch,RAVDESS=the sole test split is passed as validation_data for all 50 epochs,"hsl621_emotion_recognition.ipynb:L1 cells 45-46 train with validation_data=(x_test,y_test) then report it as test",yes,"RAVDESS=original, noise, and stretch-plus-pitch variants are generated before random splitting",hsl621_emotion_recognition.ipynb:L1 cells 33-34 generate three variants for all paths; cell 40 splits afterward,single_split_single_seed,RAVDESS=one split with random_state=0 and one 50-epoch fit,1,1,none,hsl621_emotion_recognition.ipynb:L1 cells 40 and 45,not_applicable_no_paper,high,root,verified_corrected,P0.5 draw_rank=9; augmented counterparts can cross the random split and the holdout is exposed every epoch. || draw_rank=9; initial_batch=p0_5_audit_root.csv
P05R008,https://github.com/neerajk23-cmd/Speech-Emotion-Recognition-on-RAVDESS-Dataset,516bc2802eddc65dc382c7d51cd0384410c3e056,2026-08-06T22:25:03+05:30,2026-08-10T18:19:10-04:00,no license file found,,,2026,third_party_reproduction,RAVDESS,held-out actors 20-24 (n=300): accuracy=62.33%; weighted precision=61.18%; weighted recall=62.33%; weighted F1=61.11%,Evaluation_Test_Data.ipynb:L1 cells 8-10 outputs found 5 actors/300 files and accuracy=0.6233,uncertain,predefined_speaker_independent,RAVDESS=actors 1-19 training pool and actors 20-24 final test; utterance-random inner train/validation split within actors 1-19,enforced,"cnn-final-ee708-project.ipynb:L1 cells 5-6 show 19 train actors and inner random validation; Evaluation_Test_Data.ipynb:L1 cells 3,6,8 show five separate test actor directories",no,RAVDESS=per-utterance fixed mel-spectrogram/decibel transforms; no cross-sample fitted scaler,Evaluation_Test_Data.ipynb:L1 cell 3 constructs each test spectrogram independently with fixed parameters,no_separate_validation,RAVDESS=best checkpoint chosen on an inner validation subset; actor-held-out test evaluated once in separate notebook,cnn-final-ee708-project.ipynb:L1 cell 6 saves on validation loss; Evaluation_Test_Data.ipynb:L1 cells 8-10 load and evaluate final test once,not_applicable,RAVDESS=no augmentation in the final train or held-out-test notebook paths,cnn-final-ee708-project.ipynb:L1 cells 4-6 and Evaluation_Test_Data.ipynb:L1 cell 3 contain fixed mel transforms only,single_split_single_seed,RAVDESS=one actor holdout and one inner split with seed=42,1,1,none,cnn-final-ee708-project.ipynb:L1 cells 5-6; Evaluation_Test_Data.ipynb:L1 cells 8-10,unassessable_report_not_mapped_to_claims,medium,root,verified_corrected,P0.5 draw_rank=10; the final test is speaker-disjoint even though the inner validation split is not grouped. Static inspection only; candidate torchaudio code was not run. The reported test output loads an external Kaggle checkpoint whose exact frozen-training provenance is unavailable. || draw_rank=10; initial_batch=p0_5_audit_root.csv
P05R009,https://github.com/shreyash-alt/Emotion_Recognition_RAVDESS,36743de708023c2ae1a5aa7b538e79b79c3337cd,2025-06-25T08:48:43+05:30,2026-08-10T18:26:04-04:00,none_found,,,2025,supplemental_code,RAVDESS,"RAVDESS: held-out classification accuracy=0.98 (n=981); selected epoch 92 mean(train_acc,val_acc)=0.9846",README.md:L81-L89 [https://github.com/shreyash-alt/Emotion_Recognition_RAVDESS/blob/36743de708023c2ae1a5aa7b538e79b79c3337cd/README.md#L81-L89]; classification_report.txt:L1-L14 [https://github.com/shreyash-alt/Emotion_Recognition_RAVDESS/blob/36743de708023c2ae1a5aa7b538e79b79c3337cd/classification_report.txt#L1-L14],direct,random,RAVDESS=random_utterance_80/20_stratified,not_enforced,emotionravdess2.ipynb:L537-L560 encodes emotion but not actor and then performs ordinary stratified train_test_split [https://github.com/shreyash-alt/Emotion_Recognition_RAVDESS/blob/36743de708023c2ae1a5aa7b538e79b79c3337cd/emotionravdess2.ipynb#L537-L560],no,RAVDESS=no_train_only_StandardScaler,emotionravdess2.ipynb:L571-L594 fits StandardScaler on X_train and only transforms X_val [https://github.com/shreyash-alt/Emotion_Recognition_RAVDESS/blob/36743de708023c2ae1a5aa7b538e79b79c3337cd/emotionravdess2.ipynb#L571-L594],yes_explicit,RAVDESS=yes_explicit_same_holdout_selects_epoch_and_supplies_final_report,emotionravdess2.ipynb:L1103-L1103 evaluates X_val every epoch; L1142-L1153 selects the maximum mean train/validation accuracy; L1203-L1216 reports that same X_val [https://github.com/shreyash-alt/Emotion_Recognition_RAVDESS/blob/36743de708023c2ae1a5aa7b538e79b79c3337cd/emotionravdess2.ipynb#L1142-L1153],not_applicable,RAVDESS=not_applicable_no_active_augmentation,emotionravdess2.ipynb:L348-L390 contains the active per-file feature path and no stochastic augmentation transform [https://github.com/shreyash-alt/Emotion_Recognition_RAVDESS/blob/36743de708023c2ae1a5aa7b538e79b79c3337cd/emotionravdess2.ipynb#L348-L390],single_split_single_seed,RAVDESS=single_80/20_split_seed42_one_training_run,1,1,none,emotionravdess2.ipynb:L560-L560 fixes the sole split seed at 42 and L1103-L1103 performs one 200-epoch fit [https://github.com/shreyash-alt/Emotion_Recognition_RAVDESS/blob/36743de708023c2ae1a5aa7b538e79b79c3337cd/emotionravdess2.ipynb#L560-L560],not_applicable_no_paper,high,p0_7_reliability,verified_agree,"The object named validation is the only holdout and doubles as the final report set. Class weights are computed from all labels before splitting (emotionravdess2.ipynb:L537-L545), a label-distribution issue recorded separately from feature normalization. || draw_rank=12; initial_batch=p0_5_audit_batch_12_20.csv"
P05R010,https://github.com/KangHyunWook/Pytorch-implementation-of-Multimodal-emotion-recognition-on-RAVDESS-dataset,dd366fbcde5a8248195a47b7c0efd974f25f74c2,2024-08-01T10:07:22+09:00,2026-08-10T18:26:04-04:00,none_found,,,2024,supplemental_code,RAVDESS,RAVDESS: shared+private encoder accuracy=0.8556; shared-only=0.8444; audio-only=0.3167,README.md:L19-L28 [https://github.com/KangHyunWook/Pytorch-implementation-of-Multimodal-emotion-recognition-on-RAVDESS-dataset/blob/dd366fbcde5a8248195a47b7c0efd974f25f74c2/README.md#L19-L28],partial,random,RAVDESS=random_utterance_shuffle_then_fixed_slices_with_one_dev/test_record_overlap,observed_overlap,"train.py:L17-L41 shuffles feature rows without actor grouping. A read-only static inventory finds 1,440 unique keys in au_mfcc.pkl; at train.py:L130-L139, test indices 1259..1438 and dev indices 1020..1259 share row 1259 [https://github.com/KangHyunWook/Pytorch-implementation-of-Multimodal-emotion-recognition-on-RAVDESS-dataset/blob/dd366fbcde5a8248195a47b7c0efd974f25f74c2/train.py#L119-L139]",unknown,RAVDESS=unknown_missing_raw_feature_preprocessing,"unknown after inspecting README.md:L11-L17, train.py:L17-L41 and models.py: committed au_mfcc.pkl is consumed directly, while the raw MP4/OpenFace/MFCC preprocessing is explicitly absent [https://github.com/KangHyunWook/Pytorch-implementation-of-Multimodal-emotion-recognition-on-RAVDESS-dataset/blob/dd366fbcde5a8248195a47b7c0efd974f25f74c2/README.md#L11-L17]",yes_explicit,RAVDESS=yes_explicit_one_final_test_record_overlaps_dev_and_drives_checkpoint_selection,"A read-only static inventory finds 1,440 unique keys in au_mfcc.pkl. train.py:L130-L139 makes test indices 1259..1438 and dev indices 1020..1259, sharing row 1259; L224-L249 uses dev loss for checkpointing/early stopping and L251-L252 evaluates final test [https://github.com/KangHyunWook/Pytorch-implementation-of-Multimodal-emotion-recognition-on-RAVDESS-dataset/blob/dd366fbcde5a8248195a47b7c0efd974f25f74c2/train.py#L130-L139; https://github.com/KangHyunWook/Pytorch-implementation-of-Multimodal-emotion-recognition-on-RAVDESS-dataset/blob/dd366fbcde5a8248195a47b7c0efd974f25f74c2/train.py#L224-L252]",unknown,RAVDESS=unknown_missing_raw_feature_preprocessing,"unknown after inspecting README.md, train.py and models.py: the active consumer has no augmentation, but the explicitly missing raw preprocessing path prevents a positive no-augmentation judgment [https://github.com/KangHyunWook/Pytorch-implementation-of-Multimodal-emotion-recognition-on-RAVDESS-dataset/blob/dd366fbcde5a8248195a47b7c0efd974f25f74c2/README.md#L15-L17]",single_split_single_seed,RAVDESS=one_shuffled_partition_one_training_run,1,1,none,train.py:L130-L148 creates one partition and sets one model seed; no fold/seed loop or variance calculation is present [https://github.com/KangHyunWook/Pytorch-implementation-of-Multimodal-emotion-recognition-on-RAVDESS-dataset/blob/dd366fbcde5a8248195a47b7c0efd974f25f74c2/train.py#L130-L148],not_applicable_no_paper,medium,p0_7_reliability,verified_corrected,"README says raw preprocessing will be uploaded. sklearn.utils.shuffle at train.py:L36 occurs before numpy/torch seeds are set at L141-L148, so the single split is not reproducible from the stated seed. Only the full-model path is directly visible; ablation result linkage is partial. Additionally, the fixed slice endpoints create one exact dev/test record overlap; that record participates in dev-loss checkpoint selection, motivating observed_overlap and yes_explicit. || draw_rank=13; initial_batch=p0_5_audit_batch_12_20.csv"
P05R011,https://github.com/AnkushMalaker/pretrained-dcnn-attention-ser,6d5e27b6cb17d92c9d61c2c023faf518f651bcef,2021-12-19T13:22:17+05:30,2026-08-10T18:26:04-04:00,none_found,Pre-trained Deep Convolution Neural Network Model With Attention for Speech Emotion Recognition,https://doi.org/10.3389/fphys.2021.643202,2021,third_party_reproduction,EmoDB|IEMOCAP|RAVDESS,Source-paper results quoted by README: EmoDB UAR=87.86%; IEMOCAP UAR=68.50%; frozen RAVDESS path reports no numeric result,README.md:L9-L14 [https://github.com/AnkushMalaker/pretrained-dcnn-attention-ser/blob/6d5e27b6cb17d92c9d61c2c023faf518f651bcef/README.md#L9-L14]; README.md:L62-L65 states the frozen implementation limitation [https://github.com/AnkushMalaker/pretrained-dcnn-attention-ser/blob/6d5e27b6cb17d92c9d61c2c023faf518f651bcef/README.md#L62-L65],EmoDB=uncertain | IEMOCAP=uncertain | RAVDESS=uncertain,mixed,EmoDB=unknown_missing_dataset_path | IEMOCAP=unknown_missing_dataset_path | RAVDESS=random_utterance_90/10,mixed,"README.md:L27-L37 and L62-L65 says only RAVDESS preparation exists; therefore EmoDB/IEMOCAP speaker status is unknown; utils.py:L73-L88 performs ordinary RAVDESS train_test_split and parses only emotion, not actor [https://github.com/AnkushMalaker/pretrained-dcnn-attention-ser/blob/6d5e27b6cb17d92c9d61c2c023faf518f651bcef/utils.py#L73-L88]",mixed,EmoDB=unknown_missing_path | IEMOCAP=unknown_missing_path | RAVDESS=not_applicable_fixed_per_utterance,"unknown for EmoDB/IEMOCAP after inspecting README.md, train.py, utils.py and SpeechModel.py; RAVDESS uses fixed per-utterance pre-emphasis/log-Mel operations with no cross-sample fitted statistic at utils.py:L23-L70 [https://github.com/AnkushMalaker/pretrained-dcnn-attention-ser/blob/6d5e27b6cb17d92c9d61c2c023faf518f651bcef/utils.py#L23-L70]",mixed,EmoDB=unknown_missing_path | IEMOCAP=unknown_missing_path | RAVDESS=yes_explicit_only_holdout_drives_early_stopping,train.py:L33-L39 has only train/validation data and restores validation-best weights; no independent RAVDESS test path or result is present [https://github.com/AnkushMalaker/pretrained-dcnn-attention-ser/blob/6d5e27b6cb17d92c9d61c2c023faf518f651bcef/train.py#L33-L39],mixed,EmoDB=unknown_missing_path | IEMOCAP=unknown_missing_path | RAVDESS=not_applicable_not_implemented,utils.py:L20-L20 explicitly says augmentation is not implemented in the frozen RAVDESS path; source-paper target paths are absent and therefore unknown [https://github.com/AnkushMalaker/pretrained-dcnn-attention-ser/blob/6d5e27b6cb17d92c9d61c2c023faf518f651bcef/utils.py#L20-L20],mixed,EmoDB=unknown | IEMOCAP=unknown | RAVDESS=single_split_single_seed,1,1,none,utils.py:L86-L88 creates one unseeded 90/10 split; train.py:L33-L39 runs one fit and reports no fold/seed uncertainty [https://github.com/AnkushMalaker/pretrained-dcnn-attention-ser/blob/6d5e27b6cb17d92c9d61c2c023faf518f651bcef/utils.py#L86-L88],yes_source_paper_EmoDB_IEMOCAP_AlexNet_results_vs_frozen_RAVDESS_ResNet50_path,medium,p0_7_reliability,verified_agree,"README.md:L62-L65 explicitly warns that the repository supports only RAVDESS and substitutes ResNet50 for the paper's AlexNet, so the quoted EmoDB/IEMOCAP numbers are not reproduced by this frozen path. || draw_rank=14; initial_batch=p0_5_audit_batch_12_20.csv"
P05R012,https://github.com/dori2063/SER_Augmentation_CycleGAN,86648637f4fd5dcb564ff2c579fd7cbbe7816f0d,2019-08-08T20:07:28+09:00,2026-08-10T18:26:04-04:00,none_found,,,2019,supplemental_code,IEMOCAP,No numeric result is reported in the frozen README/tree,"README.md:L1-L4 describes the IEMOCAP/openSMILE/CycleGAN/SVM path [https://github.com/dori2063/SER_Augmentation_CycleGAN/blob/86648637f4fd5dcb564ff2c579fd7cbbe7816f0d/README.md#L1-L4]; inspected README.md, run.py and plot_history.py; no committed numeric result/log was found",uncertain,unknown,IEMOCAP=unknown_external_section_list_semantics_missing,unknown,"run.py:L38-L41 loads section_list and feature arrays from untracked external directories; after inspecting run.py, model/utils.py, model/mainmodel.py and the full frozen tree, no artifact defines whether a section is a speaker/session [https://github.com/dori2063/SER_Augmentation_CycleGAN/blob/86648637f4fd5dcb564ff2c579fd7cbbe7816f0d/run.py#L38-L41]",unknown,IEMOCAP=unknown_missing_upstream_openSMILE_array_provenance,"unknown after inspecting run.py, model/utils.py and the frozen tree: the visible active training_adt layer fits train statistics and applies them to test at run.py:L89-L99, but the upstream precomputed *_ops.npy provenance/generator is absent [https://github.com/dori2063/SER_Augmentation_CycleGAN/blob/86648637f4fd5dcb564ff2c579fd7cbbe7816f0d/run.py#L89-L99]",no_fixed_training,IEMOCAP=no_fixed_training_GAN_stops_on_training_loss_and_SVM_tests_after_fit,model/mainmodel.py:L329-L364 early-stops from GAN training losses; run.py:L166-L215 fits SVM on train/synthetic data and evaluates the held section afterward [https://github.com/dori2063/SER_Augmentation_CycleGAN/blob/86648637f4fd5dcb564ff2c579fd7cbbe7816f0d/run.py#L166-L215],no_train_only,IEMOCAP=no_train_only_synthetic_samples_derived_from_training_emotions,run.py:L104-L164 trains CycleGANs from x_train emotion subsets and returns separate untouched x_test; L172-L185 fits the SVM only on synthetic and/or original training rows [https://github.com/dori2063/SER_Augmentation_CycleGAN/blob/86648637f4fd5dcb564ff2c579fd7cbbe7816f0d/run.py#L104-L185],repeated_holdout,IEMOCAP=same_external_fold_index5_retrained_three_times_unseeded,1,3,none,run.py:L217-L225 sets test_one_itn=[5]*3 and averages three stochastic reruns of the same held section; it does not execute the logged 10-fold claim [https://github.com/dori2063/SER_Augmentation_CycleGAN/blob/86648637f4fd5dcb564ff2c579fd7cbbe7816f0d/run.py#L217-L225],not_applicable_no_paper,medium,p0_7_reliability,verified_agree,"The log string says 10fold at run.py:L45, but the active list repeats only index 5 three times. Split identity and upstream feature normalization remain unknown because CSV_DIR/NPY_DIR and their generators are absent; no candidate code was run. || draw_rank=15; initial_batch=p0_5_audit_batch_12_20.csv"
P05R013,https://github.com/sanskardherange/codeAlpha_EmotionRecognition,9b8d1fc934a62c0b1b155ab2feb9d113d85a70f3,2025-06-11T11:45:24+05:30,2026-08-10T18:26:04-04:00,none_found,,,2025,supplemental_code,RAVDESS,README reports approximate accuracy ~85%,README.md:L51-L58 [https://github.com/sanskardherange/codeAlpha_EmotionRecognition/blob/9b8d1fc934a62c0b1b155ab2feb9d113d85a70f3/README.md#L51-L58],uncertain,random,RAVDESS=random_utterance_80/20_seed42,not_enforced,extract_features.py:L17-L35 retains emotion but no actor identifier; train_model.py:L8-L20 performs ordinary train_test_split [https://github.com/sanskardherange/codeAlpha_EmotionRecognition/blob/9b8d1fc934a62c0b1b155ab2feb9d113d85a70f3/train_model.py#L8-L20],not_applicable,RAVDESS=not_applicable_fixed_per_file_MFCC,extract_features.py:L12-L15 computes and time-averages MFCCs separately per file; the active path has no fitted cross-sample scaler [https://github.com/sanskardherange/codeAlpha_EmotionRecognition/blob/9b8d1fc934a62c0b1b155ab2feb9d113d85a70f3/extract_features.py#L12-L15],test_exposed_each_epoch,RAVDESS=test_exposed_each_epoch_X_test_passed_as_validation_data,train_model.py:L18-L31 names the 20% holdout X_test and supplies it as validation_data for all 50 epochs; no separate validation/final evaluation is implemented [https://github.com/sanskardherange/codeAlpha_EmotionRecognition/blob/9b8d1fc934a62c0b1b155ab2feb9d113d85a70f3/train_model.py#L18-L31],not_applicable,RAVDESS=not_applicable_no_augmentation,extract_features.py:L12-L35 extracts one deterministic feature vector per file and train_model.py contains no augmentation transform [https://github.com/sanskardherange/codeAlpha_EmotionRecognition/blob/9b8d1fc934a62c0b1b155ab2feb9d113d85a70f3/extract_features.py#L12-L35],single_split_single_seed,RAVDESS=single_80/20_split_seed42_one_fit,1,1,none,train_model.py:L19-L31 fixes one split at random_state=42 and performs one fit; no fold/seed loop or uncertainty is reported [https://github.com/sanskardherange/codeAlpha_EmotionRecognition/blob/9b8d1fc934a62c0b1b155ab2feb9d113d85a70f3/train_model.py#L19-L31],not_applicable_no_paper,high,p0_7_reliability,verified_agree,"Read-only static count: the frozen data/ tree and features.csv contain 180 files/rows from Actor_01-Actor_03 only, while README.md:L14-L20 describes the full 24-actor/7356-file corpus. The approximate 85% result has no committed metric output tying it to a particular split. || draw_rank=16; initial_batch=p0_5_audit_batch_12_20.csv"
P05R014,https://github.com/didar-ali-deed/A-hybrid-Approach-To-SER,5f704dd990a586d0485dca16aeb66048e049a8ee,2025-01-02T03:38:18+05:00,2026-08-10T18:26:04-04:00,none_found,,,2025,supplemental_code,RAVDESS|CREMA-D,"results/results.txt reports pooled-corpus test accuracy=48.91%; results/evaluation_results.json reports eval_accuracy=0.9988095, but no frozen script produces that JSON",results/results.txt:L1-L1 [https://github.com/didar-ali-deed/A-hybrid-Approach-To-SER/blob/5f704dd990a586d0485dca16aeb66048e049a8ee/results/results.txt#L1-L1]; results/evaluation_results.json:L1-L10 [https://github.com/didar-ali-deed/A-hybrid-Approach-To-SER/blob/5f704dd990a586d0485dca16aeb66048e049a8ee/results/evaluation_results.json#L1-L10],partial,random,RAVDESS=random_pooled_80/20_then_10%_of_train_to_val | CREMA-D=random_pooled_80/20_then_10%_of_train_to_val,not_enforced,scripts/preprocess.py:L93-L110 pools RAVDESS/CREMA-D with non-target TESS/SAVEE; scripts/wav2vec_feature_extraction.py:L34-L54 drops source path/actor from the feature table; scripts/train_emotion_classifier.py:L52-L60 performs ordinary random splits [https://github.com/didar-ali-deed/A-hybrid-Approach-To-SER/blob/5f704dd990a586d0485dca16aeb66048e049a8ee/scripts/train_emotion_classifier.py#L52-L60],not_applicable,RAVDESS=not_applicable_frozen_per_file_Wav2Vec2 | CREMA-D=not_applicable_frozen_per_file_Wav2Vec2,scripts/wav2vec_feature_extraction.py:L13-L32 applies frozen facebook/wav2vec2-base separately per file and mean-pools; neither classifier script fits a corpus-level scaler [https://github.com/didar-ali-deed/A-hybrid-Approach-To-SER/blob/5f704dd990a586d0485dca16aeb66048e049a8ee/scripts/wav2vec_feature_extraction.py#L13-L32],no_separate_validation,RAVDESS=no_separate_validation | CREMA-D=no_separate_validation,"scripts/train_emotion_classifier.py:L52-L60 makes distinct train/val/test loaders, L97-L138 selects checkpoints on validation loss, and L140-L175 tests afterward [https://github.com/didar-ali-deed/A-hybrid-Approach-To-SER/blob/5f704dd990a586d0485dca16aeb66048e049a8ee/scripts/train_emotion_classifier.py#L97-L175]",not_applicable,RAVDESS=not_applicable | CREMA-D=not_applicable,"inspected scripts/preprocess.py, scripts/wav2vec_feature_extraction.py and both classifier scripts; no active audio/data augmentation transform is present [https://github.com/didar-ali-deed/A-hybrid-Approach-To-SER/blob/5f704dd990a586d0485dca16aeb66048e049a8ee/scripts/wav2vec_feature_extraction.py#L25-L54]",single_split_single_seed,all_targets=single_pooled_partition_seed42_one_training_run,1,1,none,scripts/train_emotion_classifier.py:L52-L60 defines one split and L97-L138 one training run; no repetition loop/uncertainty estimate exists [https://github.com/didar-ali-deed/A-hybrid-Approach-To-SER/blob/5f704dd990a586d0485dca16aeb66048e049a8ee/scripts/train_emotion_classifier.py#L52-L60],not_applicable_no_paper,high,p0_7_reliability,verified_agree,Read-only static counts: Preprocessed Data/combined_emotions.csv has 12162 pooled target/non-target rows while Extracted Features/wav2vec_features.csv has 400 rows. The committed 48.91% file is linked to the transformer-based script's results writer; the 99.88% JSON has no producer in the frozen tree and is not treated as comparable evidence. || draw_rank=17; initial_batch=p0_5_audit_batch_12_20.csv
P05R015,https://github.com/fdebrain/Speech-Emotion-Recognition-Emo-DB,55bc617644d61d8c5ce9d46df954776ece525f45,2023-05-02T09:07:45-07:00,2026-08-10T18:26:04-04:00,none_found,,,2020,supplemental_code,EmoDB,EmoDB: ensemble test weighted F1=0.506 and accuracy=0.517544 (n=114); inner GroupCV ensemble weighted F1=0.559,emo_db_SER.ipynb:L541-L561 and L580-L595 [https://github.com/fdebrain/Speech-Emotion-Recognition-Emo-DB/blob/55bc617644d61d8c5ce9d46df954776ece525f45/emo_db_SER.ipynb#L541-L595]; classification output at L843-L883 [https://github.com/fdebrain/Speech-Emotion-Recognition-Emo-DB/blob/55bc617644d61d8c5ce9d46df954776ece525f45/emo_db_SER.ipynb#L843-L883],direct,speaker_independent,EmoDB=random_two_speakers_outer_test_then_GroupKFold_by_remaining_speaker,enforced,"modules/formatter.py:L18-L33 extracts speaker ID and L56-L64 assigns two whole speakers to test; notebook L204-L212 confirms disjoint IDs {3,9,10,11,12,13,14,16} vs {8,15} [https://github.com/fdebrain/Speech-Emotion-Recognition-Emo-DB/blob/55bc617644d61d8c5ce9d46df954776ece525f45/modules/formatter.py#L18-L64]",yes,EmoDB=yes_inner_GroupKFold_validation_leakage_outer_test_isolated,app.py:L33-L39 fits MinMaxScaler once on the full outer training set before model selection; modules/pipeline.py:L57-L70 fits it; modules/training.py:L63-L76 then runs GroupKFold on the already-scaled matrix [https://github.com/fdebrain/Speech-Emotion-Recognition-Emo-DB/blob/55bc617644d61d8c5ce9d46df954776ece525f45/modules/training.py#L63-L76],no_separate_validation,EmoDB=no_separate_validation_inner_GroupKFold_selects_outer_test_evaluated_afterward,notebook L522-L561 selects/validates through speaker GroupCV and L590-L595 evaluates the untouched outer test afterward [https://github.com/fdebrain/Speech-Emotion-Recognition-Emo-DB/blob/55bc617644d61d8c5ce9d46df954776ece525f45/emo_db_SER.ipynb#L522-L595],not_applicable,EmoDB=not_applicable_no_active_augmentation,modules/feature_extraction.py:L5-L109 contains fixed per-utterance feature extraction; notebook L898-L900 lists augmentation only as a potential future improvement [https://github.com/fdebrain/Speech-Emotion-Recognition-Emo-DB/blob/55bc617644d61d8c5ce9d46df954776ece525f45/emo_db_SER.ipynb#L887-L900],single_split_single_seed|kfold_single_run,EmoDB=one_outer_speaker_holdout_seed42_plus_8fold_inner_GroupKFold,8,1,sd,"modules/training.py:L63-L76 uses one fold per each of eight outer-train speakers and returns CV mean/std; notebook L524-L527 prints those values, while the outer test remains one split [https://github.com/fdebrain/Speech-Emotion-Recognition-Emo-DB/blob/55bc617644d61d8c5ce9d46df954776ece525f45/emo_db_SER.ipynb#L522-L527]",not_applicable_no_paper,high,p0_7_reliability,verified_agree,"The outer test is correctly speaker-disjoint. The yes normalization judgment is limited to inner validation leakage: the scaler is fit only on outer-train, so outer test features do not influence it. Reported SD is inner-CV dispersion, not outer-split/seed uncertainty. || draw_rank=18; initial_batch=p0_5_audit_batch_12_20.csv"
P05R016,https://github.com/Susi-brambilla/emotion-recognition-RAVDESS,7f56fb9ca521c37a06c0a856641536b547eca483,2022-08-22T15:49:16+02:00,2026-08-10T18:26:04-04:00,none_found,Emotion recognition using Convolutional Neural Network,https://github.com/Susi-brambilla/emotion-recognition-RAVDESS/blob/7f56fb9ca521c37a06c0a856641536b547eca483/Susanna-Brambilla.pdf,2021,author_linked_paper,RAVDESS,Paper test accuracy (%): audio MFCC unbalanced/balanced=43/47; audio log-Mel=45/49; video 32-frame=51/53; audio-video=67,Susanna-Brambilla.pdf:p.5 Table 1 and p.7 [https://github.com/Susi-brambilla/emotion-recognition-RAVDESS/blob/7f56fb9ca521c37a06c0a856641536b547eca483/Susanna-Brambilla.pdf],partial,predefined_speaker_independent,RAVDESS=actors1-20_train_21-22_validation_23-24_test,enforced,"train_val_set.py:L51-L60 and L105-L114 assign entire actors 23/24 to test, 21/22 to validation and the rest to train [https://github.com/Susi-brambilla/emotion-recognition-RAVDESS/blob/7f56fb9ca521c37a06c0a856641536b547eca483/train_val_set.py#L51-L60]",no,RAVDESS=no_audio_train_only_statistics_and_fixed_video_statistics,train_val_set.py:L62-L68 fits audio mean/std only on aud_train and applies them to val/test; feature_extractor.py:L183-L186 uses fixed ImageNet video statistics [https://github.com/Susi-brambilla/emotion-recognition-RAVDESS/blob/7f56fb9ca521c37a06c0a856641536b547eca483/train_val_set.py#L62-L68],no_separate_validation,RAVDESS=no_separate_validation_validation_early_stopping_then_distinct_test,"audio_video_model.py:L84-L166 early-stops and checkpoints on validation loss, while L205-L241 evaluates the distinct test loader; single-modality files implement the same schedule [https://github.com/Susi-brambilla/emotion-recognition-RAVDESS/blob/7f56fb9ca521c37a06c0a856641536b547eca483/audio_video_model.py#L84-L166]",yes,RAVDESS=yes_augmentation_generated_for_all_sources_before_train_val_test_assignment,feature_extractor.py:L47-L120 saves original and augmented audio features before main_preprocessing.py:L12-L14 calls train_test_val_split; train_val_set.py:L39-L68 then places those augmented files into train/val/test by actor [https://github.com/Susi-brambilla/emotion-recognition-RAVDESS/blob/7f56fb9ca521c37a06c0a856641536b547eca483/feature_extractor.py#L47-L120],single_split_single_seed,RAVDESS=one_fixed_actor_partition_one_training_run_per_reported_configuration,1,1,none,train_val_set.py:L51-L68 defines one fixed split and the model files contain no fold/seed repetition loop; the paper reports point accuracies only [https://github.com/Susi-brambilla/emotion-recognition-RAVDESS/blob/7f56fb9ca521c37a06c0a856641536b547eca483/train_val_set.py#L51-L68],yes_frozen_feature_extractor_has_undefined_names_in_reported_audio_path,high,p0_7_reliability,verified_agree,"The binary PDF is cited by page because it has no stable GitHub text-line anchors. feature_extractor.py:L66-L68 and L94-L103 reference undefined ext_feature_pitch_r1/x_pitch_r1 variables, so result-to-code linkage is only partial. Augmented validation/test files remain actor-disjoint but violate the train-only augmentation rule. || draw_rank=19; initial_batch=p0_5_audit_batch_12_20.csv"
P05R017,https://github.com/Omkar-Gode/Speech-Emotion-Recognition,ee0719fab738c68914a71ababe5a914a29fc6cbd,2022-12-23T21:23:14+05:30,2026-08-10T18:26:04-04:00,none_found,,,2022,supplemental_code,CREMA-D,CREMA-D test accuracy=88.89821767807007% (classification report accuracy=0.89; n=5954 augmented feature rows),Speech_Emotion_Recognition.ipynb:L3174-L3197 [https://github.com/Omkar-Gode/Speech-Emotion-Recognition/blob/ee0719fab738c68914a71ababe5a914a29fc6cbd/Speech_Emotion_Recognition.ipynb#L3174-L3197]; classification report L3545-L3561 [https://github.com/Omkar-Gode/Speech-Emotion-Recognition/blob/ee0719fab738c68914a71ababe5a914a29fc6cbd/Speech_Emotion_Recognition.ipynb#L3545-L3561],direct,random,CREMA-D=random_augmented_feature_row_80/20_then_10%_of_train_to_validation,not_enforced,"README.md:L3-L5 identifies 91 actors, but notebook L1946-L1952 stores only features/labels and L2640-L2687 performs ordinary row-level train_test_split without actor groups [https://github.com/Omkar-Gode/Speech-Emotion-Recognition/blob/ee0719fab738c68914a71ababe5a914a29fc6cbd/Speech_Emotion_Recognition.ipynb#L1946-L1952]",no,CREMA-D=no_train_only_StandardScaler,Speech_Emotion_Recognition.ipynb:L2730-L2736 fits StandardScaler on X_train and only transforms X_val/X_test [https://github.com/Omkar-Gode/Speech-Emotion-Recognition/blob/ee0719fab738c68914a71ababe5a914a29fc6cbd/Speech_Emotion_Recognition.ipynb#L2730-L2736],no_separate_validation,CREMA-D=no_separate_validation_validation_callbacks_then_distinct_test,Speech_Emotion_Recognition.ipynb:L3141-L3143 trains with X_val callbacks and L3174-L3197 evaluates X_test afterward [https://github.com/Omkar-Gode/Speech-Emotion-Recognition/blob/ee0719fab738c68914a71ababe5a914a29fc6cbd/Speech_Emotion_Recognition.ipynb#L3141-L3197],yes,CREMA-D=yes_source_derivatives_generated_before_row_level_split,"Speech_Emotion_Recognition.ipynb:L1894-L1918 creates original/noise/pitch/noise+pitch feature rows for every utterance; L1946-L1952 pools them before L2640-L2687 randomly splits rows, allowing derivatives of one source utterance across train/val/test [https://github.com/Omkar-Gode/Speech-Emotion-Recognition/blob/ee0719fab738c68914a71ababe5a914a29fc6cbd/Speech_Emotion_Recognition.ipynb#L1894-L1952]",single_split_single_seed,CREMA-D=single_augmented_row_partition_seed42_one_training_run,1,1,none,Speech_Emotion_Recognition.ipynb:L2640-L2687 creates one split schedule at random_state=42 and L3141-L3143 performs one fit; no fold/seed loop or uncertainty is reported [https://github.com/Omkar-Gode/Speech-Emotion-Recognition/blob/ee0719fab738c68914a71ababe5a914a29fc6cbd/Speech_Emotion_Recognition.ipynb#L2640-L2687],not_applicable_no_paper,high,p0_7_reliability,verified_agree,"The 5954-item test support is augmented feature rows, not 5954 independent utterances. Because original and three derivatives are split after pooling, the test set can share source utterances with training; this is stronger than merely applying augmentation to test. || draw_rank=20; initial_batch=p0_5_audit_batch_12_20.csv"
P05R018,https://github.com/daribdb/speech-emotion-recognition-iemocap,785c4433a31ff0bfe86eee5a6230a4fa5aebc6dc,2026-04-14T16:14:48+05:00,2026-08-10T18:45:02-04:00,none_found,,,2026,supplemental_code,IEMOCAP,IEMOCAP 4-class 10-fold leave-one-speaker-out: WA=52.71% ± 4.39% SD; UA=52.36% ± 4.81% SD,iemocap_emotion_recognition_csv.ipynb:L2239-L2240 stores the final WA/UA mean ± SD; https://github.com/daribdb/speech-emotion-recognition-iemocap/blob/785c4433a31ff0bfe86eee5a6230a4fa5aebc6dc/iemocap_emotion_recognition_csv.ipynb#L2239-L2240,direct,LOSO,IEMOCAP=10-fold leave-one-speaker-out with a distinct circular validation speaker in each fold,enforced,"iemocap_emotion_recognition_csv.ipynb:L793-L841 enumerates speakers, assigns one test and one validation speaker, and excludes both from train; https://github.com/daribdb/speech-emotion-recognition-iemocap/blob/785c4433a31ff0bfe86eee5a6230a4fa5aebc6dc/iemocap_emotion_recognition_csv.ipynb#L793-L841",no,IEMOCAP=BatchNorm running statistics are learned on the training loader and used in eval mode; no corpus-fitted external scaler,iemocap_emotion_recognition_csv.ipynb:L643-L674 defines model BatchNorm and L711/L748 switches train/eval modes; https://github.com/daribdb/speech-emotion-recognition-iemocap/blob/785c4433a31ff0bfe86eee5a6230a4fa5aebc6dc/iemocap_emotion_recognition_csv.ipynb#L643-L674,no_separate_validation,IEMOCAP=validation speaker selects the best checkpoint; the held-out test speaker is evaluated only after reloading it,iemocap_emotion_recognition_csv.ipynb:L867-L899 selects/saves on validation accuracy before the test evaluation at L899-L924; https://github.com/daribdb/speech-emotion-recognition-iemocap/blob/785c4433a31ff0bfe86eee5a6230a4fa5aebc6dc/iemocap_emotion_recognition_csv.ipynb#L867-L924,no_train_only,IEMOCAP=train loader uses augmentation; validation and test loaders explicitly disable it,iemocap_emotion_recognition_csv.ipynb:L434-L483 defines noise/pitch/stretch and L839-L841 enables it only for train; https://github.com/daribdb/speech-emotion-recognition-iemocap/blob/785c4433a31ff0bfe86eee5a6230a4fa5aebc6dc/iemocap_emotion_recognition_csv.ipynb#L839-L841,LOSO,IEMOCAP=10 speaker-held-out folds; one training run per fold,10,1,sd,iemocap_emotion_recognition_csv.ipynb:L793-L815 creates ten folds and L943-L946 computes across-fold SD; https://github.com/daribdb/speech-emotion-recognition-iemocap/blob/785c4433a31ff0bfe86eee5a6230a4fa5aebc6dc/iemocap_emotion_recognition_csv.ipynb#L943-L946,not_applicable_no_paper,high,p0_6_alt_search,verified_agree,README designates this notebook as the main training path. A separate iemocap_test.ipynb contains a random-split baseline and is not used for the primary judgment. || draw_rank=22; initial_batch=p0_5_audit_21_35.csv
P05R019,https://github.com/Yaowan410/Emotion-Aware-subtitles,dc64ec9a268d2229211b51b9c76bf6fff01f6c49,2026-01-20T23:52:22+08:00,2026-08-10T18:45:02-04:00,MIT,Emotion-Aware Subtitles: Improving Speech Emotion Recognition on IEMOCAP with WavLM and Attentive Statistics Pooling,https://github.com/Yaowan410/Emotion-Aware-subtitles/blob/dc64ec9a268d2229211b51b9c76bf6fff01f6c49/Emotion_Aware_Subtitles__Fine_Tuning_Wav2Vec2_for_Speech_Emotion_Recognition_on_IEMOCAP.pdf,2025,author_linked_paper,IEMOCAP,IEMOCAP 5-class validation: paper reports accuracy about 0.66 and macro-F1 about 0.57; committed best-epoch confusion matrix implies accuracy=653/980=66.63% at epoch 16,"bundled PDF pp.1,3,7 reports the approximate metrics and epoch-16 selection; Result/WechatIMG1657.jpg contains the 5x5 best-epoch matrix; https://github.com/Yaowan410/Emotion-Aware-subtitles/blob/dc64ec9a268d2229211b51b9c76bf6fff01f6c49/Result/WechatIMG1657.jpg",partial,random,"IEMOCAP=random utterance-level 90/10 stratified holdout, random_state=42",not_enforced,Model.py:L90-L101 stratifies labels only and carries no speaker/session group into train_test_split; https://github.com/Yaowan410/Emotion-Aware-subtitles/blob/dc64ec9a268d2229211b51b9c76bf6fff01f6c49/Model.py#L90-L101,no,IEMOCAP=fixed pretrained WavLM feature-extractor/per-utterance waveform processing; no cross-sample fitted scaler,Model.py:L177-L215 instantiates the fixed pretrained feature extractor and processes each waveform independently; https://github.com/Yaowan410/Emotion-Aware-subtitles/blob/dc64ec9a268d2229211b51b9c76bf6fff01f6c49/Model.py#L177-L215,yes_explicit,"IEMOCAP=the sole 10% holdout is evaluated every epoch, selects the saved best checkpoint, and supplies the reported validation result",Model.py:L368-L481 evaluates val each epoch and saves the maximum val_acc; https://github.com/Yaowan410/Emotion-Aware-subtitles/blob/dc64ec9a268d2229211b51b9c76bf6fff01f6c49/Model.py#L368-L481,not_applicable,IEMOCAP=current active code only resamples and deterministically truncates to the first six seconds; it defines no stochastic augmentation,Model.py:L184-L215 is the complete collate path and contains no random crop or noise operation; https://github.com/Yaowan410/Emotion-Aware-subtitles/blob/dc64ec9a268d2229211b51b9c76bf6fff01f6c49/Model.py#L184-L215,single_split_single_seed,IEMOCAP=one 90/10 split and one seed-42 training run,1,1,none,Model.py:L38-L64 fixes seed 42 and L93-L101 creates one split; no fold/seed loop exists; https://github.com/Yaowan410/Emotion-Aware-subtitles/blob/dc64ec9a268d2229211b51b9c76bf6fff01f6c49/Model.py#L38-L64,yes,medium,p0_6_alt_search,verified_agree,"The PDF says training uses random six-second crops plus Gaussian noise, whereas the frozen Model.py deterministically keeps waveform[:max_len_samples] for both loaders and adds no noise. The committed matrix title also differs from the current plotting title, so the exact result-to-code link is partial, not direct. || draw_rank=23; initial_batch=p0_5_audit_21_35.csv"
P05R020,https://github.com/Mayureshkore07/Cross-Dataset-Speech-Emotion-Recognition-Using-Deep-Learning,7172379c53268a4f0b7fceacb91792efeddca247,2026-06-30T10:51:41+05:30,2026-08-10T18:45:02-04:00,MIT,,,2026,supplemental_code,RAVDESS|CREMA-D,pooled RAVDESS+CREMA-D 3-class test: CNN accuracy=82.60% (stored 0.8260234); secondary CRNN accuracy=80.56%,README.md:L215-L244 reports both final models; final CNN notebook stores 0.8260234 at L392-L398; https://github.com/Mayureshkore07/Cross-Dataset-Speech-Emotion-Recognition-Using-Deep-Learning/blob/7172379c53268a4f0b7fceacb91792efeddca247/notebooks/04_Final_Model/23_CNN_3emotions.ipynb#L392-L398,direct,speaker_independent,RAVDESS=pooled speaker-disjoint 70/15/15 train/validation/test; CREMA-D=same pooled partition,enforced,"04_dataset_split.ipynb:L232-L286 splits unique speakers at random_state=42, selects rows by speaker, and asserts all sets disjoint; https://github.com/Mayureshkore07/Cross-Dataset-Speech-Emotion-Recognition-Using-Deep-Learning/blob/7172379c53268a4f0b7fceacb91792efeddca247/notebooks/01_Data_Preparation/04_dataset_split.ipynb#L232-L286",no,RAVDESS=pooled mean/std fitted on X_train only; CREMA-D=same,23_CNN_3emotions.ipynb:L140-L141 computes mean/std only from X_train before applying them to held-out arrays; https://github.com/Mayureshkore07/Cross-Dataset-Speech-Emotion-Recognition-Using-Deep-Learning/blob/7172379c53268a4f0b7fceacb91792efeddca247/notebooks/04_Final_Model/23_CNN_3emotions.ipynb#L140-L141,no_separate_validation,RAVDESS=validation drives early stopping and test is evaluated afterward once; CREMA-D=same pooled path,23_CNN_3emotions.ipynb:L285-L375 configures validation-based early stopping/training and L392-L398 separately evaluates test; https://github.com/Mayureshkore07/Cross-Dataset-Speech-Emotion-Recognition-Using-Deep-Learning/blob/7172379c53268a4f0b7fceacb91792efeddca247/notebooks/04_Final_Model/23_CNN_3emotions.ipynb#L285-L398,not_applicable,RAVDESS=no active augmentation in the final CNN path; CREMA-D=same,final notebook's loaded train/val/test arrays pass directly to model.fit without an augmentation generator (L274-L398); https://github.com/Mayureshkore07/Cross-Dataset-Speech-Emotion-Recognition-Using-Deep-Learning/blob/7172379c53268a4f0b7fceacb91792efeddca247/notebooks/04_Final_Model/23_CNN_3emotions.ipynb#L274-L398,single_split_single_seed,RAVDESS=one pooled speaker split at seed 42 and one final CNN run; CREMA-D=same,1,1,none,04_dataset_split.ipynb:L232-L239 fixes the only split seed and the final notebook contains one model.fit; https://github.com/Mayureshkore07/Cross-Dataset-Speech-Emotion-Recognition-Using-Deep-Learning/blob/7172379c53268a4f0b7fceacb91792efeddca247/notebooks/01_Data_Preparation/04_dataset_split.ipynb#L232-L239,not_applicable_no_paper,high,p0_6_alt_search,verified_agree,"The 82.60% score is a pooled cross-corpus, three-emotion estimate; it is not a dataset-specific RAVDESS or CREMA-D score. || draw_rank=24; initial_batch=p0_5_audit_21_35.csv"
P05R021,https://github.com/VeerR13/Speech-Emotion-Recognition,39473a22021ffe5a661bf6c53380309ba7a533ef,2026-04-23T12:16:47+05:30,2026-08-10T18:45:02-04:00,MIT,,,2026,supplemental_code,RAVDESS|CREMA-D,pooled RAVDESS+TESS+CREMA-D+SAVEE 8-class held-out standard test: accuracy=89.29%; macro-F1=91.09%,README.md:L4-L24 reports the exact metrics and identifies the CPU/no-TTA result; https://github.com/VeerR13/Speech-Emotion-Recognition/blob/39473a22021ffe5a661bf6c53380309ba7a533ef/README.md#L4-L24,partial,random,RAVDESS=pooled utterance-level 85/7.5/7.5 label-stratified split; CREMA-D=same,not_enforced,SER_v2_kaggle.ipynb:L191 performs ordinary stratified train_test_split calls and the parsers do not retain speaker groups; https://github.com/VeerR13/Speech-Emotion-Recognition/blob/39473a22021ffe5a661bf6c53380309ba7a533ef/SER_v2_kaggle.ipynb#L191,no,RAVDESS=pooled StandardScaler fit only on idx_tr; CREMA-D=same,SER_v2_kaggle.ipynb:L191 fits StandardScaler on X_flat_base[idx_tr] and only transforms val/test; https://github.com/VeerR13/Speech-Emotion-Recognition/blob/39473a22021ffe5a661bf6c53380309ba7a533ef/SER_v2_kaggle.ipynb#L191,no_separate_validation,RAVDESS=validation selects/restores the checkpoint; standard test is evaluated after training; CREMA-D=same pooled path,SER_v2_kaggle.ipynb:L245 selects by val_accuracy and L252 evaluates the loaded best model on test; https://github.com/VeerR13/Speech-Emotion-Recognition/blob/39473a22021ffe5a661bf6c53380309ba7a533ef/SER_v2_kaggle.ipynb#L245-L252,no_train_only,RAVDESS=SpecAugment/noise/mixup generator receives idx_tr only; CREMA-D=same; reported primary result is standard no-TTA test,SER_v2_kaggle.ipynb:L198 constructs AugMixupGen only from X_2d_base[idx_tr]/Xf_tr_scaled; https://github.com/VeerR13/Speech-Emotion-Recognition/blob/39473a22021ffe5a661bf6c53380309ba7a533ef/SER_v2_kaggle.ipynb#L198,single_split_single_seed,RAVDESS=one seed-42 pooled split and one training run; CREMA-D=same,1,1,none,SER_v2_kaggle.ipynb:L191 fixes the only split seed and L245 contains one fit; https://github.com/VeerR13/Speech-Emotion-Recognition/blob/39473a22021ffe5a661bf6c53380309ba7a533ef/SER_v2_kaggle.ipynb#L191,not_applicable_no_paper,high,p0_6_alt_search,verified_corrected,"Metrics pool four corpora and are not target-dataset-specific. A secondary TTA evaluation exists, but README explicitly identifies the reported 89.29%/91.09% as full held-out CPU evaluation without TTA. || draw_rank=25; initial_batch=p0_5_audit_21_35.csv"
P05R022,https://github.com/yipenglai/Audio-Emotion-Classification,426d7d473238777ef4e33fdb8d8e053f8cdaae48,2019-12-07T21:15:08-05:00,2026-08-10T18:45:02-04:00,none_found,,,2019,supplemental_code,RAVDESS,RAVDESS 7-class four-fold label-stratified CV: macro recall (called accuracy)=0.68155; across-fold SD=0.01009,crnn/train.ipynb:L14427-L14436 stores the mean and SD; L161/L267 aliases macro recall as accuracy; https://github.com/yipenglai/Audio-Emotion-Classification/blob/426d7d473238777ef4e33fdb8d8e053f8cdaae48/crnn/train.ipynb#L14427-L14436,direct,random,RAVDESS=4-fold label-stratified shuffled KFold over utterances,not_enforced,crnn/train.ipynb:L4686-L4706 uses StratifiedKFold on labels only; actor IDs are not supplied to the splitter; https://github.com/yipenglai/Audio-Emotion-Classification/blob/426d7d473238777ef4e33fdb8d8e053f8cdaae48/crnn/train.ipynb#L4686-L4706,no,RAVDESS=feature mean/std recomputed from each CV training fold and applied to all observations,crnn/train.ipynb:L4635-L4643 defines training-index-only normalization and L4695-L4700 calls it within each fold; https://github.com/yipenglai/Audio-Emotion-Classification/blob/426d7d473238777ef4e33fdb8d8e053f8cdaae48/crnn/train.ipynb#L4635-L4643,yes_explicit,RAVDESS=each held-out fold is evaluated every ten epochs and its maximum macro recall is the fold result,crnn/train.ipynb:L161-L267 evaluates the held-out fold repeatedly and updates best_acc_val from it; https://github.com/yipenglai/Audio-Emotion-Classification/blob/426d7d473238777ef4e33fdb8d8e053f8cdaae48/crnn/train.ipynb#L161-L267,not_applicable,RAVDESS=no stochastic augmentation in the active precomputed-feature CV path,crnn/train.ipynb:L4686-L4706 directly indexes X_raw and contains no augmentation call; https://github.com/yipenglai/Audio-Emotion-Classification/blob/426d7d473238777ef4e33fdb8d8e053f8cdaae48/crnn/train.ipynb#L4686-L4706,kfold_single_run,RAVDESS=4 label-stratified folds with one unseeded training run per fold,4,1,sd,crnn/train.ipynb:L4686-L4706 defines four folds and L14427-L14436 summarizes their SD; https://github.com/yipenglai/Audio-Emotion-Classification/blob/426d7d473238777ef4e33fdb8d8e053f8cdaae48/crnn/train.ipynb#L4686-L4706,not_applicable_no_paper,high,p0_6_alt_search,verified_agree,"The splitter uses shuffle=True without a random_state and the training notebook fixes no RNG seed. The reported 'accuracy' is sklearn macro recall, not ordinary micro accuracy. || draw_rank=26; initial_batch=p0_5_audit_21_35.csv"
P05R023,https://github.com/VishHUB1/Multimodal-SER,f268b8309889cfc59a2dc8e1cf4aa4c47eb631fc,2025-07-29T23:28:12+05:30,2026-08-10T18:45:02-04:00,none_found,,,2025,supplemental_code,CREMA-D,CREMA-D framed log-Mel Inception: README claims accuracy improved from 75% to 94%,"README.md:L1-L2 contains the dataset, 31-frame path, and claimed accuracy; https://github.com/VishHUB1/Multimodal-SER/blob/f268b8309889cfc59a2dc8e1cf4aa4c47eb631fc/README.md#L1-L2",partial,random,"CREMA-D=random framed-spectrogram-window/image-level 70/30 stratified holdout, random_state=42; no grouping by source utterance or actor",not_enforced,Mel_framing_window.py:L64-L125 writes multiple spec_i_window_w images per source file; Inception_framing.py:L31-L43 loads all generated images and L156-L176 randomly splits those image paths with no source-utterance/actor groups; https://github.com/VishHUB1/Multimodal-SER/blob/f268b8309889cfc59a2dc8e1cf4aa4c47eb631fc/Mel_framing_window.py#L64-L125; https://github.com/VishHUB1/Multimodal-SER/blob/f268b8309889cfc59a2dc8e1cf4aa4c47eb631fc/Inception_framing.py#L31-L43; https://github.com/VishHUB1/Multimodal-SER/blob/f268b8309889cfc59a2dc8e1cf4aa4c47eb631fc/Inception_framing.py#L156-L176,no,CREMA-D=fixed ImageNet mean/std constants; no corpus-fitted current-data scaler,Inception_framing.py:L164-L169 applies fixed ImageNet normalization to both sets; https://github.com/VishHUB1/Multimodal-SER/blob/f268b8309889cfc59a2dc8e1cf4aa4c47eb631fc/Inception_framing.py#L164-L169,yes_explicit,CREMA-D=the sole held-out subset is reused each epoch; the window-size analyzer also scores candidate windows on X_test and programmatically chooses the optimum partly from test_accuracy; no independent final test is documented,"framing_window_analyzer.py:L137-L173 uses X_test for every candidate's validation and evaluation; L178-L220 directly includes test_accuracy in the maximizing window score; L222-L263 invokes the search. Mel_framing_window.py:L47-L51 fixes a 31-frame parameter from analysis, and README.md:L1-L2 highlights that setting/result. Inception_framing.py:L45-L109,L188-L206 separately scores the final test loader each epoch; https://github.com/VishHUB1/Multimodal-SER/blob/f268b8309889cfc59a2dc8e1cf4aa4c47eb631fc/framing_window_analyzer.py#L137-L173; https://github.com/VishHUB1/Multimodal-SER/blob/f268b8309889cfc59a2dc8e1cf4aa4c47eb631fc/framing_window_analyzer.py#L178-L220; https://github.com/VishHUB1/Multimodal-SER/blob/f268b8309889cfc59a2dc8e1cf4aa4c47eb631fc/framing_window_analyzer.py#L222-L263; https://github.com/VishHUB1/Multimodal-SER/blob/f268b8309889cfc59a2dc8e1cf4aa4c47eb631fc/Mel_framing_window.py#L47-L51; https://github.com/VishHUB1/Multimodal-SER/blob/f268b8309889cfc59a2dc8e1cf4aa4c47eb631fc/README.md#L1-L2; https://github.com/VishHUB1/Multimodal-SER/blob/f268b8309889cfc59a2dc8e1cf4aa4c47eb631fc/Inception_framing.py#L45-L109; https://github.com/VishHUB1/Multimodal-SER/blob/f268b8309889cfc59a2dc8e1cf4aa4c47eb631fc/Inception_framing.py#L188-L206",not_applicable,CREMA-D=framed Inception path uses the same deterministic resize/to-tensor/fixed-normalize transform without stochastic augmentation,Inception_framing.py:L164-L176 constructs both loaders from the same deterministic transform; https://github.com/VishHUB1/Multimodal-SER/blob/f268b8309889cfc59a2dc8e1cf4aa4c47eb631fc/Inception_framing.py#L164-L176,single_split_single_seed,CREMA-D=one random_state-42 split and one unseeded model fit,1,1,none,Inception_framing.py:L156-L191 contains one split and one training invocation; https://github.com/VishHUB1/Multimodal-SER/blob/f268b8309889cfc59a2dc8e1cf4aa4c47eb631fc/Inception_framing.py#L156-L191,not_applicable_no_paper,medium,p0_6_alt_search,verified_corrected,"The README's exact 31-frame wording maps most closely to Inception_framing.py, but no frozen output artifact contains 94% and the repository has several alternative model scripts; therefore result linkage is partial. || draw_rank=27; initial_batch=p0_5_audit_21_35.csv"
P05R024,https://github.com/VINUVPOTTY/voice-emotion-recognition-ravdess,6a861f77a01ca7ad75336219f220920ce0a36af3,2026-06-04T12:00:52+05:30,2026-08-10T18:45:02-04:00,none_found,,,2026,supplemental_code,RAVDESS,"RAVDESS 8-class evaluation code is present, but the frozen repository reports no numeric score",README.md:L165-L175 names evaluated metrics without values; train.py:L153-L157 defines and prints test accuracy; https://github.com/VINUVPOTTY/voice-emotion-recognition-ravdess/blob/6a861f77a01ca7ad75336219f220920ce0a36af3/train.py#L153-L157,direct,random,"RAVDESS=random utterance-level 80/20 label-stratified holdout, random_state=42",not_enforced,train.py:L54-L79 loads actor folders but discards actor IDs; L103-L109 splits samples by labels only; https://github.com/VINUVPOTTY/voice-emotion-recognition-ravdess/blob/6a861f77a01ca7ad75336219f220920ce0a36af3/train.py#L54-L109,yes,RAVDESS=StandardScaler is fit on all utterances before the train/test split,train.py:L95-L109 calls scaler.fit_transform(X) before train_test_split; https://github.com/VINUVPOTTY/voice-emotion-recognition-ravdess/blob/6a861f77a01ca7ad75336219f220920ce0a36af3/train.py#L95-L109,yes_explicit,RAVDESS=the sole test holdout is validation_data for EarlyStopping and is evaluated again for the final metric,train.py:L138-L156 monitors val_loss on X_test/y_test and then evaluates the same arrays; https://github.com/VINUVPOTTY/voice-emotion-recognition-ravdess/blob/6a861f77a01ca7ad75336219f220920ce0a36af3/train.py#L138-L156,not_applicable,RAVDESS=no active augmentation in the complete MFCC extraction and dense-model training path,train.py:L33-L49 is the complete feature extractor and L114-L151 the training path; neither generates augmented samples; https://github.com/VINUVPOTTY/voice-emotion-recognition-ravdess/blob/6a861f77a01ca7ad75336219f220920ce0a36af3/train.py#L33-L49,single_split_single_seed,RAVDESS=one random_state-42 holdout and one training run,1,1,none,train.py:L103-L109 creates one split and L144-L151 calls one fit; https://github.com/VINUVPOTTY/voice-emotion-recognition-ravdess/blob/6a861f77a01ca7ad75336219f220920ce0a36af3/train.py#L103-L109,not_applicable_no_paper,high,p0_6_alt_search,verified_agree,"The committed Keras model/scaler are not treated as a numeric report. Inclusion rests on the explicit RAVDESS evaluation path, not on the README's illustrative 92.5% prediction-confidence example. || draw_rank=28; initial_batch=p0_5_audit_21_35.csv"
P05R025,https://github.com/flaviorainhoavila/IEMOCAPspeechEmotionRecognition,ac73e9f95b23f132cdf60ccbd39d0807b60e2db0,2022-03-11T12:14:40-08:00,2026-08-10T18:45:02-04:00,none_found,,,2022,supplemental_code,IEMOCAP,IEMOCAP 4-class sole validation holdout: final epoch accuracy=0.653132; best observed epoch accuracy=0.664733,"emo_rec.ipynb:L250-L339 stores the two fit_one_cycle histories, including the final and best validation accuracies; https://github.com/flaviorainhoavila/IEMOCAPspeechEmotionRecognition/blob/ac73e9f95b23f132cdf60ccbd39d0807b60e2db0/emo_rec.ipynb#L250-L339",direct,random,"IEMOCAP=random spectrogram/utterance-level 80/20 validation split, numpy seed=42",not_enforced,emo_rec.ipynb:L122-L133 uses ImageDataBunch.from_folder(valid_pct=0.2) with no speaker/session grouping; https://github.com/flaviorainhoavila/IEMOCAPspeechEmotionRecognition/blob/ac73e9f95b23f132cdf60ccbd39d0807b60e2db0/emo_rec.ipynb#L122-L133,no,"IEMOCAP=fixed ImageNet normalization constants, not statistics fitted from the current corpus",emo_rec.ipynb:L131-L133 calls normalize(imagenet_stats); https://github.com/flaviorainhoavila/IEMOCAPspeechEmotionRecognition/blob/ac73e9f95b23f132cdf60ccbd39d0807b60e2db0/emo_rec.ipynb#L131-L133,test_exposed_each_epoch,IEMOCAP=the sole validation holdout is scored for all 15 epochs and then used for interpretation; no distinct final test exists,emo_rec.ipynb:L191-L339 fits on the sole validation DataBunch and records validation accuracy each epoch; https://github.com/flaviorainhoavila/IEMOCAPspeechEmotionRecognition/blob/ac73e9f95b23f132cdf60ccbd39d0807b60e2db0/emo_rec.ipynb#L191-L339,not_applicable,IEMOCAP=the DataBunch explicitly sets ds_tfms=None,emo_rec.ipynb:L131-L133 sets ds_tfms=None; https://github.com/flaviorainhoavila/IEMOCAPspeechEmotionRecognition/blob/ac73e9f95b23f132cdf60ccbd39d0807b60e2db0/emo_rec.ipynb#L131-L133,single_split_single_seed,IEMOCAP=one numpy-seed-42 random validation split and one sequential 5+10-epoch training run,1,1,none,emo_rec.ipynb:L131-L133 fixes the only split seed and L250-L339 contains the single training history; https://github.com/flaviorainhoavila/IEMOCAPspeechEmotionRecognition/blob/ac73e9f95b23f132cdf60ccbd39d0807b60e2db0/emo_rec.ipynb#L131-L133,not_applicable_no_paper,high,p0_6_alt_search,verified_agree,"The repository labels this set validation and has no independent test set. The reported best observed accuracy is descriptive exposure, not a separately validated checkpoint estimate. || draw_rank=29; initial_batch=p0_5_audit_21_35.csv"
P05R026,https://github.com/vikrant-3009/SpeechEmotionRecognition,8268ac652980817c71da0215da5fc2a5f949711c,2022-03-26T18:25:02+05:30,2026-08-10T18:45:02-04:00,none_found,,,2022,supplemental_code,RAVDESS,RAVDESS 4-class random holdout accuracy=56.77% (n_test=192),main.ipynb:L110-L118 stores the 576/192 train/test counts and L168-L182 stores Accuracy: 56.77%; https://github.com/vikrant-3009/SpeechEmotionRecognition/blob/8268ac652980817c71da0215da5fc2a5f949711c/main.ipynb#L110-L118; https://github.com/vikrant-3009/SpeechEmotionRecognition/blob/8268ac652980817c71da0215da5fc2a5f949711c/main.ipynb#L168-L182,direct,random,"RAVDESS=random utterance-level 75/25 holdout, random_state=9",not_enforced,main.ipynb:L85-L110 extracts labels but not actor groups and calls ordinary train_test_split; https://github.com/vikrant-3009/SpeechEmotionRecognition/blob/8268ac652980817c71da0215da5fc2a5f949711c/main.ipynb#L85-L110,not_applicable,RAVDESS=per-utterance fixed feature extraction only; no fitted cross-sample scaler,main.ipynb:L1-L110 imports no scaler and passes extracted per-file features directly to the split/model; https://github.com/vikrant-3009/SpeechEmotionRecognition/blob/8268ac652980817c71da0215da5fc2a5f949711c/main.ipynb#L1-L110,no_fixed_training,RAVDESS=MLP uses one fixed max_iter schedule and test predictions occur only after model.fit,"main.ipynb:L127-L151 initializes MLPClassifier(max_iter=500) and fits once; L160-L182 predicts and scores the test set only after fitting, with no test-driven checkpoint selection; https://github.com/vikrant-3009/SpeechEmotionRecognition/blob/8268ac652980817c71da0215da5fc2a5f949711c/main.ipynb#L127-L151; https://github.com/vikrant-3009/SpeechEmotionRecognition/blob/8268ac652980817c71da0215da5fc2a5f949711c/main.ipynb#L160-L182",not_applicable,RAVDESS=no active augmentation in the notebook's feature/load/train path,main.ipynb:L1-L110 defines the complete data path and creates no augmented samples; https://github.com/vikrant-3009/SpeechEmotionRecognition/blob/8268ac652980817c71da0215da5fc2a5f949711c/main.ipynb#L1-L110,single_split_single_seed,RAVDESS=one random_state-9 split and one MLP fit; model initialization itself has no fixed random_state,1,1,none,"main.ipynb:L77-L98 defines and calls one ordinary split; L127-L182 defines one classifier, one fit, one prediction, and one score; https://github.com/vikrant-3009/SpeechEmotionRecognition/blob/8268ac652980817c71da0215da5fc2a5f949711c/main.ipynb#L77-L98; https://github.com/vikrant-3009/SpeechEmotionRecognition/blob/8268ac652980817c71da0215da5fc2a5f949711c/main.ipynb#L127-L182",not_applicable_no_paper,high,p0_6_alt_search,verified_corrected,"Only calm, happy, fearful, and disgust are retained. The split seed is fixed, but MLPClassifier random_state is left at its stochastic default. || draw_rank=30; initial_batch=p0_5_audit_21_35.csv"
P05R027,https://github.com/AitanaESCI/speech-emotion-recognition,ccec93c7605cd4b962a561b1d0e90e2e9af429e5,2026-07-06T16:51:56+02:00,2026-08-10T18:45:02-04:00,none_found_root; Apache-2.0_nested_loader_only,,,2026,supplemental_code,IEMOCAP,"IEMOCAP 4-class fixed-session holdout, selected WavLM audio-only model: test accuracy=0.641; test macro-F1=0.603",README.md:L167-L170 and L419-L435 reports the selected WavLM test metrics; https://github.com/AitanaESCI/speech-emotion-recognition/blob/ccec93c7605cd4b962a561b1d0e90e2e9af429e5/README.md#L419-L435,partial,speaker_independent,"IEMOCAP=fixed session/speaker holdout: train Ses03-Ses05 actors, validation Ses02 actors, test Ses01 actors",enforced,"loader core.py:L531-L547,L775-L785,L820-L824 constructs fixed session-specific actor partitions; https://github.com/AitanaESCI/speech-emotion-recognition/blob/ccec93c7605cd4b962a561b1d0e90e2e9af429e5/shared-dataset-loader/nbdev-upc-aidl-iemocap-datasets/src/nbdev_upc_aidl_iemocap_datasets/core.py#L531-L547",no,IEMOCAP=raw-waveform WavLM path uses fixed pretrained/internal normalization and per-utterance resampling/truncation; no corpus-fitted scaler,train-cli/models/wavlm.py:L64-L107 and L140-L202 implements the raw-waveform path without a current-corpus scaler; https://github.com/AitanaESCI/speech-emotion-recognition/blob/ccec93c7605cd4b962a561b1d0e90e2e9af429e5/train-cli/models/wavlm.py#L64-L107,yes_explicit,IEMOCAP=fixed test metrics are compared across eight experiment categories and explicitly determine the documented final model; within one CLI run validation remains separate,README.md:L415-L435 and L478-L489 selects the final model from test comparisons; train-cli/train.py:L604-L673 evaluates a run; https://github.com/AitanaESCI/speech-emotion-recognition/blob/ccec93c7605cd4b962a561b1d0e90e2e9af429e5/README.md#L415-L435,not_applicable,IEMOCAP=final WavLM wrapper reads raw audio and bypasses the spectrogram/pitch augmentation of the underlying dataset,train-cli/models/wavlm.py:L64-L137 uses the raw-audio wrapper; https://github.com/AitanaESCI/speech-emotion-recognition/blob/ccec93c7605cd4b962a561b1d0e90e2e9af429e5/train-cli/models/wavlm.py#L64-L137,single_split_single_seed,IEMOCAP=one fixed session partition and one CLI seed/run for the final WavLM result,1,1,none,"train-cli/train.py:L99-L106,L239,L410-L418,L573-L673 shows one seed and one fixed-partition run; https://github.com/AitanaESCI/speech-emotion-recognition/blob/ccec93c7605cd4b962a561b1d0e90e2e9af429e5/train-cli/train.py#L99-L106",not_applicable_no_paper,medium,p0_6_alt_search,verified_agree,"README reports Macro-F1, but current CLI computes weighted F1 at train-cli/train.py:L688-L702 and no frozen run artifact links the exact README values to this commit, hence partial linkage. Apache-2.0 is present only in the nested shared dataset loader, not at repository root. || draw_rank=31; initial_batch=p0_5_audit_21_35.csv"
P05R028,https://github.com/GaybsGimenez/RAVDESS-Speech-Emotion-Recognition-SER,9557d621afb724d3dd3b4fe16918c6dbd484c527,2024-03-18T10:58:42-03:00,2026-08-10T18:45:02-04:00,none_found,,,2024,supplemental_code,RAVDESS,RAVDESS speech+song 8-class random holdout: accuracy=0.8471153975 (~84.71%); macro-F1=0.82; weighted-F1=0.85; n_test=1040,notebook:L13370-L13379 and L13979-L13993 stores the evaluation and classification report; https://github.com/GaybsGimenez/RAVDESS-Speech-Emotion-Recognition-SER/blob/9557d621afb724d3dd3b4fe16918c6dbd484c527/Reconhecimento_de_Emo%C3%A7%C3%B5es_pela_Fala_RAVDESS.ipynb#L13370-L13379,direct,random,RAVDESS=ordinary utterance-level 70/30 train_test_split(random_state=1) without actor grouping,not_enforced,notebook:L12719 performs the ordinary split; https://github.com/GaybsGimenez/RAVDESS-Speech-Emotion-Recognition-SER/blob/9557d621afb724d3dd3b4fe16918c6dbd484c527/Reconhecimento_de_Emo%C3%A7%C3%B5es_pela_Fala_RAVDESS.ipynb#L12719,not_applicable,RAVDESS=per-utterance MFCC temporal mean only; no fitted cross-sample normalizer,notebook:L1262-L1267 contains the per-file feature path; https://github.com/GaybsGimenez/RAVDESS-Speech-Emotion-Recognition-SER/blob/9557d621afb724d3dd3b4fe16918c6dbd484c527/Reconhecimento_de_Emo%C3%A7%C3%B5es_pela_Fala_RAVDESS.ipynb#L1262-L1267,yes_explicit,"RAVDESS=the sole test holdout is validation_data for all 50 epochs, drives save_best_only checkpointing, and supplies final evaluation","notebook:L13076,L13327-L13338,L13370-L13379 reuses the test set for checkpoint selection and final scoring; https://github.com/GaybsGimenez/RAVDESS-Speech-Emotion-Recognition-SER/blob/9557d621afb724d3dd3b4fe16918c6dbd484c527/Reconhecimento_de_Emo%C3%A7%C3%B5es_pela_Fala_RAVDESS.ipynb#L13327-L13338",not_applicable,RAVDESS=no active augmentation in feature extraction or training,notebook:L1262-L1267 and L13327-L13338 contains the complete primary path without augmentation; https://github.com/GaybsGimenez/RAVDESS-Speech-Emotion-Recognition-SER/blob/9557d621afb724d3dd3b4fe16918c6dbd484c527/Reconhecimento_de_Emo%C3%A7%C3%B5es_pela_Fala_RAVDESS.ipynb#L1262-L1267,single_split_single_seed,RAVDESS=one random_state-1 holdout and one 50-epoch fit,1,1,none,notebook:L12719 and L13327-L13338 shows one split and one fit; https://github.com/GaybsGimenez/RAVDESS-Speech-Emotion-Recognition-SER/blob/9557d621afb724d3dd3b4fe16918c6dbd484c527/Reconhecimento_de_Emo%C3%A7%C3%B5es_pela_Fala_RAVDESS.ipynb#L12719,not_applicable_no_paper,high,p0_6_alt_search,verified_agree,"The displayed 84.71% comes from the last in-memory epoch rather than a reloaded best checkpoint, but the same test set was exposed every epoch and controlled checkpoint saving. || draw_rank=32; initial_batch=p0_5_audit_21_35.csv"
P05R029,https://github.com/Abhiramkura/Speech-Emotion-recognition-using-deformable-convolutional-neural-networks,3e73295a4446ec1a708485c27ff4570e9afdff95,2025-07-09T19:29:44+05:30,2026-08-10T18:45:02-04:00,none_found,,,2025,supplemental_code,RAVDESS|CREMA-D,pooled RAVDESS+CREMA-D+TESS 8-class random holdout: test accuracy=71.46%; macro-F1=0.7483; weighted-F1=0.7146; n_test=2337,DCNN_model.ipynb:L1604 and L1683-L1706 stores test metrics; https://github.com/Abhiramkura/Speech-Emotion-recognition-using-deformable-convolutional-neural-networks/blob/3e73295a4446ec1a708485c27ff4570e9afdff95/DCNN_model.ipynb#L1683-L1706,direct,random,"RAVDESS=pooled utterance split with CREMA-D and TESS: 20% test then 10% of remaining train for validation, labels stratified, random_state=42; CREMA-D=same",not_enforced,DCNN_model.ipynb:L898-L904 performs label-stratified splits without speaker groups; https://github.com/Abhiramkura/Speech-Emotion-recognition-using-deformable-convolutional-neural-networks/blob/3e73295a4446ec1a708485c27ff4570e9afdff95/DCNN_model.ipynb#L898-L904,no,RAVDESS=per-utterance waveform peak normalization and MFCC/mel z-normalization; CREMA-D=same; no cross-sample statistics,DCNN_model.ipynb:L351 and L770-L781 contains per-utterance normalization; https://github.com/Abhiramkura/Speech-Emotion-recognition-using-deformable-convolutional-neural-networks/blob/3e73295a4446ec1a708485c27ff4570e9afdff95/DCNN_model.ipynb#L770-L781,no_separate_validation,RAVDESS=separate validation split drives early stopping/checkpointing and test is evaluated afterward; CREMA-D=same pooled path,DCNN_model.ipynb:L1004-L1020 configures validation selection and L1604 evaluates test; https://github.com/Abhiramkura/Speech-Emotion-recognition-using-deformable-convolutional-neural-networks/blob/3e73295a4446ec1a708485c27ff4570e9afdff95/DCNN_model.ipynb#L1004-L1020,not_applicable,RAVDESS=deterministic denoising/resampling/padding before splitting but no additional stochastic samples; CREMA-D=same,DCNN_model.ipynb:L330-L354 and L898-L904 shows deterministic preprocessing followed by the split; https://github.com/Abhiramkura/Speech-Emotion-recognition-using-deformable-convolutional-neural-networks/blob/3e73295a4446ec1a708485c27ff4570e9afdff95/DCNN_model.ipynb#L330-L354,single_split_single_seed,RAVDESS=one pooled split at random_state=42 and one fit; CREMA-D=same,1,1,none,DCNN_model.ipynb:L898-L904 and L1004-L1020 contains one split/run; https://github.com/Abhiramkura/Speech-Emotion-recognition-using-deformable-convolutional-neural-networks/blob/3e73295a4446ec1a708485c27ff4570e9afdff95/DCNN_model.ipynb#L898-L904,not_applicable_no_paper,high,p0_6_alt_search,verified_agree,"Metrics are pooled across three corpora, not dataset-specific. README claims strong speaker generalization, but the active code uses label-stratified utterance splitting without speaker groups. || draw_rank=33; initial_batch=p0_5_audit_21_35.csv"
P05R030,https://github.com/mzarvandi/SER-wav2vec,3a78aa177edc4e847bcfccbffc2cd88d0aab96f6,2021-08-08T17:10:24+04:30,2026-08-10T18:45:02-04:00,none_found,,,2021,supplemental_code,IEMOCAP,IEMOCAP 11-class external predefined holdout: mean test cross-entropy loss=1.9321030474 after an interrupted training run,SER-wav2vec.ipynb:L1356-L1388 stores the post-interruption test loss; https://github.com/mzarvandi/SER-wav2vec/blob/3a78aa177edc4e847bcfccbffc2cd88d0aab96f6/SER-wav2vec.ipynb#L1356-L1388,direct,unknown,IEMOCAP=external Kaggle Train/Train and Test/Test directories; split generator and file manifests are absent,unknown,SER-wav2vec.ipynb:L409-L418 and L565-L566 consumes external directory labels without exposing split construction; https://github.com/mzarvandi/SER-wav2vec/blob/3a78aa177edc4e847bcfccbffc2cd88d0aab96f6/SER-wav2vec.ipynb#L409-L418,no,IEMOCAP=raw waveforms feed a fixed pretrained wav2vec2 model with internal pretrained GroupNorm/LayerNorm; no corpus-fitted current-data scaler,SER-wav2vec.ipynb:L119-L151 and L565-L587 shows fixed pretrained processing without a current-data scaler; https://github.com/mzarvandi/SER-wav2vec/blob/3a78aa177edc4e847bcfccbffc2cd88d0aab96f6/SER-wav2vec.ipynb#L119-L151,no_fixed_training,IEMOCAP=test loader is invoked once after the manual training loop terminates; no test-driven checkpoint/hyperparameter selection appears on the executed path,"SER-wav2vec.ipynb:L625-L646,L1059-L1067,L1356-L1388 shows training then a single executed test pass; https://github.com/mzarvandi/SER-wav2vec/blob/3a78aa177edc4e847bcfccbffc2cd88d0aab96f6/SER-wav2vec.ipynb#L1356-L1388",not_applicable,IEMOCAP=no augmentation operation in the raw-waveform dataset or executed training path,SER-wav2vec.ipynb:L409-L418 and L565-L646 contains the complete dataset/training path without augmentation; https://github.com/mzarvandi/SER-wav2vec/blob/3a78aa177edc4e847bcfccbffc2cd88d0aab96f6/SER-wav2vec.ipynb#L565-L646,single_split_single_seed,IEMOCAP=one external predefined train/test partition and one interrupted training attempt; no seed loop,1,1,none,SER-wav2vec.ipynb:L565-L646 and L1356-L1388 contains one attempt/evaluation; https://github.com/mzarvandi/SER-wav2vec/blob/3a78aa177edc4e847bcfccbffc2cd88d0aab96f6/SER-wav2vec.ipynb#L565-L646,not_applicable_no_paper,medium,p0_6_alt_search,verified_agree,"Training was interrupted by KeyboardInterrupt during the planned five-epoch loop, so the loss is a partial-run quantitative evaluation, not a completed benchmark. Later Trainer code assigns test as eval_dataset but has no stored execution output. || draw_rank=34; initial_batch=p0_5_audit_21_35.csv"
