corpus,model,contrast,protocol_a,protocol_b,metric,status,reason,point_mean_difference,speaker_difference_sample_sd,ci95_low,ci95_high,bootstrap_seed,bootstrap_replicates,n_speakers,n_speakers_expected,n_required_seed_cells,n_missing_seed_cells,n_missing_units,n_failed_units,n_invalid_units,wilcoxon_statistic,wilcoxon_p_raw,wilcoxon_error,sign_test_p_sensitivity,n_zero_differences,holm_family_size,holm_adjusted_p,holm_reject_0_05
ravdess,cnn,RG,random,groupkfold,uar,complete,,0.17708333333333334,0.070264258141833555,0.150390625,0.20551215277777776,202608101744,10000,24,24,6,0,0,0,0,0,1.8179489321282247e-05,,,0,24,0.00030874730983004904,true
ravdess,cnn,RG,random,groupkfold,accuracy,complete,,0.17199074074074075,0.068815590712705973,0.14560185185185187,0.19977430555555548,202608101744,10000,24,24,6,0,0,0,0,,,,,,,,
ravdess,cnn,RG,random,groupkfold,macro_f1,complete,,0.18654060310688994,0.076380685691549127,0.15738522313757156,0.21728749534896583,202608101744,10000,24,24,6,0,0,0,0,,,,,,,,
ravdess,cnn,RL,random,loso,uar,complete,,0.11067708333333333,0.074820670519696028,0.083116319444444448,0.14192708333333334,202608101744,10000,24,24,6,0,0,0,0,0,1.8197386214786344e-05,,,0,24,0.00030874730983004904,true
ravdess,cnn,RL,random,loso,accuracy,complete,,0.10300925925925924,0.071371413050485721,0.077083333333333337,0.13263888888888886,202608101744,10000,24,24,6,0,0,0,0,,,,,,,,
ravdess,cnn,RL,random,loso,macro_f1,complete,,0.11496857478115709,0.0822367320695018,0.084543442344200317,0.14907265033598588,202608101744,10000,24,24,6,0,0,0,0,,,,,,,,
ravdess,cnn,GL,groupkfold,loso,uar,complete,,-0.06640625,0.051152229779483166,-0.086588541666666671,-0.046006944444444454,202608101744,10000,24,24,6,0,0,0,0,10,6.3069813310127337e-05,,,0,24,0.00056762831979114607,true
ravdess,cnn,GL,groupkfold,loso,accuracy,complete,,-0.068981481481481491,0.054627923770413353,-0.090509259259259234,-0.047222222222222249,202608101744,10000,24,24,6,0,0,0,0,,,,,,,,
ravdess,cnn,GL,groupkfold,loso,macro_f1,complete,,-0.071572028325732881,0.053277201610630716,-0.092488079978330903,-0.050554556830875397,202608101744,10000,24,24,6,0,0,0,0,,,,,,,,
ravdess,resnet_se,RG,random,groupkfold,uar,complete,,0.19683159722222221,0.080701464488862534,0.16623263888888892,0.22938368055555555,202608101744,10000,24,24,6,0,0,0,0,0,1.8197386214786344e-05,,,0,24,0.00030874730983004904,true
ravdess,resnet_se,RG,random,groupkfold,accuracy,complete,,0.19236111111111112,0.075870551465704719,0.16342592592592589,0.2226909722222222,202608101744,10000,24,24,6,0,0,0,0,,,,,,,,
ravdess,resnet_se,RG,random,groupkfold,macro_f1,complete,,0.21527362187195306,0.085830595513564062,0.18267241386264405,0.24974540974318468,202608101744,10000,24,24,6,0,0,0,0,,,,,,,,
ravdess,resnet_se,RL,random,loso,uar,complete,,0.15277777777777776,0.091877776229593894,0.11848958333333333,0.19097222222222221,202608101744,10000,24,24,6,0,0,0,0,0,1.8161606460591121e-05,,,0,24,0.00030874730983004904,true
ravdess,resnet_se,RL,random,loso,accuracy,complete,,0.14699074074074073,0.087488656831917366,0.11435185185185182,0.18263888888888888,202608101744,10000,24,24,6,0,0,0,0,,,,,,,,
ravdess,resnet_se,RL,random,loso,macro_f1,complete,,0.16714723438537557,0.089835200166801382,0.13336514981281475,0.20406728595953283,202608101744,10000,24,24,6,0,0,0,0,,,,,,,,
ravdess,resnet_se,GL,groupkfold,loso,uar,complete,,-0.044053819444444454,0.055672931608492265,-0.065538194444444434,-0.021912977430555629,202608101744,10000,24,24,6,0,0,0,0,31,0.0011310606529229669,,,1,24,0.0079174245704607682,true
ravdess,resnet_se,GL,groupkfold,loso,accuracy,complete,,-0.045370370370370394,0.056148207631714055,-0.066898148148148179,-0.022685185185185201,202608101744,10000,24,24,6,0,0,0,0,,,,,,,,
ravdess,resnet_se,GL,groupkfold,loso,macro_f1,complete,,-0.048126387486577493,0.058068100380863005,-0.070521749160073657,-0.024825338894870336,202608101744,10000,24,24,6,0,0,0,0,,,,,,,,
ravdess,transformer,RG,random,groupkfold,uar,complete,,0.16341145833333334,0.099009718018751969,0.12586805555555555,0.20334201388888884,202608101744,10000,24,24,6,0,0,0,0,0,2.6929243565254072e-05,,,1,24,0.0003217677445718633,true
ravdess,transformer,RG,random,groupkfold,accuracy,complete,,0.16134259259259257,0.10123339166736124,0.12245370370370369,0.20162037037037037,202608101744,10000,24,24,6,0,0,0,0,,,,,,,,
ravdess,transformer,RG,random,groupkfold,macro_f1,complete,,0.1805212889203871,0.10037369352384617,0.14177253619709237,0.21991651356365505,202608101744,10000,24,24,6,0,0,0,0,,,,,,,,
ravdess,transformer,RL,random,loso,uar,complete,,0.14822048611111113,0.093837760436247739,0.11263020833333333,0.18598090277777776,202608101744,10000,24,24,6,0,0,0,0,1,2.0665419161049833e-05,,,0,24,0.00030874730983004904,true
ravdess,transformer,RL,random,loso,accuracy,complete,,0.14675925925925926,0.09127116651201779,0.11180555555555555,0.18310763888888879,202608101744,10000,24,24,6,0,0,0,0,,,,,,,,
ravdess,transformer,RL,random,loso,macro_f1,complete,,0.16649145797916326,0.096873453440873933,0.12954162615169804,0.20472798684326243,202608101744,10000,24,24,6,0,0,0,0,,,,,,,,
ravdess,transformer,GL,groupkfold,loso,uar,complete,,-0.015190972222222222,0.067837402528869953,-0.04144965277777779,0.01193576388888889,202608101744,10000,24,24,6,0,0,0,0,112.5,0.28363259112146677,,,0,24,0.56726518224293354,false
ravdess,transformer,GL,groupkfold,loso,accuracy,complete,,-0.014583333333333337,0.067483174181704131,-0.040972222222222222,0.012500000000000002,202608101744,10000,24,24,6,0,0,0,0,,,,,,,,
ravdess,transformer,GL,groupkfold,loso,macro_f1,complete,,-0.014029830941223833,0.074097343874937868,-0.042854499411285704,0.015834649416278317,202608101744,10000,24,24,6,0,0,0,0,,,,,,,,
ravdess,fno,RG,random,groupkfold,uar,complete,,0.15386284722222224,0.083063693729918911,0.12282443576388889,0.18815104166666666,202608101744,10000,24,24,6,0,0,0,0,0,2.681397871432194e-05,,,1,24,0.0003217677445718633,true
ravdess,fno,RG,random,groupkfold,accuracy,complete,,0.15162037037037038,0.076866280196920572,0.12268518518518519,0.18310185185185182,202608101744,10000,24,24,6,0,0,0,0,,,,,,,,
ravdess,fno,RG,random,groupkfold,macro_f1,complete,,0.18058247835956473,0.084416640466114093,0.14889261392918027,0.21575764843956413,202608101744,10000,24,24,6,0,0,0,0,,,,,,,,
ravdess,fno,RL,random,loso,uar,complete,,0.1328125,0.075460292450499927,0.1052517361111111,0.16471896701388883,202608101744,10000,24,24,6,0,0,0,0,0,2.6987022409679446e-05,,,1,24,0.0003217677445718633,true
ravdess,fno,RL,random,loso,accuracy,complete,,0.13078703703703706,0.070805107887188773,0.1041666666666667,0.16041666666666665,202608101744,10000,24,24,6,0,0,0,0,,,,,,,,
ravdess,fno,RL,random,loso,macro_f1,complete,,0.15846073276761424,0.077208230456525154,0.13042771710582007,0.191090497130189,202608101744,10000,24,24,6,0,0,0,0,,,,,,,,
ravdess,fno,GL,groupkfold,loso,uar,complete,,-0.021050347222222227,0.053787324108730092,-0.041666666666666678,-0.00021701388888888581,202608101744,10000,24,24,6,0,0,0,0,78.5,0.070230280909419615,,,1,24,0.35115140454709809,false
ravdess,fno,GL,groupkfold,loso,accuracy,complete,,-0.020833333333333332,0.056495668870993047,-0.04236689814814816,0.0013888888888888909,202608101744,10000,24,24,6,0,0,0,0,,,,,,,,
ravdess,fno,GL,groupkfold,loso,macro_f1,complete,,-0.022121745591950473,0.056699882119005243,-0.043629491350614703,0.00013595197166359861,202608101744,10000,24,24,6,0,0,0,0,,,,,,,,
cremad,cnn,RG,random,groupkfold,uar,complete,,0.02800480959821619,0.035582250482523829,0.020657170210741618,0.035272175931516603,202608101744,10000,91,91,6,0,0,0,0,531.5,1.7616433376310196e-09,,,2,24,4.0517796765513451e-08,true
cremad,cnn,RG,random,groupkfold,accuracy,complete,,0.027776152330424183,0.035310104298660223,0.02045976453247169,0.034941343410178093,202608101744,10000,91,91,6,0,0,0,0,,,,,,,,
cremad,cnn,RG,random,groupkfold,macro_f1,complete,,0.032781543078668957,0.040588852006551178,0.024395794068580539,0.041127704770512488,202608101744,10000,91,91,6,0,0,0,0,,,,,,,,
cremad,cnn,RL,random,loso,uar,complete,,0.010548669889329228,0.031540222892912237,0.0040447787357127925,0.01674066292884974,202608101744,10000,91,91,6,0,0,0,0,1300.5,0.0017084903789249845,,,0,24,0.010250942273549907,true
cremad,cnn,RL,random,loso,accuracy,complete,,0.010112386913128603,0.031193792826028788,0.0037002739372230106,0.016199631740389117,202608101744,10000,91,91,6,0,0,0,0,,,,,,,,
cremad,cnn,RL,random,loso,macro_f1,complete,,0.013632492279724653,0.036602063606352327,0.0061578288466273738,0.020931577973039125,202608101744,10000,91,91,6,0,0,0,0,,,,,,,,
cremad,cnn,GL,groupkfold,loso,uar,complete,,-0.017456139708886965,0.030151397553870057,-0.023598623598623629,-0.011217276567551294,202608101744,10000,91,91,6,0,0,0,0,781.5,9.8153413985038625e-07,,,3,24,1.8649148657157338e-05,true
cremad,cnn,GL,groupkfold,loso,accuracy,complete,,-0.017663765417295581,0.02987514050789316,-0.02374098834571663,-0.011441063499436053,202608101744,10000,91,91,6,0,0,0,0,,,,,,,,
cremad,cnn,GL,groupkfold,loso,macro_f1,complete,,-0.019149050798944307,0.032595277109444265,-0.025679493244930181,-0.012407434372956423,202608101744,10000,91,91,6,0,0,0,0,,,,,,,,
cremad,resnet_se,RG,random,groupkfold,uar,complete,,0.024555979226308894,0.040568278321320199,0.016522310615717201,0.032736965669657975,202608101744,10000,91,91,6,0,0,0,0,755,3.3265144578213519e-07,,,2,24,6.9856803614248388e-06,true
cremad,resnet_se,RG,random,groupkfold,accuracy,complete,,0.023905410690462758,0.039987462954251603,0.01599606296332869,0.031917582112811024,202608101744,10000,91,91,6,0,0,0,0,,,,,,,,
cremad,resnet_se,RG,random,groupkfold,macro_f1,complete,,0.027919474994835592,0.042361984770329965,0.019351577890673252,0.036542907923288369,202608101744,10000,91,91,6,0,0,0,0,,,,,,,,
cremad,resnet_se,RL,random,loso,uar,complete,,0.0090565722433854287,0.038503551900317665,0.0012841020395965696,0.017119012448682774,202608101744,10000,91,91,6,0,0,0,0,1579.5,0.083514297268283036,,,2,24,0.35115140454709809,false
cremad,resnet_se,RL,random,loso,accuracy,complete,,0.0086070630215545167,0.037928470271894957,0.00095256548419435068,0.016533730107934901,202608101744,10000,91,91,6,0,0,0,0,,,,,,,,
cremad,resnet_se,RL,random,loso,macro_f1,complete,,0.012119894615668713,0.043651404051741421,0.0032487400504735298,0.021376799680900564,202608101744,10000,91,91,6,0,0,0,0,,,,,,,,
cremad,resnet_se,GL,groupkfold,loso,uar,complete,,-0.015499406982923462,0.03909567096448209,-0.023436142357845639,-0.0076619287814342863,202608101744,10000,91,91,6,0,0,0,0,1220,0.00054966861699840518,,,0,24,0.0043973489359872414,true
cremad,resnet_se,GL,groupkfold,loso,accuracy,complete,,-0.015298347668908236,0.03863082388018238,-0.023137418744322191,-0.0075420481460989437,202608101744,10000,91,91,6,0,0,0,0,,,,,,,,
cremad,resnet_se,GL,groupkfold,loso,macro_f1,complete,,-0.015799580379166872,0.042358480493308946,-0.024347419806735698,-0.0072889189401116545,202608101744,10000,91,91,6,0,0,0,0,,,,,,,,
cremad,transformer,RG,random,groupkfold,uar,complete,,0.030611685831466038,0.03766255794801153,0.022939043303054282,0.038218198417374234,202608101744,10000,91,91,6,0,0,0,0,518,4.5534453252370661e-10,,,0,24,1.0928268780568958e-08,true
cremad,transformer,RG,random,groupkfold,accuracy,complete,,0.030270735091730668,0.037340507329813914,0.022683031467441689,0.037836470867600509,202608101744,10000,91,91,6,0,0,0,0,,,,,,,,
cremad,transformer,RG,random,groupkfold,macro_f1,complete,,0.036268233013208619,0.041088444198706102,0.027830094298519899,0.044671253724753057,202608101744,10000,91,91,6,0,0,0,0,,,,,,,,
cremad,transformer,RL,random,loso,uar,complete,,0.0046578878996461296,0.037728901924044184,-0.0031936368474830114,0.012385640407618428,202608101744,10000,91,91,6,0,0,0,0,1873.5,0.3849735720104891,,,0,24,0.56726518224293354,false
cremad,transformer,RL,random,loso,accuracy,complete,,0.004592237084035688,0.037443154004381633,-0.0031352281637547536,0.012275640009736438,202608101744,10000,91,91,6,0,0,0,0,,,,,,,,
cremad,transformer,RL,random,loso,macro_f1,complete,,0.0091898665742307199,0.040446736555178504,0.00081630689093970411,0.017557029187290504,202608101744,10000,91,91,6,0,0,0,0,,,,,,,,
cremad,transformer,GL,groupkfold,loso,uar,complete,,-0.02595379793181991,0.035415557919064582,-0.033073875656293238,-0.018599358262819804,202608101744,10000,91,91,6,0,0,0,0,609.5,4.3152083573231817e-09,,,0,24,9.4934583861109992e-08,true
cremad,transformer,GL,groupkfold,loso,accuracy,complete,,-0.025678498007694981,0.035164644166440107,-0.032744923568272591,-0.018404055096395699,202608101744,10000,91,91,6,0,0,0,0,,,,,,,,
cremad,transformer,GL,groupkfold,loso,macro_f1,complete,,-0.027078366438977906,0.036855364741329277,-0.03463861642114157,-0.019427213315748138,202608101744,10000,91,91,6,0,0,0,0,,,,,,,,
cremad,fno,RG,random,groupkfold,uar,complete,,0.018169152784537408,0.034617900937609997,0.010888677612578718,0.025053885115698324,202608101744,10000,91,91,6,0,0,0,0,906.5,7.3222569392218582e-06,,,2,24,0.00013180062490599344,true
cremad,fno,RG,random,groupkfold,accuracy,complete,,0.017886567808119657,0.034530960272962631,0.010644499599356247,0.024750033771571346,202608101744,10000,91,91,6,0,0,0,0,,,,,,,,
cremad,fno,RG,random,groupkfold,macro_f1,complete,,0.022034476707618843,0.037570821738405383,0.014186807233436466,0.029571299013378165,202608101744,10000,91,91,6,0,0,0,0,,,,,,,,
cremad,fno,RL,random,loso,uar,complete,,-0.0047862190719333607,0.030790930501424455,-0.011211674467168965,0.0016011194239216094,202608101744,10000,91,91,6,0,0,0,0,1710,0.17446266566005386,,,1,24,0.52338799698016159,false
cremad,fno,RL,random,loso,accuracy,complete,,-0.0046777617380955013,0.030634792929689236,-0.011043122058847343,0.0016823452674258547,202608101744,10000,91,91,6,0,0,0,0,,,,,,,,
cremad,fno,RL,random,loso,macro_f1,complete,,-0.0030180181158370317,0.032579216048730458,-0.0097678325747983345,0.0037478007325594869,202608101744,10000,91,91,6,0,0,0,0,,,,,,,,
cremad,fno,GL,groupkfold,loso,uar,complete,,-0.022955371856470768,0.03802449961804031,-0.030712258081763602,-0.015273298892804408,202608101744,10000,91,91,6,0,0,0,0,808.5,6.1802833054914958e-07,,,1,24,1.2360566610982992e-05,true
cremad,fno,GL,groupkfold,loso,accuracy,complete,,-0.022564329546215154,0.037843467777616949,-0.030298173586399257,-0.014900655124945527,202608101744,10000,91,91,6,0,0,0,0,,,,,,,,
cremad,fno,GL,groupkfold,loso,macro_f1,complete,,-0.025052494823455871,0.041273016807471426,-0.033470105963985253,-0.01661723378347801,202608101744,10000,91,91,6,0,0,0,0,,,,,,,,
