corpus,window,draw,D_CE_pp,D_UAR_pp,J_pp,T_seen_ce_uar,T_unseen_ce_uar,T_seen_uar_uar,T_unseen_uar_uar,last_window_outer_uar,ce_disagreement,uar_disagreement
cremad,8,0,-0.07507507507507398,-0.14145724672040103,0.06638217164532705,56.34751835990227,56.422593434977344,57.52398894813756,57.665446194857964,56.963691808893046,0.4,0.6
cremad,8,1,2.742308872339831,0.6140350877192973,2.1282737846205335,57.098290240705104,54.35598136836527,56.982818732044734,56.36878364432545,53.13864948539871,0.6,0.4
cremad,8,2,0.8793820558526448,0.29708853238265076,0.5822935234699941,57.57247396566282,56.69309190981018,57.57247396566282,57.275385433280164,55.22375457359978,0.2,0.4
cremad,8,3,0.7017543859649109,-0.7585139318885453,1.4602683178534561,57.59592832348251,56.894173937517586,56.223379303874665,56.98189323576321,55.777746505300684,0.2,0.6
cremad,8,4,0.7017543859649124,0.47534165181223925,0.22641273415267307,56.86077295984417,56.15901857387926,57.12393085458101,56.64858920276877,55.55530340360061,0.2,0.2
cremad,8,5,0.0,-1.0319917440660475,1.0319917440660475,53.631495272362145,53.631495272362145,53.337377625303326,54.36936936936937,53.85490753911806,0.0,0.4
cremad,8,6,2.679273700945528,0.4898875796708637,2.1893861212746644,55.684715111959704,53.00544141101417,55.00735325812725,54.51746567845639,53.50971010413734,0.6,0.6
cremad,8,7,-1.102823904681489,-0.5159958720330238,-0.5868280326484652,54.75471812933114,55.857542034012624,55.96743520892128,56.483431080954304,55.244343696356076,0.6,0.4
cremad,8,8,-1.7362479281983965,-0.6092935040303473,-1.1269544241680491,52.461575000274685,54.19782292847309,54.488627383364225,55.09792088739457,53.165962190729985,0.6,0.6
cremad,8,9,0.7017543859649124,0.8820417055711175,-0.1802873196062052,54.45909708912804,53.75734270316313,54.45909708912804,53.57705538355693,53.20476026667977,0.2,0.6
cremad,8,10,1.906843516750638,1.589406744205506,0.31743677254513186,54.29988530607726,52.39304178932662,55.59907923685014,54.00967249264463,50.761227030576876,0.8,0.6
cremad,8,11,-1.4765300059417696,0.86533902323376,-2.3418690291755295,55.85032823422917,57.32685824017094,56.54254451468074,55.677205491446976,55.90784001000719,0.2,0.4
cremad,8,12,0.0,-0.35087719298245756,0.35087719298245756,53.416205397629554,53.416205397629554,53.32848609938393,53.67936329236638,49.104981705600906,0.0,0.2
cremad,8,13,-0.8410732714138263,0.6862745098039212,-1.5273477812177476,57.00820015061502,57.849273422028844,57.56547569241068,56.87920118260676,52.523359272585274,0.4,0.2
cremad,8,14,0.8991048464732643,-0.21200626463784572,1.11111111111111,55.11063695274222,54.211532106268955,54.35571935571935,54.5677256203572,53.18454818454818,0.6,0.4
cremad,8,15,2.7038183694530473,0.7843137254901947,1.9195046439628527,55.356037151702786,52.65221878224975,55.97007223942209,55.18575851393189,54.65944272445821,0.4,0.2
cremad,8,16,0.6914344685242526,0.08771929824561368,0.6037151702786389,52.20846233230134,51.517027863777095,54.48916408668731,54.40144478844169,53.29721362229102,0.4,0.2
cremad,8,17,0.3626043718922986,0.0,0.3626043718922986,56.972350904239455,56.60974653234715,56.972350904239455,56.972350904239455,53.29567112848847,0.4,0.0
cremad,8,18,0.08771929824561368,-0.9188910272501616,1.0066103254957752,54.685052347591046,54.59733304934544,54.4679157063058,55.38680673355596,54.49973756475305,0.2,0.8
cremad,8,19,-0.3508771929824562,-0.8101135190918469,0.4592363261093908,56.91434468524252,57.26522187822498,56.71826625386997,57.52837977296182,57.68833849329205,0.4,0.6
cremad,8,20,0.0,1.1713106295149658,-1.1713106295149658,53.988804453200736,53.988804453200736,55.1601150827157,53.988804453200736,53.707977608906404,0.0,0.4
cremad,8,21,1.6815210932857994,0.43880779174896817,1.2427133015368312,56.65476199531927,54.97324090203347,55.203558469812336,54.764750678063365,54.79951806577193,0.4,0.4
cremad,8,22,0.0,-0.23219814241485892,0.23219814241485892,55.531319385808544,55.531319385808544,55.211401945148076,55.443600087562935,52.54604872251931,0.0,0.4
cremad,8,23,0.2427969765431044,-1.6821465428276525,1.924943519370757,55.60650433715449,55.363707360611386,53.697319610632306,55.379466153459965,54.98452012383901,0.4,0.8
cremad,10,0,-0.07507507507507398,1.6043287869913272,-1.6794038620664011,56.34751835990227,56.422593434977344,59.34217076631937,57.73784197932805,55.96448967965996,0.4,0.8
cremad,10,1,2.742308872339831,-0.5675954592363268,3.3099043315761576,57.098290240705104,54.35598136836527,58.08188993947508,58.649485398711406,55.58446991883525,0.6,0.4
cremad,10,2,0.8793820558526448,0.29708853238265076,0.5822935234699941,57.57247396566282,56.69309190981018,57.57247396566282,57.275385433280164,52.483034681177095,0.2,0.4
cremad,10,3,0.17543859649122454,0.7843137254901947,-0.6088751289989702,57.59592832348251,57.42048972699128,58.29252275072709,57.50820902523689,56.76142227225819,0.6,0.6
cremad,10,4,0.7017543859649124,0.4082621884479437,0.29349219751696864,57.12393085458101,56.4221764686161,57.75860577718163,57.35034358873368,54.20929936409813,0.2,0.6
cremad,10,5,-0.4901960784313701,-0.10556996625108325,-0.38462611218028686,53.631495272362145,54.12169135079351,55.43497057428946,55.54054054054054,53.3320782082392,0.2,0.8
cremad,10,6,1.8020807184893868,0.1390103866884033,1.6630703318009836,55.684715111959704,53.88263439347031,54.79954764784486,54.660537261156456,54.34343434343434,0.4,0.6
cremad,10,7,0.43107841869451846,-1.315223188288202,1.7463016069827204,56.28862045270714,55.857542034012624,55.78935535591883,57.10457854420703,54.153551243334526,0.8,0.8
cremad,10,8,-2.443318635269101,-0.6092935040303473,-1.8340251312387537,53.269655808355495,55.7129744436246,55.296708191445035,55.90600169547538,50.988687815313206,0.4,0.6
cremad,10,9,0.7017543859649124,1.1244942421413016,-0.42273985617638915,55.77488656281226,55.073132176847345,56.60557439350009,55.48108015135879,54.1494340426229,0.2,0.4
cremad,10,10,1.906843516750638,1.9123922684294201,-0.005548751678782082,54.29988530607726,52.39304178932662,56.412260839505414,54.499868571076,51.5347475254596,0.8,0.6
cremad,10,11,-1.4765300059417696,-0.8042985287567334,-0.6722314771850364,55.85032823422917,57.32685824017094,56.01622872520706,56.82052725396379,54.37414898715208,0.2,0.4
cremad,10,12,1.0814022578728455,-0.2631578947368439,1.3445601526096893,54.49760765550239,53.416205397629554,54.409888357256776,54.67304625199362,48.74675548050161,0.2,0.2
cremad,10,13,-0.05159958720330025,0.3921568627450995,-0.44375644994839974,57.79767383482554,57.849273422028844,57.70995453657993,57.31779767383482,52.13385211837224,0.4,0.4
cremad,10,14,0.8991048464732643,-1.1769185453396005,2.076023391812865,55.11063695274222,54.211532106268955,54.28129086023823,55.458209405577826,52.40980214664425,0.6,0.8
cremad,10,15,3.1424148606811158,-0.3560371517027875,3.498452012383903,55.794633642930854,52.65221878224975,55.26831785345718,55.62435500515996,51.589267285861716,0.4,0.6
cremad,10,16,3.4107327141382866,2.2910216718266256,1.1197110423116612,54.92776057791538,51.517027863777095,58.008255933952526,55.717234262125906,56.07843137254902,0.6,0.8
cremad,10,17,1.4152359508396657,-0.5215742057847322,1.9368101566243978,58.02498248318682,56.60974653234715,58.51814944694202,59.03972365272675,57.00391075004078,0.6,0.2
cremad,10,18,0.08771929824561368,0.1801801801801787,-0.092460881934565,56.363602555553015,56.275883257307406,59.29404073366921,59.11386055348903,56.92645643110039,0.2,0.2
cremad,10,19,0.0,0.12899896800825558,-0.12899896800825558,56.91434468524252,56.91434468524252,58.97832817337461,58.84932920536636,57.18266253869969,0.6,0.6
cremad,10,20,0.0,0.0,0.0,55.83090971635863,55.83090971635863,56.7132626575351,56.7132626575351,52.470212965569,0.0,0.0
cremad,10,21,2.8550207961972673,-0.438596491228067,3.2936172874253344,58.63907250904155,55.78405171284428,57.98682583512304,58.425422326351125,59.3954945657732,0.4,0.4
cremad,10,22,0.7017543859649109,0.5572755417956643,0.14447884416924667,56.233073771773455,55.531319385808544,57.22894580479719,56.67167026300153,51.047471620227036,0.2,0.4
cremad,10,23,0.2427969765431044,-1.2435500515995828,1.4863470281426872,55.60650433715449,55.363707360611386,54.133545310015904,55.37709536161549,54.11569464201043,0.4,0.6
cremad,12,0,-0.07507507507507398,1.5940088695506673,-1.6690839446257413,56.34751835990227,56.422593434977344,59.331850848878716,57.73784197932805,56.213393241257016,0.4,0.8
cremad,12,1,4.2240537751373655,-0.3921568627450981,4.616210637882463,58.58003514350264,54.35598136836527,58.868992831841126,59.26114969458623,54.751764148048984,0.8,0.4
cremad,12,2,0.8793820558526448,0.5602464271194947,0.31913562873315016,57.57247396566282,56.69309190981018,57.133877474434755,56.57363104731526,50.4018513306439,0.2,0.4
cremad,12,3,0.17543859649122454,0.696594427244581,-0.5211558307533565,57.59592832348251,57.42048972699128,58.30581355349157,57.60921912624699,53.306126278262504,0.6,0.6
cremad,12,4,0.7017543859649124,-0.4387528536135349,1.1405072395784472,57.12393085458101,56.4221764686161,57.30374759786524,57.74250045147878,55.22465612248893,0.2,0.6
cremad,12,5,-0.4901960784313701,-0.7200234290017562,0.2298273505703861,53.631495272362145,54.12169135079351,54.279139820935484,54.99916324993724,52.35015200959474,0.2,0.8
cremad,12,6,1.8020807184893868,0.6653261761620897,1.1367545423272971,55.684715111959704,53.88263439347031,55.85217922679224,55.18685305063015,53.34782432305652,0.4,0.6
cremad,12,7,0.43107841869451846,2.1775997782189775,-1.746521359524459,56.28862045270714,55.857542034012624,57.930269137699476,55.7526693594805,52.508124505028526,0.8,0.6
cremad,12,8,-2.443318635269101,0.07635555623171938,-2.5196741915008203,53.269655808355495,55.7129744436246,56.26162047214679,56.18526491591507,51.34172872562965,0.4,0.8
cremad,12,9,0.7017543859649124,1.1244942421413016,-0.42273985617638915,55.77488656281226,55.073132176847345,55.70774157616263,54.58324733402132,53.17792848133405,0.2,0.4
cremad,12,10,1.906843516750638,1.9711042311661515,-0.06426071441551358,54.29988530607726,52.39304178932662,56.902456917936796,54.93135268677064,52.84287946826646,0.8,0.6
cremad,12,11,-1.4765300059417696,-0.36333124568418357,-1.1131987602575861,55.85032823422917,57.32685824017094,56.01859951705153,56.38193076273571,50.20597152176099,0.2,0.8
cremad,12,12,1.0814022578728455,-0.2631578947368439,1.3445601526096893,54.49760765550239,53.416205397629554,54.409888357256776,54.67304625199362,48.86621634299653,0.2,0.2
cremad,12,13,-0.05159958720330025,0.0,-0.05159958720330025,57.79767383482554,57.849273422028844,58.984464340501496,58.984464340501496,57.289348171701114,0.4,0.4
cremad,12,14,1.6885785306837917,-0.15683147262094793,1.8454100033047396,55.90011063695274,54.211532106268955,55.41280514964726,55.569636622268206,52.2138166875009,0.8,0.6
cremad,12,15,3.1424148606811158,-0.7997936016511886,3.9422084623323044,55.794633642930854,52.65221878224975,54.82456140350878,55.62435500515996,50.67079463364293,0.4,0.8
cremad,12,16,3.4107327141382866,1.5892672858617147,1.821465428276572,54.92776057791538,51.517027863777095,57.39422084623324,55.804953560371516,51.326109391124874,0.6,0.6
cremad,12,17,2.236844218268368,-0.4235349900984559,2.660379208366824,58.84659075061552,56.60974653234715,58.84659075061552,59.27012574071398,52.83463452194103,0.6,0.4
cremad,12,18,0.08771929824561368,0.004741583688949902,0.08297771455666378,56.363602555553015,56.275883257307406,58.901883870924124,58.89714228723517,56.74334762570057,0.2,0.4
cremad,12,19,0.0,0.12899896800825558,-0.12899896800825558,56.91434468524252,56.91434468524252,58.97832817337461,58.84932920536636,58.338493292053656,0.6,0.6
cremad,12,20,0.0,0.9184726522187802,-0.9184726522187802,55.83090971635863,55.83090971635863,57.23957844700878,56.32110579479,54.16940300841229,0.0,0.4
cremad,12,21,2.8550207961972673,0.7540808469601032,2.1009399492371643,58.63907250904155,55.78405171284428,58.501287665374356,57.74720681841425,57.52379455165833,0.4,0.6
cremad,12,22,0.7017543859649109,0.26315789473683965,0.43859649122807126,56.233073771773455,55.531319385808544,57.6211026675423,57.35794477280545,52.984645213747385,0.2,0.2
cremad,12,23,0.2427969765431044,-2.1413828689370433,2.3841798454801477,55.60650433715449,55.363707360611386,55.09845759071766,57.2398404596547,54.90196078431372,0.4,0.8
cremad,15,0,-0.07507507507507398,1.005773575433021,-1.080848650508095,56.34751835990227,56.422593434977344,59.331850848878716,58.3260772734457,52.77058088203599,0.4,0.8
cremad,15,1,4.2240537751373655,-0.9907120743034085,5.214765849440774,58.58003514350264,54.35598136836527,58.27043762028281,59.26114969458623,52.88065154938219,0.8,0.8
cremad,15,2,0.8793820558526448,0.873596647590459,0.0057854082621858535,57.57247396566282,56.69309190981018,57.44722769490571,56.57363104731526,52.97385620915033,0.2,0.6
cremad,15,3,0.8825093035619318,0.696594427244581,0.18591487631735076,58.30299903055321,57.42048972699128,58.91187415955218,58.2152797323076,53.39634737467556,0.6,0.6
cremad,15,4,0.7017543859649124,-0.37605153704224675,1.077805923007159,57.12393085458101,56.4221764686161,57.01557172145408,57.39162325849632,53.950815436883545,0.2,0.6
cremad,15,5,-0.4901960784313701,-1.0709006219842123,0.5807045435528423,53.631495272362145,54.12169135079351,54.279139820935484,55.350040442919706,53.88265974953282,0.2,0.8
cremad,15,6,1.8020807184893868,0.5776068779164746,1.2244738405729123,55.684715111959704,53.88263439347031,55.85217922679224,55.27457234887576,53.27279573409604,0.4,0.8
cremad,15,7,0.43107841869451846,1.277421525099544,-0.8463431064050255,56.28862045270714,55.857542034012624,58.32836777109223,57.05094624599269,53.9696648520178,0.8,0.6
cremad,15,8,-2.443318635269101,-0.9170062266037448,-1.5263124086653561,53.269655808355495,55.7129744436246,55.092820092820105,56.00982631942384,51.93711442937449,0.4,0.8
cremad,15,9,0.7017543859649124,1.4186118892001232,-0.7168575032352109,55.77488656281226,55.073132176847345,56.00185922322146,54.58324733402132,53.828697560895705,0.2,0.4
cremad,15,10,1.906843516750638,0.340557275541795,1.566286241208843,54.29988530607726,52.39304178932662,57.341053409164864,57.00049613362307,50.11605047208762,0.8,0.4
cremad,15,11,-1.4765300059417696,-0.10674057113685506,-1.3697894348049147,55.85032823422917,57.32685824017094,57.37050870177806,57.477249272914904,52.60764282436109,0.2,0.6
cremad,15,12,1.0814022578728455,-2.0492854238984264,3.130687681771272,54.49760765550239,53.416205397629554,54.20270819651624,56.251993620414666,53.88185258154299,0.2,0.8
cremad,15,13,-0.05159958720330025,0.19607843137254832,-0.24767801857584856,57.79767383482554,57.849273422028844,58.984464340501496,58.78838590912894,54.809639360722954,0.4,0.4
cremad,15,14,1.6885785306837917,-0.8975961607540569,2.5861746914378485,55.90011063695274,54.211532106268955,55.076080865554545,55.97367702630861,53.44662844662845,0.8,0.6
cremad,15,15,3.1424148606811158,-0.03611971104231344,3.1785345717234295,55.794633642930854,52.65221878224975,54.89164086687307,54.92776057791538,51.92466460268317,0.4,1.0
cremad,15,16,3.4107327141382866,1.6769865841073326,1.7337461300309542,54.92776057791538,51.517027863777095,57.04334365325078,55.36635706914344,53.89576883384933,0.6,0.8
cremad,15,17,2.236844218268368,-0.5231082475664479,2.759952465834816,58.84659075061552,56.60974653234715,57.881678469913766,58.404786717480214,54.012541953718426,0.6,0.4
cremad,15,18,0.08771929824561368,0.016595542911332473,0.07112375533428121,56.363602555553015,56.275883257307406,59.08917642663772,59.07258088372639,56.1549897772808,0.2,0.4
cremad,15,19,0.0,-0.753353973168214,0.753353973168214,56.91434468524252,56.91434468524252,58.97832817337461,59.73168214654282,57.55417956656347,0.6,0.6
cremad,15,20,0.0,0.9184726522187802,-0.9184726522187802,55.83090971635863,55.83090971635863,57.23957844700878,56.32110579479,53.02608124589549,0.0,0.4
cremad,15,21,2.8550207961972673,0.5618100509741396,2.293210745223128,58.63907250904155,55.78405171284428,60.514508316365905,59.95269826539177,58.264694472124816,0.4,0.6
cremad,15,22,0.7017543859649109,0.26315789473683965,0.43859649122807126,56.233073771773455,55.531319385808544,57.442849548112704,57.17969165337587,53.81539856772055,0.2,0.4
cremad,15,23,0.2427969765431044,-2.1413828689370433,2.3841798454801477,55.60650433715449,55.363707360611386,55.09845759071766,57.2398404596547,52.79153766769866,0.4,0.8
subesco,8,0,-0.35714285714285693,2.8571428571428568,-3.214285714285714,49.28571428571429,49.642857142857146,49.28571428571429,46.42857142857143,43.92857142857143,0.2,0.4
subesco,8,1,3.214285714285714,2.8571428571428585,0.35714285714285554,42.857142857142854,39.642857142857146,44.28571428571429,41.42857142857143,42.857142857142854,0.8,0.4
subesco,8,2,-0.35714285714285554,0.0,-0.35714285714285554,43.92857142857143,44.285714285714285,43.92857142857143,43.92857142857143,41.42857142857143,0.4,0.2
subesco,8,3,5.0,2.5,2.5,46.42857142857143,41.42857142857143,46.07142857142857,43.57142857142857,44.642857142857146,0.4,0.6
subesco,8,4,6.071428571428571,-2.4999999999999987,8.57142857142857,42.857142857142854,36.78571428571429,41.07142857142857,43.57142857142857,43.57142857142857,0.6,0.8
subesco,8,5,-0.35714285714285693,3.571428571428574,-3.9285714285714306,45.35714285714286,45.714285714285715,45.35714285714286,41.78571428571429,42.142857142857146,0.2,0.4
subesco,8,6,-1.0714285714285707,-1.4285714285714277,0.35714285714285693,41.42857142857143,42.5,40.0,41.42857142857143,42.142857142857146,0.4,0.6
subesco,8,7,1.0714285714285707,-1.0714285714285736,2.1428571428571446,42.857142857142854,41.78571428571429,41.42857142857143,42.5,42.857142857142854,0.2,0.6
subesco,8,8,1.7857142857142876,-1.4285714285714293,3.2142857142857166,41.78571428571429,40.0,40.71428571428571,42.142857142857146,43.214285714285715,0.6,0.6
subesco,8,9,0.35714285714285554,0.35714285714285554,0.0,43.57142857142857,43.214285714285715,43.92857142857143,43.57142857142857,44.28571428571429,0.8,0.6
subesco,8,10,2.5000000000000013,4.642857142857144,-2.1428571428571432,47.85714285714286,45.357142857142854,44.642857142857146,40.0,44.642857142857146,0.6,0.8
subesco,8,11,3.5714285714285694,4.2857142857142865,-0.7142857142857167,45.0,41.42857142857143,45.357142857142854,41.07142857142857,42.85714285714286,1.0,0.8
subesco,8,12,0.7142857142857139,1.0714285714285707,-0.35714285714285693,40.357142857142854,39.642857142857146,40.357142857142854,39.28571428571429,40.357142857142854,0.4,0.2
subesco,8,13,-0.7142857142857139,2.1428571428571432,-2.8571428571428568,47.5,48.21428571428571,48.21428571428571,46.07142857142857,46.42857142857143,0.2,0.2
subesco,8,14,1.4285714285714293,-0.7142857142857139,2.1428571428571432,47.857142857142854,46.42857142857143,47.142857142857146,47.857142857142854,48.57142857142857,0.4,0.4
subesco,8,15,1.0714285714285707,-1.0714285714285707,2.1428571428571415,44.642857142857146,43.57142857142857,43.57142857142857,44.642857142857146,41.78571428571429,0.2,0.4
subesco,8,16,-1.0714285714285707,4.2857142857142865,-5.357142857142857,43.57142857142857,44.642857142857146,45.0,40.71428571428571,43.214285714285715,0.4,0.8
subesco,8,17,-0.7142857142857139,1.785714285714286,-2.5,43.214285714285715,43.92857142857143,44.642857142857146,42.857142857142854,43.57142857142857,0.4,0.4
subesco,8,18,0.7142857142857153,-1.4285714285714277,2.1428571428571432,43.214285714285715,42.5,41.42857142857143,42.857142857142854,42.85714285714286,0.2,0.4
subesco,8,19,3.214285714285714,-0.7142857142857153,3.9285714285714293,50.71428571428571,47.5,48.57142857142857,49.28571428571429,50.71428571428571,0.4,0.4
subesco,8,20,0.0,-3.214285714285714,3.214285714285714,40.0,40.0,40.714285714285715,43.92857142857143,43.92857142857143,0.6,0.6
subesco,8,21,3.928571428571428,-3.214285714285714,7.1428571428571415,40.71428571428571,36.78571428571429,38.214285714285715,41.42857142857143,41.07142857142857,0.6,0.4
subesco,8,22,0.0,-1.0714285714285707,1.0714285714285707,44.28571428571429,44.28571428571429,43.214285714285715,44.28571428571429,40.0,0.2,0.2
subesco,8,23,5.3571428571428585,-1.4210854715202005e-15,5.357142857142859,47.5,42.142857142857146,45.0,45.0,47.142857142857146,0.6,0.4
subesco,10,0,-1.0714285714285694,-0.35714285714285837,-0.7142857142857111,49.28571428571429,50.357142857142854,48.57142857142857,48.92857142857143,47.85714285714286,0.4,0.6
subesco,10,1,7.857142857142856,-4.642857142857143,12.499999999999998,47.142857142857146,39.28571428571429,43.21428571428571,47.857142857142854,45.0,1.0,0.8
subesco,10,2,3.2142857142857166,-1.7857142857142847,5.000000000000002,47.5,44.285714285714285,45.0,46.785714285714285,44.642857142857146,0.6,0.4
subesco,10,3,2.8571428571428554,1.7857142857142876,1.071428571428568,42.857142857142854,40.0,44.642857142857146,42.857142857142854,42.142857142857146,0.8,0.6
subesco,10,4,4.2857142857142865,0.0,4.2857142857142865,50.357142857142854,46.07142857142857,50.357142857142854,50.357142857142854,51.78571428571429,0.4,0.0
subesco,10,5,0.0,1.0714285714285723,-1.0714285714285723,46.78571428571429,46.78571428571429,46.78571428571429,45.714285714285715,46.07142857142857,0.0,0.4
subesco,10,6,3.2142857142857153,3.9285714285714293,-0.7142857142857139,46.07142857142857,42.857142857142854,46.42857142857143,42.5,43.92857142857143,0.8,0.6
subesco,10,7,1.4285714285714277,-1.4210854715202005e-15,1.4285714285714293,46.07142857142857,44.642857142857146,45.71428571428571,45.714285714285715,44.285714285714285,0.4,0.4
subesco,10,8,4.2857142857142865,-2.8571428571428568,7.142857142857143,44.285714285714285,40.0,42.142857142857146,45.0,41.78571428571429,0.8,1.0
subesco,10,9,2.1428571428571415,1.0714285714285707,1.0714285714285707,46.78571428571429,44.642857142857146,49.642857142857146,48.57142857142857,46.78571428571429,0.6,0.6
subesco,10,10,2.842170943040401e-15,2.1428571428571446,-2.1428571428571415,45.0,45.0,47.142857142857146,45.0,43.92857142857143,0.8,0.8
subesco,10,11,2.4999999999999987,0.7142857142857153,1.7857142857142834,46.78571428571429,44.28571428571429,46.78571428571429,46.07142857142857,47.5,0.8,0.2
subesco,10,12,1.0714285714285707,0.0,1.0714285714285707,42.857142857142854,41.78571428571429,41.07142857142857,41.07142857142857,40.357142857142854,0.4,0.6
subesco,10,13,2.1428571428571432,-0.35714285714285693,2.5,51.42857142857143,49.28571428571429,51.78571428571429,52.142857142857146,47.142857142857146,0.4,0.4
subesco,10,14,1.7857142857142847,0.0,1.7857142857142847,49.285714285714285,47.5,48.57142857142857,48.57142857142857,46.78571428571429,0.2,0.6
subesco,10,15,-1.4285714285714293,-1.4285714285714277,-1.4210854715202005e-15,43.92857142857143,45.35714285714286,43.214285714285715,44.642857142857146,43.57142857142857,0.4,0.6
subesco,10,16,-3.2142857142857153,-1.7857142857142847,-1.4285714285714306,45.357142857142854,48.57142857142857,45.0,46.785714285714285,47.5,0.6,0.8
subesco,10,17,-0.7142857142857139,-2.1428571428571446,1.4285714285714306,44.642857142857146,45.357142857142854,44.28571428571429,46.42857142857143,45.714285714285715,0.6,0.6
subesco,10,18,0.35714285714285554,-0.35714285714285693,0.7142857142857124,43.57142857142857,43.214285714285715,42.5,42.857142857142854,43.21428571428571,0.4,0.8
subesco,10,19,0.0,1.0714285714285707,-1.0714285714285707,51.78571428571429,51.78571428571429,51.42857142857142,50.357142857142854,45.0,0.2,0.4
subesco,10,20,1.4285714285714293,-0.35714285714285554,1.7857142857142847,38.21428571428571,36.785714285714285,41.42857142857143,41.78571428571429,44.28571428571429,0.4,0.6
subesco,10,21,6.7857142857142865,-1.0714285714285707,7.857142857142857,43.57142857142857,36.78571428571429,41.07142857142857,42.142857142857146,37.5,0.8,0.6
subesco,10,22,2.5,-1.4210854715202005e-15,2.5000000000000013,48.21428571428571,45.71428571428571,42.857142857142854,42.857142857142854,47.5,0.6,0.8
subesco,10,23,3.571428571428574,-2.8571428571428568,6.428571428571431,47.142857142857146,43.57142857142857,46.07142857142857,48.92857142857143,46.07142857142857,1.0,0.6
subesco,12,0,-1.7857142857142834,1.7857142857142847,-3.571428571428568,48.57142857142858,50.357142857142854,49.28571428571429,47.5,44.28571428571429,0.4,0.8
subesco,12,1,7.499999999999998,-1.7857142857142834,9.285714285714281,46.785714285714285,39.28571428571429,46.78571428571429,48.57142857142857,48.92857142857143,1.0,0.6
subesco,12,2,1.428571428571432,-1.0714285714285707,2.5000000000000027,45.714285714285715,44.285714285714285,46.07142857142857,47.142857142857146,44.642857142857146,0.8,0.4
subesco,12,3,2.8571428571428554,-1.0714285714285723,3.928571428571428,42.857142857142854,40.0,43.214285714285715,44.28571428571429,45.0,0.8,0.2
subesco,12,4,7.1428571428571415,-2.8571428571428528,9.999999999999995,51.07142857142857,43.92857142857143,48.92857142857143,51.78571428571429,50.71428571428571,0.8,0.8
subesco,12,5,0.35714285714285693,0.7142857142857167,-0.35714285714285976,46.78571428571429,46.42857142857143,46.78571428571429,46.07142857142857,43.57142857142857,0.2,0.6
subesco,12,6,2.5,2.5,0.0,47.142857142857146,44.642857142857146,48.57142857142857,46.07142857142857,46.07142857142857,0.8,0.2
subesco,12,7,3.214285714285714,0.7142857142857124,2.5000000000000013,47.857142857142854,44.642857142857146,46.785714285714285,46.07142857142857,47.857142857142854,0.4,0.4
subesco,12,8,2.5000000000000013,-0.7142857142857153,3.2142857142857166,43.57142857142857,41.07142857142857,43.92857142857143,44.642857142857146,46.07142857142857,0.6,0.4
subesco,12,9,-1.0714285714285736,0.35714285714285554,-1.4285714285714293,46.78571428571429,47.85714285714286,49.642857142857146,49.28571428571429,46.07142857142857,0.6,0.4
subesco,12,10,1.4285714285714306,5.3571428571428585,-3.928571428571428,46.42857142857143,45.0,49.642857142857146,44.28571428571429,47.857142857142854,0.8,0.6
subesco,12,11,3.571428571428568,3.5714285714285694,-1.4210854715202005e-15,47.857142857142854,44.28571428571429,51.42857142857142,47.857142857142854,51.07142857142857,0.8,0.6
subesco,12,12,-0.35714285714285693,-1.4285714285714277,1.0714285714285707,41.78571428571429,42.142857142857146,39.28571428571429,40.71428571428571,38.57142857142857,0.4,0.8
subesco,12,13,-0.7142857142857153,1.7857142857142847,-2.5,48.57142857142857,49.28571428571429,51.42857142857142,49.642857142857146,45.71428571428571,0.6,0.8
subesco,12,14,1.7857142857142847,0.7142857142857139,1.0714285714285707,48.21428571428571,46.42857142857143,48.21428571428571,47.5,48.92857142857143,0.6,0.8
subesco,12,15,-1.0714285714285723,-3.9285714285714293,2.8571428571428568,45.35714285714286,46.42857142857143,45.714285714285715,49.642857142857146,47.85714285714286,0.2,0.6
subesco,12,16,-1.785714285714286,1.0714285714285736,-2.85714285714286,47.142857142857146,48.92857142857143,46.78571428571429,45.71428571428571,51.42857142857143,0.6,0.8
subesco,12,17,1.7857142857142847,-2.8571428571428568,4.6428571428571415,46.07142857142857,44.28571428571429,46.78571428571429,49.642857142857146,44.642857142857146,0.8,0.6
subesco,12,18,-0.35714285714285976,1.785714285714286,-2.142857142857146,42.857142857142854,43.214285714285715,44.642857142857146,42.857142857142854,43.57142857142857,0.6,0.8
subesco,12,19,-1.4285714285714277,-0.35714285714285693,-1.0714285714285707,50.357142857142854,51.78571428571429,48.57142857142857,48.92857142857143,44.285714285714285,0.4,0.4
subesco,12,20,3.571428571428572,0.35714285714285976,3.2142857142857126,44.642857142857146,41.07142857142857,46.07142857142858,45.714285714285715,46.07142857142857,0.4,0.8
subesco,12,21,9.642857142857142,1.7857142857142847,7.8571428571428585,46.42857142857143,36.78571428571429,43.57142857142857,41.78571428571429,43.214285714285715,1.0,0.8
subesco,12,22,2.5,2.5,0.0,48.21428571428571,45.71428571428571,46.42857142857143,43.92857142857143,45.0,0.6,0.8
subesco,12,23,1.0714285714285723,-1.4285714285714293,2.5000000000000013,48.57142857142857,47.5,47.857142857142854,49.28571428571429,48.57142857142857,1.0,0.6
subesco,15,0,-1.4285714285714248,-0.7142857142857153,-0.7142857142857096,48.92857142857143,50.357142857142854,49.28571428571429,50.0,44.642857142857146,0.6,0.8
subesco,15,1,8.214285714285712,-2.1428571428571415,10.357142857142854,47.5,39.28571428571429,46.07142857142857,48.21428571428571,45.71428571428571,1.0,0.8
subesco,15,2,2.857142857142861,2.1428571428571446,0.7142857142857167,47.142857142857146,44.285714285714285,50.0,47.857142857142854,48.214285714285715,0.8,0.8
subesco,15,3,4.6428571428571415,-0.35714285714285693,4.999999999999998,44.642857142857146,40.0,45.0,45.357142857142854,46.42857142857143,0.8,0.8
subesco,15,4,7.1428571428571415,0.0,7.1428571428571415,51.07142857142857,43.92857142857143,50.71428571428571,50.71428571428571,52.5,0.8,0.8
subesco,15,5,0.35714285714285693,0.7142857142857139,-0.35714285714285693,46.78571428571429,46.42857142857143,47.142857142857146,46.42857142857143,46.42857142857143,0.2,0.6
subesco,15,6,3.214285714285714,-3.5714285714285694,6.785714285714283,47.857142857142854,44.642857142857146,47.5,51.07142857142857,46.785714285714285,0.8,0.6
subesco,15,7,3.5714285714285707,-1.0714285714285736,4.642857142857144,48.21428571428571,44.642857142857146,45.0,46.07142857142857,44.642857142857146,0.6,0.8
subesco,15,8,6.071428571428574,0.35714285714285693,5.714285714285717,47.142857142857146,41.07142857142857,47.142857142857146,46.78571428571429,46.07142857142857,1.0,0.4
subesco,15,9,-1.428571428571432,-0.35714285714285976,-1.0714285714285723,46.42857142857143,47.85714285714286,48.92857142857143,49.28571428571429,50.357142857142854,0.8,0.6
subesco,15,10,0.35714285714285837,1.7857142857142847,-1.4285714285714264,46.42857142857143,46.07142857142857,49.28571428571429,47.5,44.285714285714285,0.8,0.6
subesco,15,11,2.14285714285714,2.8571428571428554,-0.7142857142857153,46.42857142857143,44.28571428571429,52.5,49.642857142857146,50.00000000000001,0.8,0.8
subesco,15,12,-0.35714285714285693,0.0,-0.35714285714285693,41.78571428571429,42.142857142857146,39.642857142857146,39.642857142857146,42.5,0.4,0.6
subesco,15,13,2.1428571428571432,2.1428571428571432,0.0,51.42857142857143,49.28571428571429,50.357142857142854,48.214285714285715,49.642857142857146,0.6,1.0
subesco,15,14,1.7857142857142847,0.35714285714285693,1.4285714285714277,48.21428571428571,46.42857142857143,50.357142857142854,50.0,51.78571428571429,0.8,0.6
subesco,15,15,0.7142857142857139,-3.9285714285714306,4.642857142857144,47.142857142857146,46.42857142857143,47.142857142857146,51.07142857142858,44.28571428571429,0.4,0.6
subesco,15,16,-0.35714285714285837,-0.35714285714285693,-1.4210854715202005e-15,48.57142857142857,48.92857142857143,48.21428571428571,48.57142857142857,48.21428571428571,0.8,0.4
subesco,15,17,1.4285714285714293,-1.4285714285714293,2.8571428571428585,45.714285714285715,44.28571428571429,48.57142857142857,50.0,48.21428571428571,0.8,1.0
subesco,15,18,-0.35714285714285976,1.4285714285714293,-1.785714285714289,43.57142857142857,43.92857142857143,44.642857142857146,43.214285714285715,45.357142857142854,0.8,0.6
subesco,15,19,-2.1428571428571415,-2.1428571428571446,2.842170943040401e-15,49.642857142857146,51.78571428571429,48.21428571428571,50.357142857142854,52.857142857142854,0.6,1.0
subesco,15,20,2.8571428571428568,-2.5,5.357142857142857,43.57142857142857,40.71428571428571,41.42857142857143,43.92857142857143,44.642857142857146,0.8,0.8
subesco,15,21,9.642857142857142,3.214285714285714,6.428571428571428,46.42857142857143,36.78571428571429,44.642857142857146,41.42857142857143,44.285714285714285,1.0,1.0
subesco,15,22,2.5,-3.5714285714285707,6.071428571428571,48.21428571428571,45.71428571428571,45.714285714285715,49.28571428571429,47.5,0.6,0.8
subesco,15,23,0.35714285714285837,-0.35714285714285693,0.7142857142857153,47.85714285714286,47.5,50.714285714285715,51.07142857142857,49.642857142857146,1.0,0.6
ravdess,8,0,-1.25,0.4166666666666661,-1.666666666666666,18.75,20.0,24.166666666666664,23.75,18.75,0.4,0.8
ravdess,8,1,-1.6666666666666672,0.0,-1.6666666666666672,19.583333333333332,21.25,18.958333333333332,18.958333333333332,20.833333333333332,0.4,0.2
ravdess,8,2,0.0,-3.3333333333333313,3.3333333333333313,24.791666666666664,24.791666666666664,21.041666666666664,24.375,24.791666666666664,0.0,0.6
ravdess,8,3,-0.4166666666666661,-1.25,0.8333333333333339,21.458333333333336,21.875,20.833333333333336,22.083333333333336,22.083333333333336,0.2,0.8
ravdess,8,4,0.0,-4.166666666666667,4.166666666666667,23.125,23.125,21.875,26.041666666666668,21.875,0.0,1.0
ravdess,8,5,1.25,0.8333333333333336,0.4166666666666664,22.708333333333336,21.458333333333336,21.25,20.416666666666664,21.458333333333336,0.2,0.4
ravdess,8,6,0.0,0.625,-0.625,18.333333333333336,18.333333333333336,21.666666666666664,21.041666666666664,18.333333333333336,0.2,0.6
ravdess,8,7,0.0,0.625,-0.625,19.375,19.375,20.0,19.375,18.125,0.0,0.4
ravdess,8,8,0.0,-2.5000000000000013,2.5000000000000013,23.333333333333336,23.333333333333336,21.25,23.75,23.333333333333336,0.2,0.4
ravdess,8,9,2.0833333333333335,-1.4583333333333328,3.5416666666666665,21.875,19.791666666666664,22.916666666666668,24.375,21.875,0.2,0.6
ravdess,8,10,0.0,1.6666666666666665,-1.6666666666666665,22.708333333333332,22.708333333333332,23.958333333333332,22.291666666666664,22.708333333333332,0.2,1.0
ravdess,8,11,-2.5,-1.6666666666666674,-0.8333333333333325,20.208333333333336,22.708333333333336,20.833333333333332,22.5,20.208333333333336,0.2,0.8
ravdess,8,12,-1.4583333333333335,0.0,-1.4583333333333335,18.333333333333332,19.791666666666664,20.625,20.625,18.333333333333332,0.4,1.0
ravdess,8,13,0.0,-0.8333333333333328,0.8333333333333328,20.833333333333332,20.833333333333332,18.333333333333332,19.166666666666664,20.833333333333332,0.0,0.6
ravdess,8,14,0.0,0.0,0.0,25.625,25.625,24.583333333333336,24.583333333333336,25.625,0.2,0.4
ravdess,8,15,0.4166666666666661,-2.708333333333333,3.124999999999999,21.25,20.833333333333332,20.208333333333332,22.916666666666664,21.25,0.2,0.4
ravdess,8,16,-0.625,3.9583333333333344,-4.583333333333334,21.041666666666664,21.666666666666664,23.958333333333336,20.0,19.791666666666664,0.2,0.6
ravdess,8,17,0.0,-0.625,0.625,21.875,21.875,22.916666666666664,23.541666666666664,21.875,0.0,0.8
ravdess,8,18,0.0,-2.7083333333333335,2.7083333333333335,20.0,20.0,19.375,22.083333333333336,20.625,0.0,0.8
ravdess,8,19,0.0,-3.125,3.125,18.75,18.75,17.916666666666664,21.041666666666664,18.75,0.2,0.6
ravdess,8,20,-0.41666666666666713,-2.9166666666666656,2.4999999999999987,23.541666666666668,23.958333333333336,21.041666666666668,23.958333333333332,22.291666666666668,0.2,0.8
ravdess,8,21,0.0,-1.2499999999999993,1.2499999999999993,24.791666666666668,24.791666666666668,25.416666666666668,26.666666666666668,26.666666666666668,0.2,0.6
ravdess,8,22,0.625,-2.500000000000001,3.125000000000001,19.583333333333336,18.958333333333336,20.208333333333332,22.708333333333336,18.958333333333336,0.2,1.0
ravdess,8,23,0.625,4.375,-3.75,22.708333333333336,22.083333333333336,23.958333333333332,19.583333333333332,22.083333333333336,0.4,0.8
ravdess,10,0,0.625,0.2083333333333318,0.4166666666666682,26.041666666666668,25.416666666666668,27.5,27.291666666666668,26.041666666666668,0.2,0.8
ravdess,10,1,-0.4166666666666664,0.4166666666666664,-0.8333333333333328,21.666666666666664,22.083333333333332,22.5,22.083333333333336,22.5,0.6,0.4
ravdess,10,2,0.0,0.41666666666666713,-0.41666666666666713,26.666666666666668,26.666666666666668,28.75,28.333333333333332,26.666666666666668,0.0,0.6
ravdess,10,3,1.25,3.5416666666666665,-2.2916666666666665,26.875,25.625,26.875,23.333333333333336,26.875,0.2,0.8
ravdess,10,4,0.0,0.41666666666666574,-0.41666666666666574,27.916666666666664,27.916666666666664,27.916666666666664,27.5,29.791666666666664,0.0,0.4
ravdess,10,5,1.6666666666666685,-0.20833333333333356,1.8750000000000022,26.041666666666668,24.375,22.708333333333336,22.916666666666668,24.375,0.4,0.4
ravdess,10,6,0.0,7.5,-7.5,27.291666666666664,27.291666666666664,29.791666666666664,22.291666666666664,26.458333333333332,0.0,0.6
ravdess,10,7,0.0,1.875,-1.875,21.666666666666664,21.666666666666664,21.25,19.375,21.25,0.4,0.4
ravdess,10,8,0.0,-2.5000000000000013,2.5000000000000013,30.0,30.0,27.5,30.0,25.416666666666664,0.0,0.8
ravdess,10,9,1.6666666666666665,5.625,-3.9583333333333335,29.791666666666664,28.125,29.791666666666664,24.166666666666664,29.791666666666664,0.2,0.6
ravdess,10,10,0.0,0.0,0.0,24.375,24.375,22.916666666666664,22.916666666666664,24.375,0.2,0.8
ravdess,10,11,-1.25,-1.875,0.625,22.916666666666664,24.166666666666664,22.291666666666664,24.166666666666664,22.916666666666664,0.2,0.8
ravdess,10,12,0.625,-1.6666666666666656,2.2916666666666656,27.5,26.875,24.583333333333336,26.25,27.5,0.2,0.6
ravdess,10,13,0.0,-3.333333333333333,3.333333333333333,23.125,23.125,20.416666666666664,23.75,23.75,0.0,0.6
ravdess,10,14,0.0,-3.125,3.125,30.416666666666668,30.416666666666668,23.958333333333336,27.083333333333332,28.75,0.0,0.4
ravdess,10,15,-0.8333333333333339,1.2499999999999996,-2.0833333333333335,23.75,24.583333333333336,25.833333333333332,24.583333333333332,24.583333333333336,0.4,1.0
ravdess,10,16,-1.25,4.791666666666668,-6.041666666666668,22.916666666666664,24.166666666666664,25.833333333333332,21.041666666666664,23.333333333333336,0.2,0.6
ravdess,10,17,0.0,-1.25,1.25,26.25,26.25,26.458333333333336,27.708333333333336,26.25,0.0,0.4
ravdess,10,18,-0.625,-0.8333333333333336,0.20833333333333356,23.333333333333332,23.958333333333332,22.5,23.333333333333332,22.708333333333332,0.2,0.6
ravdess,10,19,0.0,0.0,0.0,22.291666666666664,22.291666666666664,22.291666666666664,22.291666666666664,22.291666666666664,0.2,0.6
ravdess,10,20,0.0,1.25,-1.25,29.166666666666664,29.166666666666664,27.916666666666664,26.666666666666664,29.166666666666664,0.0,0.6
ravdess,10,21,0.0,-1.6666666666666672,1.6666666666666672,25.833333333333332,25.833333333333332,26.041666666666664,27.708333333333332,23.958333333333332,0.0,1.0
ravdess,10,22,-0.625,-3.3333333333333335,2.7083333333333335,21.666666666666664,22.291666666666664,19.375,22.708333333333336,21.666666666666664,0.2,1.0
ravdess,10,23,0.0,1.875,-1.875,27.5,27.5,28.125,26.25,28.125,0.0,0.4
ravdess,12,0,0.0,2.083333333333333,-2.083333333333333,30.625,30.625,30.625,28.541666666666668,30.625,0.0,0.2
ravdess,12,1,-0.4166666666666664,-0.8333333333333336,0.41666666666666713,25.416666666666664,25.833333333333332,24.375,25.208333333333336,24.375,0.4,0.2
ravdess,12,2,2.0833333333333344,-2.5,4.583333333333334,33.958333333333336,31.875,33.125,35.625,32.708333333333336,0.2,0.2
ravdess,12,3,2.0833333333333335,0.625,1.4583333333333335,33.75,31.666666666666668,32.5,31.875,32.5,0.2,0.4
ravdess,12,4,-0.625,0.4166666666666686,-1.0416666666666685,28.958333333333332,29.583333333333332,30.208333333333336,29.791666666666664,29.583333333333332,0.4,0.8
ravdess,12,5,0.625,-4.166666666666666,4.791666666666666,30.208333333333332,29.583333333333332,25.833333333333332,30.0,26.666666666666668,0.2,0.6
ravdess,12,6,0.0,3.3333333333333344,-3.3333333333333344,31.458333333333332,31.458333333333332,28.75,25.416666666666664,32.08333333333333,0.0,0.4
ravdess,12,7,0.0,3.75,-3.75,25.416666666666664,25.416666666666664,25.625,21.875,23.541666666666664,0.2,0.6
ravdess,12,8,0.0,-1.875,1.875,28.958333333333332,28.958333333333332,28.958333333333332,30.833333333333332,29.375,0.0,0.6
ravdess,12,9,0.0,5.624999999999998,-5.624999999999998,30.208333333333332,30.208333333333332,31.458333333333332,25.833333333333332,30.208333333333332,0.0,0.6
ravdess,12,10,0.0,-0.20833333333333287,0.20833333333333287,25.0,25.0,25.0,25.208333333333332,24.375,0.0,0.4
ravdess,12,11,-1.25,-2.9166666666666656,1.6666666666666656,28.125,29.375,26.875,29.791666666666664,30.208333333333332,0.2,0.6
ravdess,12,12,-1.0416666666666656,0.0,-1.0416666666666656,28.75,29.791666666666664,30.416666666666664,30.416666666666664,29.375,0.6,0.2
ravdess,12,13,0.0,1.2500000000000007,-1.2500000000000007,27.291666666666668,27.291666666666668,27.291666666666668,26.041666666666668,26.458333333333332,0.0,0.6
ravdess,12,14,0.0,-1.25,1.25,27.291666666666668,27.291666666666668,26.041666666666668,27.291666666666668,25.625,0.0,0.6
ravdess,12,15,0.0,2.5,-2.5,25.416666666666664,25.416666666666664,26.666666666666664,24.166666666666664,25.416666666666664,0.0,0.6
ravdess,12,16,0.0,0.0,0.0,25.416666666666668,25.416666666666668,26.666666666666668,26.666666666666668,26.666666666666668,0.2,0.4
ravdess,12,17,0.0,-3.125,3.125,25.625,25.625,25.208333333333336,28.333333333333336,24.791666666666664,0.0,0.6
ravdess,12,18,0.0,2.916666666666668,-2.916666666666668,27.916666666666668,27.916666666666668,26.666666666666668,23.75,29.166666666666668,0.0,0.4
ravdess,12,19,1.666666666666666,-0.8333333333333339,2.5,34.375,32.70833333333333,30.208333333333332,31.041666666666668,34.375,0.2,0.6
ravdess,12,20,0.0,1.25,-1.25,32.5,32.5,31.25,30.0,30.0,0.0,0.6
ravdess,12,21,-0.4166666666666664,0.8333333333333336,-1.25,30.625,31.041666666666668,30.625,29.791666666666668,29.375,0.4,0.6
ravdess,12,22,1.25,-3.125,4.375,28.333333333333332,27.083333333333332,23.125,26.25,26.875,0.4,1.0
ravdess,12,23,-1.25,0.625,-1.875,28.541666666666668,29.791666666666668,29.791666666666668,29.166666666666668,29.166666666666668,0.2,0.4
ravdess,15,0,1.0416666666666656,1.4583333333333315,-0.41666666666666574,38.125,37.083333333333336,36.25,34.79166666666667,37.083333333333336,0.6,0.8
ravdess,15,1,2.9166666666666656,-7.105427357601002e-16,2.9166666666666665,32.08333333333333,29.166666666666668,30.833333333333332,30.833333333333332,26.458333333333332,0.4,0.6
ravdess,15,2,0.625,-0.625,1.25,34.375,33.75,34.375,35.0,33.54166666666667,0.2,1.0
ravdess,15,3,0.625,-0.41666666666666574,1.0416666666666656,39.166666666666664,38.541666666666664,36.25,36.666666666666664,38.125,0.2,0.6
ravdess,15,4,1.6666666666666679,-1.0416666666666656,2.7083333333333335,35.625,33.95833333333333,33.333333333333336,34.375,32.5,0.2,0.8
ravdess,15,5,0.0,4.791666666666666,-4.791666666666666,39.791666666666664,39.791666666666664,39.791666666666664,35.0,36.04166666666667,0.0,0.6
ravdess,15,6,0.0,0.625,-0.625,33.95833333333333,33.95833333333333,33.33333333333333,32.70833333333333,31.666666666666664,0.0,0.6
ravdess,15,7,0.625,0.0,0.625,27.291666666666668,26.666666666666668,26.458333333333332,26.458333333333332,27.5,0.4,0.4
ravdess,15,8,0.625,-2.7083333333333344,3.3333333333333344,35.83333333333333,35.20833333333333,31.458333333333332,34.16666666666667,37.291666666666664,0.2,1.0
ravdess,15,9,0.8333333333333343,-0.8333333333333343,1.6666666666666685,35.625,34.791666666666664,34.375,35.208333333333336,34.375,0.2,0.6
ravdess,15,10,1.25,2.916666666666667,-1.6666666666666672,32.291666666666664,31.041666666666664,32.291666666666664,29.375,32.916666666666664,0.2,0.6
ravdess,15,11,-2.7083333333333335,1.4583333333333344,-4.166666666666668,31.041666666666668,33.75,33.125,31.666666666666664,31.041666666666668,0.4,0.8
ravdess,15,12,1.875,-1.875,3.75,36.041666666666664,34.166666666666664,34.166666666666664,36.041666666666664,36.041666666666664,0.2,0.2
ravdess,15,13,0.0,1.875,-1.875,29.791666666666664,29.791666666666664,28.125,26.25,29.166666666666664,0.2,0.6
ravdess,15,14,1.25,2.916666666666668,-1.6666666666666679,33.125,31.875,32.708333333333336,29.791666666666668,33.125,0.2,0.8
ravdess,15,15,3.75,-1.875,5.625,29.583333333333336,25.833333333333336,25.833333333333332,27.708333333333332,33.958333333333336,0.4,0.4
ravdess,15,16,0.0,-2.0833333333333344,2.0833333333333344,33.33333333333333,33.33333333333333,30.833333333333332,32.91666666666667,28.958333333333332,0.0,0.6
ravdess,15,17,-3.3333333333333344,0.0,-3.3333333333333344,29.375,32.708333333333336,32.708333333333336,32.708333333333336,30.625,0.4,0.2
ravdess,15,18,-1.25,-5.000000000000001,3.750000000000001,35.208333333333336,36.458333333333336,31.458333333333332,36.458333333333336,35.20833333333333,0.2,0.6
ravdess,15,19,3.1249999999999996,1.25,1.8749999999999996,37.08333333333333,33.95833333333333,35.41666666666667,34.16666666666667,32.70833333333333,0.4,0.4
ravdess,15,20,0.0,0.2083333333333343,-0.2083333333333343,34.16666666666667,34.16666666666667,34.16666666666667,33.95833333333333,33.33333333333333,0.0,0.6
ravdess,15,21,-0.8333333333333343,-0.625,-0.2083333333333343,37.5,38.333333333333336,36.458333333333336,37.083333333333336,32.708333333333336,0.2,0.4
ravdess,15,22,-0.4166666666666664,0.0,-0.4166666666666664,30.0,30.416666666666664,32.083333333333336,32.083333333333336,32.083333333333336,0.2,0.2
ravdess,15,23,0.0,0.0,0.0,34.16666666666667,34.16666666666667,34.79166666666667,34.79166666666667,31.25,0.2,0.4
