speaker,mean_uar_pp,nn3_distance,global_loso_mean_distance,n_contexts,references_per_context,draw0_uar_pp,draw1_uar_pp,draw2_uar_pp,human_plurality_uar_pp,human_intended_vote_share_pp,human_agreement_pp,unique_query_paths,unique_aligned_paths,query_sets_identical_across_draws,unique_query_prompts,draw_class_counts
1001,22.222222222222225,0.6720929892159053,0.8760080723522002,18.0,8.0,20.833333333333336,23.611111111111114,22.22222222222222,34.49074074074075,32.868416305916305,61.55563572230239,72,72,True,12,"[{""A"": 12, ""D"": 12, ""F"": 12, ""H"": 12, ""N"": 12, ""S"": 12}, {""A"": 12, ""D"": 12, ""F"": 12, ""H"": 12, ""N"": 12, ""S"": 12}, {""A"": 12, ""D"": 12, ""F"": 12, ""H"": 12, ""N"": 12, ""S"": 12}]"
1003,41.20370370370371,0.5761813610486384,0.8081292877711095,18.0,8.0,41.66666666666667,41.66666666666667,40.277777777777786,56.25,45.969015552348885,60.35077962161296,72,72,True,12,"[{""A"": 12, ""D"": 12, ""F"": 12, ""H"": 12, ""N"": 12, ""S"": 12}, {""A"": 12, ""D"": 12, ""F"": 12, ""H"": 12, ""N"": 12, ""S"": 12}, {""A"": 12, ""D"": 12, ""F"": 12, ""H"": 12, ""N"": 12, ""S"": 12}]"
1004,42.12962962962962,0.5659846022739466,0.8421480013643325,18.0,8.0,40.27777777777777,43.05555555555555,43.05555555555555,52.54629629629628,46.86462842712842,62.23605098605098,72,72,True,12,"[{""A"": 12, ""D"": 12, ""F"": 12, ""H"": 12, ""N"": 12, ""S"": 12}, {""A"": 12, ""D"": 12, ""F"": 12, ""H"": 12, ""N"": 12, ""S"": 12}, {""A"": 12, ""D"": 12, ""F"": 12, ""H"": 12, ""N"": 12, ""S"": 12}]"
1005,33.7962962962963,0.5708071459829639,0.7975279064492357,18.0,8.0,30.555555555555557,33.33333333333333,37.5,52.77777777777778,45.28128507295175,62.33129910213244,72,72,True,12,"[{""A"": 12, ""D"": 12, ""F"": 12, ""H"": 12, ""N"": 12, ""S"": 12}, {""A"": 12, ""D"": 12, ""F"": 12, ""H"": 12, ""N"": 12, ""S"": 12}, {""A"": 12, ""D"": 12, ""F"": 12, ""H"": 12, ""N"": 12, ""S"": 12}]"
1007,40.27777777777778,0.5317251152695608,0.8067409068183201,18.0,8.0,40.27777777777777,36.11111111111111,44.44444444444445,34.606481481481474,32.95249118165785,58.89419993586662,72,72,True,12,"[{""A"": 12, ""D"": 12, ""F"": 12, ""H"": 12, ""N"": 12, ""S"": 12}, {""A"": 12, ""D"": 12, ""F"": 12, ""H"": 12, ""N"": 12, ""S"": 12}, {""A"": 12, ""D"": 12, ""F"": 12, ""H"": 12, ""N"": 12, ""S"": 12}]"
1010,49.53703703703704,0.5782218319143115,0.8035258408099457,18.0,8.0,45.83333333333333,50.0,52.77777777777778,49.074074074074076,40.439113355780016,62.64885962802631,72,72,True,12,"[{""A"": 12, ""D"": 12, ""F"": 12, ""H"": 12, ""N"": 12, ""S"": 12}, {""A"": 12, ""D"": 12, ""F"": 12, ""H"": 12, ""N"": 12, ""S"": 12}, {""A"": 12, ""D"": 12, ""F"": 12, ""H"": 12, ""N"": 12, ""S"": 12}]"
1011,52.77777777777778,0.45734235865977957,0.7811753096073517,18.0,8.0,48.611111111111114,56.94444444444444,52.77777777777778,38.19444444444444,36.70128868045535,64.42360109026775,72,72,True,12,"[{""A"": 12, ""D"": 12, ""F"": 12, ""H"": 12, ""N"": 12, ""S"": 12}, {""A"": 12, ""D"": 12, ""F"": 12, ""H"": 12, ""N"": 12, ""S"": 12}, {""A"": 12, ""D"": 12, ""F"": 12, ""H"": 12, ""N"": 12, ""S"": 12}]"
1012,40.74074074074074,0.5116349297294636,0.8350118419253003,18.0,8.0,43.05555555555555,34.72222222222223,44.44444444444444,54.629629629629626,42.34978755812089,61.10850569183902,72,72,True,12,"[{""A"": 12, ""D"": 12, ""F"": 12, ""H"": 12, ""N"": 12, ""S"": 12}, {""A"": 12, ""D"": 12, ""F"": 12, ""H"": 12, ""N"": 12, ""S"": 12}, {""A"": 12, ""D"": 12, ""F"": 12, ""H"": 12, ""N"": 12, ""S"": 12}]"
1013,56.60774410774411,0.5621618699989702,0.7938037636615493,18.0,8.0,58.964646464646464,53.28282828282828,57.57575757575758,61.38468013468012,51.28382945617793,63.96208203973356,70,70,True,12,"[{""A"": 12, ""D"": 11, ""F"": 12, ""H"": 12, ""N"": 12, ""S"": 11}, {""A"": 12, ""D"": 11, ""F"": 12, ""H"": 12, ""N"": 12, ""S"": 11}, {""A"": 12, ""D"": 11, ""F"": 12, ""H"": 12, ""N"": 12, ""S"": 11}]"
1014,53.7037037037037,0.6405222811364264,0.8571635504085418,18.0,8.0,51.38888888888889,51.38888888888889,58.333333333333336,41.66666666666667,38.42291967291967,61.74863716530384,72,72,True,12,"[{""A"": 12, ""D"": 12, ""F"": 12, ""H"": 12, ""N"": 12, ""S"": 12}, {""A"": 12, ""D"": 12, ""F"": 12, ""H"": 12, ""N"": 12, ""S"": 12}, {""A"": 12, ""D"": 12, ""F"": 12, ""H"": 12, ""N"": 12, ""S"": 12}]"
1015,41.666666666666664,0.597205928166311,0.808670753456672,18.0,8.0,44.44444444444444,40.27777777777777,40.27777777777777,45.601851851851855,39.8244849286516,63.588664421997755,72,72,True,12,"[{""A"": 12, ""D"": 12, ""F"": 12, ""H"": 12, ""N"": 12, ""S"": 12}, {""A"": 12, ""D"": 12, ""F"": 12, ""H"": 12, ""N"": 12, ""S"": 12}, {""A"": 12, ""D"": 12, ""F"": 12, ""H"": 12, ""N"": 12, ""S"": 12}]"
1016,41.666666666666664,0.5857200302880917,0.8279735072540466,18.0,8.0,45.83333333333333,40.277777777777786,38.88888888888889,52.77777777777778,46.55688832772167,63.22435666185666,72,72,True,12,"[{""A"": 12, ""D"": 12, ""F"": 12, ""H"": 12, ""N"": 12, ""S"": 12}, {""A"": 12, ""D"": 12, ""F"": 12, ""H"": 12, ""N"": 12, ""S"": 12}, {""A"": 12, ""D"": 12, ""F"": 12, ""H"": 12, ""N"": 12, ""S"": 12}]"
1017,35.01683501683502,0.5053150217627658,0.8052133592137058,18.0,8.0,39.267676767676775,34.974747474747474,30.808080808080806,18.876262626262626,22.597612124127277,67.0618705088402,70,70,True,12,"[{""A"": 11, ""D"": 12, ""F"": 11, ""H"": 12, ""N"": 12, ""S"": 12}, {""A"": 11, ""D"": 12, ""F"": 11, ""H"": 12, ""N"": 12, ""S"": 12}, {""A"": 11, ""D"": 12, ""F"": 11, ""H"": 12, ""N"": 12, ""S"": 12}]"
1018,56.48148148148149,0.48258499657209886,0.8076587023684493,18.0,8.0,58.333333333333336,54.166666666666664,56.94444444444444,50.46296296296296,43.98809523809524,60.888197450697454,72,72,True,12,"[{""A"": 12, ""D"": 12, ""F"": 12, ""H"": 12, ""N"": 12, ""S"": 12}, {""A"": 12, ""D"": 12, ""F"": 12, ""H"": 12, ""N"": 12, ""S"": 12}, {""A"": 12, ""D"": 12, ""F"": 12, ""H"": 12, ""N"": 12, ""S"": 12}]"
1020,49.53703703703704,0.5802285185087599,0.825862631916666,18.0,8.0,38.888888888888886,62.5,47.22222222222223,54.629629629629626,44.02602413019079,59.806096681096676,72,72,True,12,"[{""A"": 12, ""D"": 12, ""F"": 12, ""H"": 12, ""N"": 12, ""S"": 12}, {""A"": 12, ""D"": 12, ""F"": 12, ""H"": 12, ""N"": 12, ""S"": 12}, {""A"": 12, ""D"": 12, ""F"": 12, ""H"": 12, ""N"": 12, ""S"": 12}]"
1021,40.74074074074075,0.5473525788774202,0.8068644484415748,18.0,8.0,38.88888888888889,41.66666666666667,41.66666666666667,37.5,36.08250160333494,63.45543730960398,72,72,True,12,"[{""A"": 12, ""D"": 12, ""F"": 12, ""H"": 12, ""N"": 12, ""S"": 12}, {""A"": 12, ""D"": 12, ""F"": 12, ""H"": 12, ""N"": 12, ""S"": 12}, {""A"": 12, ""D"": 12, ""F"": 12, ""H"": 12, ""N"": 12, ""S"": 12}]"
1022,38.888888888888886,0.641000168144548,0.8516317514497671,18.0,8.0,38.888888888888886,40.27777777777777,37.5,50.694444444444436,45.604808000641334,65.21785313451981,72,72,True,12,"[{""A"": 12, ""D"": 12, ""F"": 12, ""H"": 12, ""N"": 12, ""S"": 12}, {""A"": 12, ""D"": 12, ""F"": 12, ""H"": 12, ""N"": 12, ""S"": 12}, {""A"": 12, ""D"": 12, ""F"": 12, ""H"": 12, ""N"": 12, ""S"": 12}]"
1023,43.055555555555564,0.5671799186160151,0.8037892805670042,18.0,8.0,41.66666666666667,41.66666666666667,45.83333333333333,48.61111111111111,42.085537918871246,65.8316798941799,72,72,True,12,"[{""A"": 12, ""D"": 12, ""F"": 12, ""H"": 12, ""N"": 12, ""S"": 12}, {""A"": 12, ""D"": 12, ""F"": 12, ""H"": 12, ""N"": 12, ""S"": 12}, {""A"": 12, ""D"": 12, ""F"": 12, ""H"": 12, ""N"": 12, ""S"": 12}]"
1024,32.870370370370374,0.5788078418892314,0.8404560971013673,18.0,8.0,34.72222222222223,27.77777777777778,36.11111111111111,34.72222222222223,36.02768759018759,62.05968414301748,72,72,True,12,"[{""A"": 12, ""D"": 12, ""F"": 12, ""H"": 12, ""N"": 12, ""S"": 12}, {""A"": 12, ""D"": 12, ""F"": 12, ""H"": 12, ""N"": 12, ""S"": 12}, {""A"": 12, ""D"": 12, ""F"": 12, ""H"": 12, ""N"": 12, ""S"": 12}]"
1025,32.870370370370374,0.5263294609542458,0.804079616672325,18.0,8.0,26.38888888888889,33.33333333333333,38.88888888888889,47.916666666666664,39.465087381754046,62.0651455026455,72,72,True,12,"[{""A"": 12, ""D"": 12, ""F"": 12, ""H"": 12, ""N"": 12, ""S"": 12}, {""A"": 12, ""D"": 12, ""F"": 12, ""H"": 12, ""N"": 12, ""S"": 12}, {""A"": 12, ""D"": 12, ""F"": 12, ""H"": 12, ""N"": 12, ""S"": 12}]"
1026,50.46296296296296,0.5843036311295816,0.7799812871722943,18.0,8.0,52.77777777777778,50.0,48.61111111111111,41.66666666666666,39.44078683662017,59.46679092512426,72,72,True,12,"[{""A"": 12, ""D"": 12, ""F"": 12, ""H"": 12, ""N"": 12, ""S"": 12}, {""A"": 12, ""D"": 12, ""F"": 12, ""H"": 12, ""N"": 12, ""S"": 12}, {""A"": 12, ""D"": 12, ""F"": 12, ""H"": 12, ""N"": 12, ""S"": 12}]"
1027,51.85185185185185,0.585091253553209,0.8241515126588618,18.0,8.0,50.0,50.0,55.55555555555556,43.74999999999999,40.590929132595804,64.07738095238096,72,72,True,12,"[{""A"": 12, ""D"": 12, ""F"": 12, ""H"": 12, ""N"": 12, ""S"": 12}, {""A"": 12, ""D"": 12, ""F"": 12, ""H"": 12, ""N"": 12, ""S"": 12}, {""A"": 12, ""D"": 12, ""F"": 12, ""H"": 12, ""N"": 12, ""S"": 12}]"
1028,42.129629629629626,0.5384451580796653,0.8180664931762632,18.0,8.0,40.27777777777777,48.611111111111114,37.5,65.74074074074073,54.63549182299183,68.16418149751483,72,72,True,12,"[{""A"": 12, ""D"": 12, ""F"": 12, ""H"": 12, ""N"": 12, ""S"": 12}, {""A"": 12, ""D"": 12, ""F"": 12, ""H"": 12, ""N"": 12, ""S"": 12}, {""A"": 12, ""D"": 12, ""F"": 12, ""H"": 12, ""N"": 12, ""S"": 12}]"
1029,40.27777777777778,0.5526289739898406,0.8070343455005632,18.0,8.0,38.88888888888889,38.88888888888889,43.05555555555556,62.5,53.7222923681257,66.64612393779062,72,72,True,12,"[{""A"": 12, ""D"": 12, ""F"": 12, ""H"": 12, ""N"": 12, ""S"": 12}, {""A"": 12, ""D"": 12, ""F"": 12, ""H"": 12, ""N"": 12, ""S"": 12}, {""A"": 12, ""D"": 12, ""F"": 12, ""H"": 12, ""N"": 12, ""S"": 12}]"
1030,51.851851851851855,0.5375128750831507,0.8391503109091045,18.0,8.0,51.38888888888889,51.38888888888889,52.77777777777778,36.111111111111114,39.18540564373898,63.07043650793651,72,72,True,12,"[{""A"": 12, ""D"": 12, ""F"": 12, ""H"": 12, ""N"": 12, ""S"": 12}, {""A"": 12, ""D"": 12, ""F"": 12, ""H"": 12, ""N"": 12, ""S"": 12}, {""A"": 12, ""D"": 12, ""F"": 12, ""H"": 12, ""N"": 12, ""S"": 12}]"
1031,31.48148148148148,0.614585421435265,0.8423324204490812,18.0,8.0,34.72222222222223,27.777777777777775,31.944444444444443,22.222222222222218,25.06172839506173,76.74603174603175,72,72,True,12,"[{""A"": 12, ""D"": 12, ""F"": 12, ""H"": 12, ""N"": 12, ""S"": 12}, {""A"": 12, ""D"": 12, ""F"": 12, ""H"": 12, ""N"": 12, ""S"": 12}, {""A"": 12, ""D"": 12, ""F"": 12, ""H"": 12, ""N"": 12, ""S"": 12}]"
1032,42.592592592592595,0.6737133800567707,0.848262040518544,18.0,8.0,40.277777777777786,43.05555555555555,44.44444444444444,27.083333333333332,29.701428972262306,61.905212842712864,72,72,True,12,"[{""A"": 12, ""D"": 12, ""F"": 12, ""H"": 12, ""N"": 12, ""S"": 12}, {""A"": 12, ""D"": 12, ""F"": 12, ""H"": 12, ""N"": 12, ""S"": 12}, {""A"": 12, ""D"": 12, ""F"": 12, ""H"": 12, ""N"": 12, ""S"": 12}]"
1033,47.22222222222221,0.591749081875245,0.8282664211932488,18.0,8.0,45.83333333333333,48.61111111111111,47.222222222222214,45.601851851851855,43.476230559563895,65.82346280262948,72,72,True,12,"[{""A"": 12, ""D"": 12, ""F"": 12, ""H"": 12, ""N"": 12, ""S"": 12}, {""A"": 12, ""D"": 12, ""F"": 12, ""H"": 12, ""N"": 12, ""S"": 12}, {""A"": 12, ""D"": 12, ""F"": 12, ""H"": 12, ""N"": 12, ""S"": 12}]"
1034,50.46296296296297,0.6608728219927578,0.8798741807570772,18.0,8.0,50.0,58.333333333333336,43.05555555555556,32.407407407407405,30.112083132916457,63.17861151194486,72,72,True,12,"[{""A"": 12, ""D"": 12, ""F"": 12, ""H"": 12, ""N"": 12, ""S"": 12}, {""A"": 12, ""D"": 12, ""F"": 12, ""H"": 12, ""N"": 12, ""S"": 12}, {""A"": 12, ""D"": 12, ""F"": 12, ""H"": 12, ""N"": 12, ""S"": 12}]"
1035,46.2962962962963,0.5714740567517611,0.8192625212771835,18.0,8.0,44.44444444444445,43.05555555555555,51.38888888888889,45.94907407407407,42.46237173320506,61.24544051627385,72,72,True,12,"[{""A"": 12, ""D"": 12, ""F"": 12, ""H"": 12, ""N"": 12, ""S"": 12}, {""A"": 12, ""D"": 12, ""F"": 12, ""H"": 12, ""N"": 12, ""S"": 12}, {""A"": 12, ""D"": 12, ""F"": 12, ""H"": 12, ""N"": 12, ""S"": 12}]"
1036,37.03703703703704,0.7429012842942483,0.8613330968456213,18.0,8.0,41.66666666666667,34.72222222222223,34.722222222222214,59.02777777777778,47.45029661696328,62.39132395382395,72,72,True,12,"[{""A"": 12, ""D"": 12, ""F"": 12, ""H"": 12, ""N"": 12, ""S"": 12}, {""A"": 12, ""D"": 12, ""F"": 12, ""H"": 12, ""N"": 12, ""S"": 12}, {""A"": 12, ""D"": 12, ""F"": 12, ""H"": 12, ""N"": 12, ""S"": 12}]"
1037,56.018518518518526,0.6191968723425347,0.8556568220613914,18.0,8.0,54.166666666666664,56.94444444444444,56.94444444444445,56.018518518518526,47.57605820105821,61.392746913580254,72,72,True,12,"[{""A"": 12, ""D"": 12, ""F"": 12, ""H"": 12, ""N"": 12, ""S"": 12}, {""A"": 12, ""D"": 12, ""F"": 12, ""H"": 12, ""N"": 12, ""S"": 12}, {""A"": 12, ""D"": 12, ""F"": 12, ""H"": 12, ""N"": 12, ""S"": 12}]"
1038,52.77777777777777,0.6161836907136968,0.81164209906964,18.0,8.0,62.5,47.22222222222223,48.6111111111111,59.49074074074073,47.137045053711724,60.13032106782108,72,72,True,12,"[{""A"": 12, ""D"": 12, ""F"": 12, ""H"": 12, ""N"": 12, ""S"": 12}, {""A"": 12, ""D"": 12, ""F"": 12, ""H"": 12, ""N"": 12, ""S"": 12}, {""A"": 12, ""D"": 12, ""F"": 12, ""H"": 12, ""N"": 12, ""S"": 12}]"
1039,45.37037037037036,0.6071544099065445,0.9066051926140233,18.0,8.0,44.44444444444444,45.83333333333333,45.83333333333333,67.3611111111111,52.50936948853616,65.98685265351932,72,72,True,12,"[{""A"": 12, ""D"": 12, ""F"": 12, ""H"": 12, ""N"": 12, ""S"": 12}, {""A"": 12, ""D"": 12, ""F"": 12, ""H"": 12, ""N"": 12, ""S"": 12}, {""A"": 12, ""D"": 12, ""F"": 12, ""H"": 12, ""N"": 12, ""S"": 12}]"
1040,40.74074074074074,0.5816741171198738,0.8162641255654458,18.0,8.0,44.44444444444444,38.888888888888886,38.888888888888886,34.869528619528616,29.891724787558122,63.728054353054354,71,71,True,12,"[{""A"": 12, ""D"": 12, ""F"": 12, ""H"": 12, ""N"": 12, ""S"": 11}, {""A"": 12, ""D"": 12, ""F"": 12, ""H"": 12, ""N"": 12, ""S"": 11}, {""A"": 12, ""D"": 12, ""F"": 12, ""H"": 12, ""N"": 12, ""S"": 11}]"
1041,50.0,0.6182660329826324,0.8561917772270944,18.0,8.0,55.55555555555556,55.55555555555556,38.888888888888886,42.36111111111111,39.641704745871415,64.89798781465448,72,72,True,12,"[{""A"": 12, ""D"": 12, ""F"": 12, ""H"": 12, ""N"": 12, ""S"": 12}, {""A"": 12, ""D"": 12, ""F"": 12, ""H"": 12, ""N"": 12, ""S"": 12}, {""A"": 12, ""D"": 12, ""F"": 12, ""H"": 12, ""N"": 12, ""S"": 12}]"
1042,33.7962962962963,0.6384699866167352,0.901666782436497,18.0,8.0,34.72222222222223,30.555555555555554,36.11111111111111,40.97222222222223,40.233786275452935,64.26266634599968,72,72,True,12,"[{""A"": 12, ""D"": 12, ""F"": 12, ""H"": 12, ""N"": 12, ""S"": 12}, {""A"": 12, ""D"": 12, ""F"": 12, ""H"": 12, ""N"": 12, ""S"": 12}, {""A"": 12, ""D"": 12, ""F"": 12, ""H"": 12, ""N"": 12, ""S"": 12}]"
1043,54.62962962962964,0.6275910881402363,0.8316884821377903,18.0,8.0,50.0,59.72222222222222,54.16666666666667,46.2962962962963,40.18473424723424,60.816498316498325,72,72,True,12,"[{""A"": 12, ""D"": 12, ""F"": 12, ""H"": 12, ""N"": 12, ""S"": 12}, {""A"": 12, ""D"": 12, ""F"": 12, ""H"": 12, ""N"": 12, ""S"": 12}, {""A"": 12, ""D"": 12, ""F"": 12, ""H"": 12, ""N"": 12, ""S"": 12}]"
1044,49.074074074074076,0.6120600020382746,0.8399735590704728,18.0,8.0,50.0,48.611111111111114,48.61111111111111,45.833333333333336,39.79933261183261,61.48108064774732,72,72,True,12,"[{""A"": 12, ""D"": 12, ""F"": 12, ""H"": 12, ""N"": 12, ""S"": 12}, {""A"": 12, ""D"": 12, ""F"": 12, ""H"": 12, ""N"": 12, ""S"": 12}, {""A"": 12, ""D"": 12, ""F"": 12, ""H"": 12, ""N"": 12, ""S"": 12}]"
1045,46.296296296296305,0.6215077971536768,0.8057814604944695,18.0,8.0,41.66666666666667,51.38888888888889,45.83333333333333,22.222222222222218,26.155052509219175,70.58201058201058,72,72,True,12,"[{""A"": 12, ""D"": 12, ""F"": 12, ""H"": 12, ""N"": 12, ""S"": 12}, {""A"": 12, ""D"": 12, ""F"": 12, ""H"": 12, ""N"": 12, ""S"": 12}, {""A"": 12, ""D"": 12, ""F"": 12, ""H"": 12, ""N"": 12, ""S"": 12}]"
1046,37.96296296296296,0.5723528512070893,0.8327229746273964,18.0,8.0,37.5,37.5,38.888888888888886,25.694444444444446,27.372134038800706,67.55070546737215,72,72,True,12,"[{""A"": 12, ""D"": 12, ""F"": 12, ""H"": 12, ""N"": 12, ""S"": 12}, {""A"": 12, ""D"": 12, ""F"": 12, ""H"": 12, ""N"": 12, ""S"": 12}, {""A"": 12, ""D"": 12, ""F"": 12, ""H"": 12, ""N"": 12, ""S"": 12}]"
1047,54.629629629629626,0.5520454616252966,0.797402103823338,18.0,8.0,51.388888888888886,58.333333333333336,54.166666666666664,45.833333333333336,43.794843274009935,64.77367925284592,72,72,True,12,"[{""A"": 12, ""D"": 12, ""F"": 12, ""H"": 12, ""N"": 12, ""S"": 12}, {""A"": 12, ""D"": 12, ""F"": 12, ""H"": 12, ""N"": 12, ""S"": 12}, {""A"": 12, ""D"": 12, ""F"": 12, ""H"": 12, ""N"": 12, ""S"": 12}]"
1048,50.0,0.6870207376119112,0.8387998824869313,18.0,8.0,50.000000000000014,48.61111111111111,51.388888888888886,44.444444444444436,39.67422238255572,69.29177689594356,72,72,True,12,"[{""A"": 12, ""D"": 12, ""F"": 12, ""H"": 12, ""N"": 12, ""S"": 12}, {""A"": 12, ""D"": 12, ""F"": 12, ""H"": 12, ""N"": 12, ""S"": 12}, {""A"": 12, ""D"": 12, ""F"": 12, ""H"": 12, ""N"": 12, ""S"": 12}]"
1049,47.22222222222223,0.5965020813555282,0.812611365985299,18.0,8.0,51.38888888888889,43.05555555555556,47.22222222222223,52.77777777777778,43.83918550585218,60.835638127304804,72,72,True,12,"[{""A"": 12, ""D"": 12, ""F"": 12, ""H"": 12, ""N"": 12, ""S"": 12}, {""A"": 12, ""D"": 12, ""F"": 12, ""H"": 12, ""N"": 12, ""S"": 12}, {""A"": 12, ""D"": 12, ""F"": 12, ""H"": 12, ""N"": 12, ""S"": 12}]"
1050,52.31481481481481,0.7069211176798087,0.8679058889346551,18.0,8.0,48.611111111111114,54.166666666666664,54.166666666666664,51.38888888888889,43.59653078403078,66.48123096039762,72,72,True,12,"[{""A"": 12, ""D"": 12, ""F"": 12, ""H"": 12, ""N"": 12, ""S"": 12}, {""A"": 12, ""D"": 12, ""F"": 12, ""H"": 12, ""N"": 12, ""S"": 12}, {""A"": 12, ""D"": 12, ""F"": 12, ""H"": 12, ""N"": 12, ""S"": 12}]"
1051,53.24074074074074,0.5611077190325755,0.8404891272206055,18.0,8.0,59.72222222222222,50.0,50.0,37.5,35.68201859868527,65.06528579445246,72,72,True,12,"[{""A"": 12, ""D"": 12, ""F"": 12, ""H"": 12, ""N"": 12, ""S"": 12}, {""A"": 12, ""D"": 12, ""F"": 12, ""H"": 12, ""N"": 12, ""S"": 12}, {""A"": 12, ""D"": 12, ""F"": 12, ""H"": 12, ""N"": 12, ""S"": 12}]"
1052,42.12962962962963,0.5240800720108504,0.7656040516837045,18.0,8.0,37.5,43.05555555555556,45.83333333333334,51.15740740740741,42.7502204585538,64.96968694885362,72,72,True,12,"[{""A"": 12, ""D"": 12, ""F"": 12, ""H"": 12, ""N"": 12, ""S"": 12}, {""A"": 12, ""D"": 12, ""F"": 12, ""H"": 12, ""N"": 12, ""S"": 12}, {""A"": 12, ""D"": 12, ""F"": 12, ""H"": 12, ""N"": 12, ""S"": 12}]"
1053,50.925925925925924,0.602350602766442,0.8605839096207726,18.0,8.0,52.77777777777778,52.77777777777777,47.222222222222214,58.10185185185185,49.1571468654802,62.87518037518037,72,72,True,12,"[{""A"": 12, ""D"": 12, ""F"": 12, ""H"": 12, ""N"": 12, ""S"": 12}, {""A"": 12, ""D"": 12, ""F"": 12, ""H"": 12, ""N"": 12, ""S"": 12}, {""A"": 12, ""D"": 12, ""F"": 12, ""H"": 12, ""N"": 12, ""S"": 12}]"
1054,25.0,0.6605356962807799,0.852031519249471,18.0,8.0,27.77777777777778,26.38888888888889,20.833333333333336,50.694444444444436,42.42835097001763,59.66049382716049,72,72,True,12,"[{""A"": 12, ""D"": 12, ""F"": 12, ""H"": 12, ""N"": 12, ""S"": 12}, {""A"": 12, ""D"": 12, ""F"": 12, ""H"": 12, ""N"": 12, ""S"": 12}, {""A"": 12, ""D"": 12, ""F"": 12, ""H"": 12, ""N"": 12, ""S"": 12}]"
1055,48.14814814814815,0.5602270099948531,0.8486052668976742,18.0,8.0,43.05555555555556,52.77777777777778,48.61111111111111,50.69444444444445,44.12984006734006,64.88290644540643,72,72,True,12,"[{""A"": 12, ""D"": 12, ""F"": 12, ""H"": 12, ""N"": 12, ""S"": 12}, {""A"": 12, ""D"": 12, ""F"": 12, ""H"": 12, ""N"": 12, ""S"": 12}, {""A"": 12, ""D"": 12, ""F"": 12, ""H"": 12, ""N"": 12, ""S"": 12}]"
1056,43.51851851851851,0.6358688743044878,0.8702912431018478,18.0,8.0,44.44444444444445,44.44444444444444,41.66666666666667,46.18055555555555,39.57882395382396,61.45382395382395,72,72,True,12,"[{""A"": 12, ""D"": 12, ""F"": 12, ""H"": 12, ""N"": 12, ""S"": 12}, {""A"": 12, ""D"": 12, ""F"": 12, ""H"": 12, ""N"": 12, ""S"": 12}, {""A"": 12, ""D"": 12, ""F"": 12, ""H"": 12, ""N"": 12, ""S"": 12}]"
1057,37.96296296296296,0.75033142619881,0.8918663428238679,18.0,8.0,37.5,38.88888888888889,37.5,30.555555555555554,32.14110349527016,66.23171196087863,72,72,True,12,"[{""A"": 12, ""D"": 12, ""F"": 12, ""H"": 12, ""N"": 12, ""S"": 12}, {""A"": 12, ""D"": 12, ""F"": 12, ""H"": 12, ""N"": 12, ""S"": 12}, {""A"": 12, ""D"": 12, ""F"": 12, ""H"": 12, ""N"": 12, ""S"": 12}]"
1058,44.90740740740741,0.6037261950156201,0.83963858082198,18.0,8.0,44.44444444444445,44.44444444444444,45.83333333333333,66.89814814814815,52.48191237774571,61.795735129068454,72,72,True,12,"[{""A"": 12, ""D"": 12, ""F"": 12, ""H"": 12, ""N"": 12, ""S"": 12}, {""A"": 12, ""D"": 12, ""F"": 12, ""H"": 12, ""N"": 12, ""S"": 12}, {""A"": 12, ""D"": 12, ""F"": 12, ""H"": 12, ""N"": 12, ""S"": 12}]"
1059,30.555555555555557,0.5992601168423687,0.8676885059833697,18.0,8.0,34.72222222222223,26.38888888888889,30.555555555555554,62.03703703703704,48.45097803431136,60.8388949013949,72,72,True,12,"[{""A"": 12, ""D"": 12, ""F"": 12, ""H"": 12, ""N"": 12, ""S"": 12}, {""A"": 12, ""D"": 12, ""F"": 12, ""H"": 12, ""N"": 12, ""S"": 12}, {""A"": 12, ""D"": 12, ""F"": 12, ""H"": 12, ""N"": 12, ""S"": 12}]"
1060,30.555555555555557,0.6834070820135315,0.924548710578966,18.0,8.0,30.555555555555557,31.944444444444443,29.166666666666668,34.72222222222223,32.91205707872374,63.72414622414622,72,72,True,12,"[{""A"": 12, ""D"": 12, ""F"": 12, ""H"": 12, ""N"": 12, ""S"": 12}, {""A"": 12, ""D"": 12, ""F"": 12, ""H"": 12, ""N"": 12, ""S"": 12}, {""A"": 12, ""D"": 12, ""F"": 12, ""H"": 12, ""N"": 12, ""S"": 12}]"
1061,35.18518518518518,0.622258964040387,0.8745337626582251,18.0,8.0,34.722222222222214,40.277777777777786,30.555555555555557,43.055555555555564,37.570546737213405,63.25286596119929,72,72,True,12,"[{""A"": 12, ""D"": 12, ""F"": 12, ""H"": 12, ""N"": 12, ""S"": 12}, {""A"": 12, ""D"": 12, ""F"": 12, ""H"": 12, ""N"": 12, ""S"": 12}, {""A"": 12, ""D"": 12, ""F"": 12, ""H"": 12, ""N"": 12, ""S"": 12}]"
1062,43.51851851851851,0.6488413640587816,0.841622563241626,18.0,8.0,48.611111111111114,47.222222222222214,34.72222222222223,31.944444444444443,32.51743626743627,63.66767877184544,72,72,True,12,"[{""A"": 12, ""D"": 12, ""F"": 12, ""H"": 12, ""N"": 12, ""S"": 12}, {""A"": 12, ""D"": 12, ""F"": 12, ""H"": 12, ""N"": 12, ""S"": 12}, {""A"": 12, ""D"": 12, ""F"": 12, ""H"": 12, ""N"": 12, ""S"": 12}]"
1063,50.46296296296296,0.6309341479603654,0.882106975004382,18.0,8.0,52.77777777777778,51.388888888888886,47.22222222222223,50.92592592592592,46.040464165464165,60.48064975148309,72,72,True,12,"[{""A"": 12, ""D"": 12, ""F"": 12, ""H"": 12, ""N"": 12, ""S"": 12}, {""A"": 12, ""D"": 12, ""F"": 12, ""H"": 12, ""N"": 12, ""S"": 12}, {""A"": 12, ""D"": 12, ""F"": 12, ""H"": 12, ""N"": 12, ""S"": 12}]"
1064,45.370370370370374,0.5517556371659178,0.7889295836099822,18.0,8.0,41.66666666666667,47.222222222222214,47.22222222222223,66.66666666666666,57.058322219307065,65.64919122684275,72,70,True,12,"[{""A"": 12, ""D"": 11, ""F"": 12, ""H"": 12, ""N"": 12, ""S"": 11}, {""A"": 12, ""D"": 11, ""F"": 12, ""H"": 12, ""N"": 12, ""S"": 11}, {""A"": 12, ""D"": 11, ""F"": 12, ""H"": 12, ""N"": 12, ""S"": 11}]"
1065,49.53703703703704,0.4805744367925061,0.7974230179362816,18.0,8.0,48.611111111111114,47.22222222222223,52.77777777777778,38.19444444444445,32.991372053872055,68.45047699214365,72,72,True,12,"[{""A"": 12, ""D"": 12, ""F"": 12, ""H"": 12, ""N"": 12, ""S"": 12}, {""A"": 12, ""D"": 12, ""F"": 12, ""H"": 12, ""N"": 12, ""S"": 12}, {""A"": 12, ""D"": 12, ""F"": 12, ""H"": 12, ""N"": 12, ""S"": 12}]"
1066,48.61111111111111,0.5787888280524452,0.7996904797501327,18.0,8.0,45.83333333333333,54.166666666666664,45.83333333333333,37.26851851851851,33.44747073913741,66.22935706269038,72,72,True,12,"[{""A"": 12, ""D"": 12, ""F"": 12, ""H"": 12, ""N"": 12, ""S"": 12}, {""A"": 12, ""D"": 12, ""F"": 12, ""H"": 12, ""N"": 12, ""S"": 12}, {""A"": 12, ""D"": 12, ""F"": 12, ""H"": 12, ""N"": 12, ""S"": 12}]"
1067,34.72222222222222,0.7577659791674853,0.8898472175956454,18.0,8.0,33.33333333333333,33.33333333333333,37.5,24.23611111111111,24.885461760461766,57.913510101010104,72,72,True,12,"[{""A"": 12, ""D"": 12, ""F"": 12, ""H"": 12, ""N"": 12, ""S"": 12}, {""A"": 12, ""D"": 12, ""F"": 12, ""H"": 12, ""N"": 12, ""S"": 12}, {""A"": 12, ""D"": 12, ""F"": 12, ""H"": 12, ""N"": 12, ""S"": 12}]"
1068,43.98148148148149,0.5504534186505098,0.8215784950874605,18.0,8.0,45.83333333333333,44.44444444444444,41.66666666666667,41.66666666666667,37.526455026455025,66.61651234567901,72,72,True,12,"[{""A"": 12, ""D"": 12, ""F"": 12, ""H"": 12, ""N"": 12, ""S"": 12}, {""A"": 12, ""D"": 12, ""F"": 12, ""H"": 12, ""N"": 12, ""S"": 12}, {""A"": 12, ""D"": 12, ""F"": 12, ""H"": 12, ""N"": 12, ""S"": 12}]"
1069,37.03703703703704,0.6122967032540033,0.8020462986550916,18.0,8.0,34.72222222222223,37.5,38.88888888888889,62.731481481481474,50.954184704184705,63.41655643738977,72,72,True,12,"[{""A"": 12, ""D"": 12, ""F"": 12, ""H"": 12, ""N"": 12, ""S"": 12}, {""A"": 12, ""D"": 12, ""F"": 12, ""H"": 12, ""N"": 12, ""S"": 12}, {""A"": 12, ""D"": 12, ""F"": 12, ""H"": 12, ""N"": 12, ""S"": 12}]"
1070,41.666666666666664,0.6536405884231715,0.8776519683783118,18.0,8.0,47.22222222222223,34.72222222222223,43.05555555555555,42.36111111111111,37.25529100529101,65.73087021003688,72,72,True,12,"[{""A"": 12, ""D"": 12, ""F"": 12, ""H"": 12, ""N"": 12, ""S"": 12}, {""A"": 12, ""D"": 12, ""F"": 12, ""H"": 12, ""N"": 12, ""S"": 12}, {""A"": 12, ""D"": 12, ""F"": 12, ""H"": 12, ""N"": 12, ""S"": 12}]"
1071,34.72222222222222,0.5966704026673619,0.8316862938001566,18.0,8.0,33.33333333333333,36.111111111111114,34.722222222222214,27.777777777777775,27.887806637806637,61.58304272887606,72,72,True,12,"[{""A"": 12, ""D"": 12, ""F"": 12, ""H"": 12, ""N"": 12, ""S"": 12}, {""A"": 12, ""D"": 12, ""F"": 12, ""H"": 12, ""N"": 12, ""S"": 12}, {""A"": 12, ""D"": 12, ""F"": 12, ""H"": 12, ""N"": 12, ""S"": 12}]"
1072,45.37037037037036,0.5062741403953909,0.8244558967282916,18.0,8.0,43.05555555555555,44.44444444444445,48.6111111111111,53.24074074074073,42.46893538560205,61.81462441879108,72,72,True,12,"[{""A"": 12, ""D"": 12, ""F"": 12, ""H"": 12, ""N"": 12, ""S"": 12}, {""A"": 12, ""D"": 12, ""F"": 12, ""H"": 12, ""N"": 12, ""S"": 12}, {""A"": 12, ""D"": 12, ""F"": 12, ""H"": 12, ""N"": 12, ""S"": 12}]"
1073,46.75925925925926,0.6806506824195959,0.8790466317429195,18.0,8.0,50.000000000000014,48.61111111111111,41.66666666666667,35.41666666666667,33.87621252204586,69.25650352733686,72,72,True,12,"[{""A"": 12, ""D"": 12, ""F"": 12, ""H"": 12, ""N"": 12, ""S"": 12}, {""A"": 12, ""D"": 12, ""F"": 12, ""H"": 12, ""N"": 12, ""S"": 12}, {""A"": 12, ""D"": 12, ""F"": 12, ""H"": 12, ""N"": 12, ""S"": 12}]"
1074,31.48148148148148,0.5669712467561818,0.8457405511577281,18.0,8.0,29.166666666666664,30.555555555555554,34.72222222222223,46.2962962962963,43.28257776174442,64.59540844957513,72,72,True,12,"[{""A"": 12, ""D"": 12, ""F"": 12, ""H"": 12, ""N"": 12, ""S"": 12}, {""A"": 12, ""D"": 12, ""F"": 12, ""H"": 12, ""N"": 12, ""S"": 12}, {""A"": 12, ""D"": 12, ""F"": 12, ""H"": 12, ""N"": 12, ""S"": 12}]"
1075,31.944444444444443,0.6244682171472093,0.8605000550539762,18.0,8.0,31.944444444444443,33.33333333333333,30.555555555555554,45.13888888888889,39.389379910213236,67.6968594676928,72,72,True,12,"[{""A"": 12, ""D"": 12, ""F"": 12, ""H"": 12, ""N"": 12, ""S"": 12}, {""A"": 12, ""D"": 12, ""F"": 12, ""H"": 12, ""N"": 12, ""S"": 12}, {""A"": 12, ""D"": 12, ""F"": 12, ""H"": 12, ""N"": 12, ""S"": 12}]"
1077,36.574074074074076,0.5621480642688509,0.8265406493919024,18.0,8.0,37.5,36.111111111111114,36.111111111111114,27.777777777777775,27.22517837101171,65.7614838864839,72,72,True,12,"[{""A"": 12, ""D"": 12, ""F"": 12, ""H"": 12, ""N"": 12, ""S"": 12}, {""A"": 12, ""D"": 12, ""F"": 12, ""H"": 12, ""N"": 12, ""S"": 12}, {""A"": 12, ""D"": 12, ""F"": 12, ""H"": 12, ""N"": 12, ""S"": 12}]"
1078,48.61111111111111,0.6948646229709096,0.8760284577715054,18.0,8.0,40.27777777777777,55.55555555555556,50.0,67.3611111111111,53.06978515311849,61.6127545294212,72,72,True,12,"[{""A"": 12, ""D"": 12, ""F"": 12, ""H"": 12, ""N"": 12, ""S"": 12}, {""A"": 12, ""D"": 12, ""F"": 12, ""H"": 12, ""N"": 12, ""S"": 12}, {""A"": 12, ""D"": 12, ""F"": 12, ""H"": 12, ""N"": 12, ""S"": 12}]"
1079,36.574074074074076,0.639195746409698,0.8649963920002717,18.0,8.0,36.11111111111111,38.88888888888889,34.72222222222223,67.36111111111111,54.034391534391546,66.16402116402116,72,72,True,12,"[{""A"": 12, ""D"": 12, ""F"": 12, ""H"": 12, ""N"": 12, ""S"": 12}, {""A"": 12, ""D"": 12, ""F"": 12, ""H"": 12, ""N"": 12, ""S"": 12}, {""A"": 12, ""D"": 12, ""F"": 12, ""H"": 12, ""N"": 12, ""S"": 12}]"
1080,54.166666666666664,0.5065718671606054,0.7984211997151257,18.0,8.0,52.77777777777778,51.388888888888886,58.333333333333336,54.86111111111111,46.986331569664905,62.51212522045856,72,72,True,12,"[{""A"": 12, ""D"": 12, ""F"": 12, ""H"": 12, ""N"": 12, ""S"": 12}, {""A"": 12, ""D"": 12, ""F"": 12, ""H"": 12, ""N"": 12, ""S"": 12}, {""A"": 12, ""D"": 12, ""F"": 12, ""H"": 12, ""N"": 12, ""S"": 12}]"
1081,52.31481481481481,0.4949161927294554,0.7833855666275654,18.0,8.0,48.6111111111111,59.72222222222222,48.61111111111111,46.52777777777777,39.54069464486132,59.113506092672765,72,72,True,12,"[{""A"": 12, ""D"": 12, ""F"": 12, ""H"": 12, ""N"": 12, ""S"": 12}, {""A"": 12, ""D"": 12, ""F"": 12, ""H"": 12, ""N"": 12, ""S"": 12}, {""A"": 12, ""D"": 12, ""F"": 12, ""H"": 12, ""N"": 12, ""S"": 12}]"
1082,29.166666666666668,0.5981266632778947,0.8471463020511754,18.0,8.0,33.33333333333333,25.0,29.166666666666668,38.54166666666667,35.28714726631393,64.6301807760141,72,72,True,12,"[{""A"": 12, ""D"": 12, ""F"": 12, ""H"": 12, ""N"": 12, ""S"": 12}, {""A"": 12, ""D"": 12, ""F"": 12, ""H"": 12, ""N"": 12, ""S"": 12}, {""A"": 12, ""D"": 12, ""F"": 12, ""H"": 12, ""N"": 12, ""S"": 12}]"
1083,43.51851851851851,0.6935918647202867,0.8656544036506845,18.0,8.0,43.05555555555555,41.66666666666666,45.83333333333333,36.34259259259259,33.84369488536156,60.38580246913582,72,72,True,12,"[{""A"": 12, ""D"": 12, ""F"": 12, ""H"": 12, ""N"": 12, ""S"": 12}, {""A"": 12, ""D"": 12, ""F"": 12, ""H"": 12, ""N"": 12, ""S"": 12}, {""A"": 12, ""D"": 12, ""F"": 12, ""H"": 12, ""N"": 12, ""S"": 12}]"
1084,32.407407407407405,0.5433030965952583,0.7867003861398333,18.0,8.0,33.33333333333333,29.166666666666668,34.722222222222214,29.86111111111111,30.119097723264392,60.46757255090588,72,72,True,12,"[{""A"": 12, ""D"": 12, ""F"": 12, ""H"": 12, ""N"": 12, ""S"": 12}, {""A"": 12, ""D"": 12, ""F"": 12, ""H"": 12, ""N"": 12, ""S"": 12}, {""A"": 12, ""D"": 12, ""F"": 12, ""H"": 12, ""N"": 12, ""S"": 12}]"
1085,59.25925925925926,0.6227927160680786,0.8513589791052458,18.0,8.0,59.72222222222222,56.94444444444444,61.11111111111111,45.833333333333336,39.557379349046016,62.94472502805837,72,72,True,12,"[{""A"": 12, ""D"": 12, ""F"": 12, ""H"": 12, ""N"": 12, ""S"": 12}, {""A"": 12, ""D"": 12, ""F"": 12, ""H"": 12, ""N"": 12, ""S"": 12}, {""A"": 12, ""D"": 12, ""F"": 12, ""H"": 12, ""N"": 12, ""S"": 12}]"
1086,40.27777777777778,0.5729844497769352,0.8114788861768106,18.0,8.0,40.277777777777786,41.66666666666667,38.88888888888889,54.166666666666664,46.28316899150233,65.30323071989739,72,72,True,12,"[{""A"": 12, ""D"": 12, ""F"": 12, ""H"": 12, ""N"": 12, ""S"": 12}, {""A"": 12, ""D"": 12, ""F"": 12, ""H"": 12, ""N"": 12, ""S"": 12}, {""A"": 12, ""D"": 12, ""F"": 12, ""H"": 12, ""N"": 12, ""S"": 12}]"
1087,31.481481481481485,0.6620012899984153,0.9085945872636335,18.0,8.0,26.38888888888889,29.166666666666668,38.88888888888889,31.944444444444446,30.869809203142534,61.30857182940517,72,72,True,12,"[{""A"": 12, ""D"": 12, ""F"": 12, ""H"": 12, ""N"": 12, ""S"": 12}, {""A"": 12, ""D"": 12, ""F"": 12, ""H"": 12, ""N"": 12, ""S"": 12}, {""A"": 12, ""D"": 12, ""F"": 12, ""H"": 12, ""N"": 12, ""S"": 12}]"
1088,38.425925925925924,0.6362963565125631,0.846701841011731,18.0,8.0,43.05555555555555,33.33333333333333,38.88888888888889,29.86111111111111,32.715949174282514,68.06096681096682,72,72,True,12,"[{""A"": 12, ""D"": 12, ""F"": 12, ""H"": 12, ""N"": 12, ""S"": 12}, {""A"": 12, ""D"": 12, ""F"": 12, ""H"": 12, ""N"": 12, ""S"": 12}, {""A"": 12, ""D"": 12, ""F"": 12, ""H"": 12, ""N"": 12, ""S"": 12}]"
1089,50.46296296296296,0.5493152595190576,0.834677668399936,18.0,8.0,61.111111111111114,41.66666666666667,48.61111111111111,63.888888888888886,51.06055595638929,63.32887405804073,72,72,True,12,"[{""A"": 12, ""D"": 12, ""F"": 12, ""H"": 12, ""N"": 12, ""S"": 12}, {""A"": 12, ""D"": 12, ""F"": 12, ""H"": 12, ""N"": 12, ""S"": 12}, {""A"": 12, ""D"": 12, ""F"": 12, ""H"": 12, ""N"": 12, ""S"": 12}]"
1090,51.388888888888886,0.5515495813846951,0.7648533203769324,18.0,8.0,51.38888888888889,52.77777777777778,49.99999999999999,33.33333333333333,35.52243666827,60.921566859066864,72,72,True,12,"[{""A"": 12, ""D"": 12, ""F"": 12, ""H"": 12, ""N"": 12, ""S"": 12}, {""A"": 12, ""D"": 12, ""F"": 12, ""H"": 12, ""N"": 12, ""S"": 12}, {""A"": 12, ""D"": 12, ""F"": 12, ""H"": 12, ""N"": 12, ""S"": 12}]"
1091,40.74074074074074,0.5424319108189588,0.8159577652882554,18.0,8.0,45.83333333333333,31.944444444444443,44.44444444444444,38.19444444444445,35.213293650793645,60.72696208112874,72,72,True,12,"[{""A"": 12, ""D"": 12, ""F"": 12, ""H"": 12, ""N"": 12, ""S"": 12}, {""A"": 12, ""D"": 12, ""F"": 12, ""H"": 12, ""N"": 12, ""S"": 12}, {""A"": 12, ""D"": 12, ""F"": 12, ""H"": 12, ""N"": 12, ""S"": 12}]"
