level,enc,condition,estimator,share,ci_lo,ci_hi,n
cremad,hubert_base,single:*@3,naive,1.0,1.0,1.0,91
cremad,hubert_base,single:angry@3,naive,1.0,1.0,1.0,91
cremad,hubert_base,single:disgust@3,naive,1.0,1.0,1.0,91
cremad,hubert_base,single:fearful@3,naive,1.0,1.0,1.0,91
cremad,hubert_base,single:happy@3,naive,1.0,1.0,1.0,91
cremad,hubert_base,single:neutral@3,naive,1.0,1.0,1.0,91
cremad,hubert_base,single:sad@3,naive,1.0,1.0,1.0,91
cremad,hubert_base,single:*@3,shrink,0.4175824175824176,0.31868131868131866,0.5164835164835165,91
cremad,hubert_base,single:angry@3,shrink,0.43956043956043955,0.34065934065934067,0.5384615384615384,91
cremad,hubert_base,single:disgust@3,shrink,0.4065934065934066,0.3076923076923077,0.5054945054945055,91
cremad,hubert_base,single:fearful@3,shrink,0.43956043956043955,0.34065934065934067,0.5384615384615384,91
cremad,hubert_base,single:happy@3,shrink,0.38461538461538464,0.2857142857142857,0.4835164835164835,91
cremad,hubert_base,single:neutral@3,shrink,0.4065934065934066,0.3076923076923077,0.5054945054945055,91
cremad,hubert_base,single:sad@3,shrink,0.43956043956043955,0.34065934065934067,0.5384615384615384,91
cremad,hubert_base,single:*@3,neutral_filter,0.8461538461538461,0.7692307692307693,0.9120879120879121,91
cremad,hubert_base,single:angry@3,neutral_filter,0.8351648351648352,0.7582417582417582,0.9120879120879121,91
cremad,hubert_base,single:disgust@3,neutral_filter,0.7472527472527473,0.6593406593406593,0.8351648351648352,91
cremad,hubert_base,single:fearful@3,neutral_filter,0.7252747252747253,0.6373626373626373,0.8131868131868132,91
cremad,hubert_base,single:happy@3,neutral_filter,0.7692307692307693,0.6813186813186813,0.8461538461538461,91
cremad,hubert_base,single:neutral@3,neutral_filter,0.8241758241758241,0.7472527472527473,0.9010989010989011,91
cremad,hubert_base,single:sad@3,neutral_filter,0.7912087912087912,0.7032967032967034,0.8681318681318682,91
cremad,hubert_base,single:*@3,prior_corrected,0.4065934065934066,0.3076923076923077,0.5054945054945055,91
cremad,hubert_base,single:angry@3,prior_corrected,0.4945054945054945,0.3956043956043956,0.5934065934065934,91
cremad,hubert_base,single:disgust@3,prior_corrected,0.4065934065934066,0.3076923076923077,0.5054945054945055,91
cremad,hubert_base,single:fearful@3,prior_corrected,0.46153846153846156,0.3626373626373626,0.5604395604395604,91
cremad,hubert_base,single:happy@3,prior_corrected,0.43956043956043955,0.34065934065934067,0.5384615384615384,91
cremad,hubert_base,single:neutral@3,prior_corrected,0.34065934065934067,0.24175824175824176,0.43956043956043955,91
cremad,hubert_base,single:sad@3,prior_corrected,0.5384615384615384,0.43956043956043955,0.6483516483516484,91
cremad,hubert_base,single:*@5,naive,0.989010989010989,0.967032967032967,1.0,91
cremad,hubert_base,single:angry@5,naive,1.0,1.0,1.0,91
cremad,hubert_base,single:disgust@5,naive,0.978021978021978,0.945054945054945,1.0,91
cremad,hubert_base,single:fearful@5,naive,0.978021978021978,0.945054945054945,1.0,91
cremad,hubert_base,single:happy@5,naive,0.989010989010989,0.967032967032967,1.0,91
cremad,hubert_base,single:neutral@5,naive,0.978021978021978,0.945054945054945,1.0,91
cremad,hubert_base,single:sad@5,naive,1.0,1.0,1.0,91
cremad,hubert_base,single:*@5,shrink,0.42857142857142855,0.32967032967032966,0.5274725274725275,91
cremad,hubert_base,single:angry@5,shrink,0.5384615384615384,0.4392857142857145,0.6373626373626373,91
cremad,hubert_base,single:disgust@5,shrink,0.3956043956043956,0.2967032967032967,0.4945054945054945,91
cremad,hubert_base,single:fearful@5,shrink,0.3956043956043956,0.2967032967032967,0.4945054945054945,91
cremad,hubert_base,single:happy@5,shrink,0.46153846153846156,0.3626373626373626,0.5604395604395604,91
cremad,hubert_base,single:neutral@5,shrink,0.3956043956043956,0.2967032967032967,0.4945054945054945,91
cremad,hubert_base,single:sad@5,shrink,0.45054945054945056,0.3516483516483517,0.5494505494505495,91
cremad,hubert_base,single:*@5,neutral_filter,0.8791208791208791,0.8131868131868132,0.945054945054945,91
cremad,hubert_base,single:angry@5,neutral_filter,0.8461538461538461,0.7692307692307693,0.9120879120879121,91
cremad,hubert_base,single:disgust@5,neutral_filter,0.7142857142857143,0.6153846153846154,0.8021978021978022,91
cremad,hubert_base,single:fearful@5,neutral_filter,0.7252747252747253,0.6263736263736264,0.8131868131868132,91
cremad,hubert_base,single:happy@5,neutral_filter,0.7912087912087912,0.7032967032967034,0.8681318681318682,91
cremad,hubert_base,single:neutral@5,neutral_filter,0.8461538461538461,0.7692307692307693,0.9120879120879121,91
cremad,hubert_base,single:sad@5,neutral_filter,0.8021978021978022,0.7252747252747253,0.8791208791208791,91
cremad,hubert_base,single:*@5,prior_corrected,0.3516483516483517,0.25274725274725274,0.45054945054945056,91
cremad,hubert_base,single:angry@5,prior_corrected,0.45054945054945056,0.3516483516483517,0.5494505494505495,91
cremad,hubert_base,single:disgust@5,prior_corrected,0.3626373626373626,0.26373626373626374,0.46153846153846156,91
cremad,hubert_base,single:fearful@5,prior_corrected,0.42857142857142855,0.32967032967032966,0.5274725274725275,91
cremad,hubert_base,single:happy@5,prior_corrected,0.34065934065934067,0.24175824175824176,0.43956043956043955,91
cremad,hubert_base,single:neutral@5,prior_corrected,0.2967032967032967,0.2087912087912088,0.3956043956043956,91
cremad,hubert_base,single:sad@5,prior_corrected,0.4725274725274725,0.37362637362637363,0.5714285714285714,91
cremad,wav2vec2_base,single:*@3,naive,1.0,1.0,1.0,91
cremad,wav2vec2_base,single:angry@3,naive,1.0,1.0,1.0,91
cremad,wav2vec2_base,single:disgust@3,naive,1.0,1.0,1.0,91
cremad,wav2vec2_base,single:fearful@3,naive,1.0,1.0,1.0,91
cremad,wav2vec2_base,single:happy@3,naive,1.0,1.0,1.0,91
cremad,wav2vec2_base,single:neutral@3,naive,1.0,1.0,1.0,91
cremad,wav2vec2_base,single:sad@3,naive,1.0,1.0,1.0,91
cremad,wav2vec2_base,single:*@3,shrink,0.5604395604395604,0.46153846153846156,0.6593406593406593,91
cremad,wav2vec2_base,single:angry@3,shrink,0.5494505494505495,0.45054945054945056,0.6483516483516484,91
cremad,wav2vec2_base,single:disgust@3,shrink,0.43956043956043955,0.34065934065934067,0.5384615384615384,91
cremad,wav2vec2_base,single:fearful@3,shrink,0.5054945054945055,0.4065934065934066,0.6043956043956044,91
cremad,wav2vec2_base,single:happy@3,shrink,0.38461538461538464,0.2857142857142857,0.4835164835164835,91
cremad,wav2vec2_base,single:neutral@3,shrink,0.4835164835164835,0.38461538461538464,0.5824175824175825,91
cremad,wav2vec2_base,single:sad@3,shrink,0.5054945054945055,0.4065934065934066,0.6043956043956044,91
cremad,wav2vec2_base,single:*@3,neutral_filter,0.8021978021978022,0.7252747252747253,0.8791208791208791,91
cremad,wav2vec2_base,single:angry@3,neutral_filter,0.8681318681318682,0.7912087912087912,0.9340659340659341,91
cremad,wav2vec2_base,single:disgust@3,neutral_filter,0.6703296703296703,0.5714285714285714,0.7692307692307693,91
cremad,wav2vec2_base,single:fearful@3,neutral_filter,0.7582417582417582,0.6703296703296703,0.8461538461538461,91
cremad,wav2vec2_base,single:happy@3,neutral_filter,0.7472527472527473,0.6593406593406593,0.8351648351648352,91
cremad,wav2vec2_base,single:neutral@3,neutral_filter,0.7912087912087912,0.7032967032967034,0.8681318681318682,91
cremad,wav2vec2_base,single:sad@3,neutral_filter,0.7802197802197802,0.6923076923076923,0.8681318681318682,91
cremad,wav2vec2_base,single:*@3,prior_corrected,0.6043956043956044,0.5054945054945055,0.7032967032967034,91
cremad,wav2vec2_base,single:angry@3,prior_corrected,0.6703296703296703,0.5714285714285714,0.7692307692307693,91
cremad,wav2vec2_base,single:disgust@3,prior_corrected,0.5164835164835165,0.4175824175824176,0.6153846153846154,91
cremad,wav2vec2_base,single:fearful@3,prior_corrected,0.6703296703296703,0.5714285714285714,0.7692307692307693,91
cremad,wav2vec2_base,single:happy@3,prior_corrected,0.5714285714285714,0.4725274725274725,0.6703296703296703,91
cremad,wav2vec2_base,single:neutral@3,prior_corrected,0.4065934065934066,0.3076923076923077,0.5054945054945055,91
cremad,wav2vec2_base,single:sad@3,prior_corrected,0.6153846153846154,0.5164835164835165,0.7142857142857143,91
cremad,wav2vec2_base,single:*@5,naive,1.0,1.0,1.0,91
cremad,wav2vec2_base,single:angry@5,naive,0.989010989010989,0.967032967032967,1.0,91
cremad,wav2vec2_base,single:disgust@5,naive,1.0,1.0,1.0,91
cremad,wav2vec2_base,single:fearful@5,naive,0.989010989010989,0.967032967032967,1.0,91
cremad,wav2vec2_base,single:happy@5,naive,0.989010989010989,0.967032967032967,1.0,91
cremad,wav2vec2_base,single:neutral@5,naive,1.0,1.0,1.0,91
cremad,wav2vec2_base,single:sad@5,naive,1.0,1.0,1.0,91
cremad,wav2vec2_base,single:*@5,shrink,0.5604395604395604,0.46153846153846156,0.6593406593406593,91
cremad,wav2vec2_base,single:angry@5,shrink,0.5824175824175825,0.4835164835164835,0.6813186813186813,91
cremad,wav2vec2_base,single:disgust@5,shrink,0.38461538461538464,0.2857142857142857,0.4835164835164835,91
cremad,wav2vec2_base,single:fearful@5,shrink,0.5054945054945055,0.4065934065934066,0.6043956043956044,91
cremad,wav2vec2_base,single:happy@5,shrink,0.4175824175824176,0.31868131868131866,0.5164835164835165,91
cremad,wav2vec2_base,single:neutral@5,shrink,0.5384615384615384,0.42857142857142855,0.6373626373626373,91
cremad,wav2vec2_base,single:sad@5,shrink,0.5824175824175825,0.4835164835164835,0.6813186813186813,91
cremad,wav2vec2_base,single:*@5,neutral_filter,0.8131868131868132,0.7362637362637363,0.8901098901098901,91
cremad,wav2vec2_base,single:angry@5,neutral_filter,0.8351648351648352,0.7582417582417582,0.9120879120879121,91
cremad,wav2vec2_base,single:disgust@5,neutral_filter,0.6813186813186813,0.5824175824175825,0.7692307692307693,91
cremad,wav2vec2_base,single:fearful@5,neutral_filter,0.7802197802197802,0.6923076923076923,0.8571428571428571,91
cremad,wav2vec2_base,single:happy@5,neutral_filter,0.7582417582417582,0.6703296703296703,0.8461538461538461,91
cremad,wav2vec2_base,single:neutral@5,neutral_filter,0.7802197802197802,0.6923076923076923,0.8571428571428571,91
cremad,wav2vec2_base,single:sad@5,neutral_filter,0.7582417582417582,0.6703296703296703,0.8461538461538461,91
cremad,wav2vec2_base,single:*@5,prior_corrected,0.5604395604395604,0.46153846153846156,0.6593406593406593,91
cremad,wav2vec2_base,single:angry@5,prior_corrected,0.6373626373626373,0.5384615384615384,0.7362637362637363,91
cremad,wav2vec2_base,single:disgust@5,prior_corrected,0.4835164835164835,0.38461538461538464,0.5824175824175825,91
cremad,wav2vec2_base,single:fearful@5,prior_corrected,0.5604395604395604,0.46153846153846156,0.6593406593406593,91
cremad,wav2vec2_base,single:happy@5,prior_corrected,0.46153846153846156,0.3626373626373626,0.5714285714285714,91
cremad,wav2vec2_base,single:neutral@5,prior_corrected,0.3516483516483517,0.25274725274725274,0.45054945054945056,91
cremad,wav2vec2_base,single:sad@5,prior_corrected,0.6263736263736264,0.5274725274725275,0.7252747252747253,91
cremad,wavlm_base_plus,single:*@3,naive,1.0,1.0,1.0,91
cremad,wavlm_base_plus,single:angry@3,naive,1.0,1.0,1.0,91
cremad,wavlm_base_plus,single:disgust@3,naive,1.0,1.0,1.0,91
cremad,wavlm_base_plus,single:fearful@3,naive,1.0,1.0,1.0,91
cremad,wavlm_base_plus,single:happy@3,naive,1.0,1.0,1.0,91
cremad,wavlm_base_plus,single:neutral@3,naive,1.0,1.0,1.0,91
cremad,wavlm_base_plus,single:sad@3,naive,1.0,1.0,1.0,91
cremad,wavlm_base_plus,single:*@3,shrink,0.4945054945054945,0.3956043956043956,0.5934065934065934,91
cremad,wavlm_base_plus,single:angry@3,shrink,0.5384615384615384,0.43956043956043955,0.6373626373626373,91
cremad,wavlm_base_plus,single:disgust@3,shrink,0.43956043956043955,0.34065934065934067,0.5384615384615384,91
cremad,wavlm_base_plus,single:fearful@3,shrink,0.4835164835164835,0.38461538461538464,0.5934065934065934,91
cremad,wavlm_base_plus,single:happy@3,shrink,0.42857142857142855,0.32967032967032966,0.5274725274725275,91
cremad,wavlm_base_plus,single:neutral@3,shrink,0.43956043956043955,0.34065934065934067,0.5384615384615384,91
cremad,wavlm_base_plus,single:sad@3,shrink,0.42857142857142855,0.32967032967032966,0.5274725274725275,91
cremad,wavlm_base_plus,single:*@3,neutral_filter,0.8901098901098901,0.8241758241758241,0.945054945054945,91
cremad,wavlm_base_plus,single:angry@3,neutral_filter,0.9120879120879121,0.8461538461538461,0.967032967032967,91
cremad,wavlm_base_plus,single:disgust@3,neutral_filter,0.8021978021978022,0.7252747252747253,0.8791208791208791,91
cremad,wavlm_base_plus,single:fearful@3,neutral_filter,0.8131868131868132,0.7252747252747253,0.8901098901098901,91
cremad,wavlm_base_plus,single:happy@3,neutral_filter,0.8791208791208791,0.8021978021978022,0.945054945054945,91
cremad,wavlm_base_plus,single:neutral@3,neutral_filter,0.8901098901098901,0.8241758241758241,0.945054945054945,91
cremad,wavlm_base_plus,single:sad@3,neutral_filter,0.8351648351648352,0.7582417582417582,0.9120879120879121,91
cremad,wavlm_base_plus,single:*@3,prior_corrected,0.6043956043956044,0.5054945054945055,0.7032967032967034,91
cremad,wavlm_base_plus,single:angry@3,prior_corrected,0.6923076923076923,0.5934065934065934,0.7802197802197802,91
cremad,wavlm_base_plus,single:disgust@3,prior_corrected,0.5384615384615384,0.43956043956043955,0.6373626373626373,91
cremad,wavlm_base_plus,single:fearful@3,prior_corrected,0.6043956043956044,0.5054945054945055,0.7032967032967034,91
cremad,wavlm_base_plus,single:happy@3,prior_corrected,0.5164835164835165,0.4065934065934066,0.6153846153846154,91
cremad,wavlm_base_plus,single:neutral@3,prior_corrected,0.37362637362637363,0.27472527472527475,0.4725274725274725,91
cremad,wavlm_base_plus,single:sad@3,prior_corrected,0.6483516483516484,0.5494505494505495,0.7472527472527473,91
cremad,wavlm_base_plus,single:*@5,naive,1.0,1.0,1.0,91
cremad,wavlm_base_plus,single:angry@5,naive,1.0,1.0,1.0,91
cremad,wavlm_base_plus,single:disgust@5,naive,1.0,1.0,1.0,91
cremad,wavlm_base_plus,single:fearful@5,naive,1.0,1.0,1.0,91
cremad,wavlm_base_plus,single:happy@5,naive,1.0,1.0,1.0,91
cremad,wavlm_base_plus,single:neutral@5,naive,0.989010989010989,0.967032967032967,1.0,91
cremad,wavlm_base_plus,single:sad@5,naive,1.0,1.0,1.0,91
cremad,wavlm_base_plus,single:*@5,shrink,0.5164835164835165,0.4065934065934066,0.6153846153846154,91
cremad,wavlm_base_plus,single:angry@5,shrink,0.6373626373626373,0.5384615384615384,0.7362637362637363,91
cremad,wavlm_base_plus,single:disgust@5,shrink,0.4945054945054945,0.3956043956043956,0.5934065934065934,91
cremad,wavlm_base_plus,single:fearful@5,shrink,0.5054945054945055,0.4065934065934066,0.6153846153846154,91
cremad,wavlm_base_plus,single:happy@5,shrink,0.4835164835164835,0.38461538461538464,0.5824175824175825,91
cremad,wavlm_base_plus,single:neutral@5,shrink,0.46153846153846156,0.3626373626373626,0.5604395604395604,91
cremad,wavlm_base_plus,single:sad@5,shrink,0.5164835164835165,0.4175824175824176,0.6153846153846154,91
cremad,wavlm_base_plus,single:*@5,neutral_filter,0.9120879120879121,0.8571428571428571,0.967032967032967,91
cremad,wavlm_base_plus,single:angry@5,neutral_filter,0.9230769230769231,0.8681318681318682,0.967032967032967,91
cremad,wavlm_base_plus,single:disgust@5,neutral_filter,0.8021978021978022,0.7142857142857143,0.8791208791208791,91
cremad,wavlm_base_plus,single:fearful@5,neutral_filter,0.7912087912087912,0.7032967032967034,0.8681318681318682,91
cremad,wavlm_base_plus,single:happy@5,neutral_filter,0.8461538461538461,0.7692307692307693,0.9120879120879121,91
cremad,wavlm_base_plus,single:neutral@5,neutral_filter,0.9230769230769231,0.8681318681318682,0.967032967032967,91
cremad,wavlm_base_plus,single:sad@5,neutral_filter,0.8681318681318682,0.7912087912087912,0.9340659340659341,91
cremad,wavlm_base_plus,single:*@5,prior_corrected,0.5494505494505495,0.43956043956043955,0.6483516483516484,91
cremad,wavlm_base_plus,single:angry@5,prior_corrected,0.6153846153846154,0.5164835164835165,0.7142857142857143,91
cremad,wavlm_base_plus,single:disgust@5,prior_corrected,0.5054945054945055,0.4065934065934066,0.6043956043956044,91
cremad,wavlm_base_plus,single:fearful@5,prior_corrected,0.4945054945054945,0.3956043956043956,0.5934065934065934,91
cremad,wavlm_base_plus,single:happy@5,prior_corrected,0.5494505494505495,0.45054945054945056,0.6483516483516484,91
cremad,wavlm_base_plus,single:neutral@5,prior_corrected,0.34065934065934067,0.24175824175824176,0.43956043956043955,91
cremad,wavlm_base_plus,single:sad@5,prior_corrected,0.6593406593406593,0.5604395604395604,0.7582417582417582,91
ravdess,hubert_base,single:*@3,naive,1.0,1.0,1.0,24
ravdess,hubert_base,single:calm@3,naive,1.0,1.0,1.0,24
ravdess,hubert_base,single:happy@3,naive,1.0,1.0,1.0,24
ravdess,hubert_base,single:sad@3,naive,1.0,1.0,1.0,24
ravdess,hubert_base,single:angry@3,naive,1.0,1.0,1.0,24
ravdess,hubert_base,single:fearful@3,naive,1.0,1.0,1.0,24
ravdess,hubert_base,single:disgust@3,naive,1.0,1.0,1.0,24
ravdess,hubert_base,single:surprised@3,naive,1.0,1.0,1.0,24
ravdess,hubert_base,single:*@3,shrink,0.7916666666666666,0.625,0.9583333333333334,24
ravdess,hubert_base,single:calm@3,shrink,0.6666666666666666,0.4583333333333333,0.8333333333333334,24
ravdess,hubert_base,single:happy@3,shrink,0.625,0.4166666666666667,0.7916666666666666,24
ravdess,hubert_base,single:sad@3,shrink,0.875,0.75,1.0,24
ravdess,hubert_base,single:angry@3,shrink,0.6666666666666666,0.4583333333333333,0.8333333333333334,24
ravdess,hubert_base,single:fearful@3,shrink,0.6666666666666666,0.4583333333333333,0.8333333333333334,24
ravdess,hubert_base,single:disgust@3,shrink,0.6666666666666666,0.4583333333333333,0.8333333333333334,24
ravdess,hubert_base,single:surprised@3,shrink,0.75,0.5833333333333334,0.9166666666666666,24
ravdess,hubert_base,single:*@3,neutral_filter,0.9583333333333334,0.875,1.0,24
ravdess,hubert_base,single:calm@3,neutral_filter,0.9166666666666666,0.7916666666666666,1.0,24
ravdess,hubert_base,single:happy@3,neutral_filter,0.875,0.75,1.0,24
ravdess,hubert_base,single:sad@3,neutral_filter,0.9583333333333334,0.875,1.0,24
ravdess,hubert_base,single:angry@3,neutral_filter,0.9583333333333334,0.875,1.0,24
ravdess,hubert_base,single:fearful@3,neutral_filter,0.875,0.75,1.0,24
ravdess,hubert_base,single:disgust@3,neutral_filter,0.9583333333333334,0.875,1.0,24
ravdess,hubert_base,single:surprised@3,neutral_filter,0.9583333333333334,0.875,1.0,24
ravdess,hubert_base,single:*@3,prior_corrected,0.9166666666666666,0.7916666666666666,1.0,24
ravdess,hubert_base,single:calm@3,prior_corrected,0.9166666666666666,0.7916666666666666,1.0,24
ravdess,hubert_base,single:happy@3,prior_corrected,0.8333333333333334,0.6666666666666666,0.9583333333333334,24
ravdess,hubert_base,single:sad@3,prior_corrected,0.9166666666666666,0.7916666666666666,1.0,24
ravdess,hubert_base,single:angry@3,prior_corrected,0.9166666666666666,0.7916666666666666,1.0,24
ravdess,hubert_base,single:fearful@3,prior_corrected,0.9166666666666666,0.7916666666666666,1.0,24
ravdess,hubert_base,single:disgust@3,prior_corrected,0.875,0.75,1.0,24
ravdess,hubert_base,single:surprised@3,prior_corrected,0.9166666666666666,0.7916666666666666,1.0,24
ravdess,wav2vec2_base,single:*@3,naive,1.0,1.0,1.0,24
ravdess,wav2vec2_base,single:calm@3,naive,0.9583333333333334,0.875,1.0,24
ravdess,wav2vec2_base,single:happy@3,naive,1.0,1.0,1.0,24
ravdess,wav2vec2_base,single:sad@3,naive,1.0,1.0,1.0,24
ravdess,wav2vec2_base,single:angry@3,naive,0.9583333333333334,0.875,1.0,24
ravdess,wav2vec2_base,single:fearful@3,naive,1.0,1.0,1.0,24
ravdess,wav2vec2_base,single:disgust@3,naive,1.0,1.0,1.0,24
ravdess,wav2vec2_base,single:surprised@3,naive,1.0,1.0,1.0,24
ravdess,wav2vec2_base,single:*@3,shrink,0.625,0.4166666666666667,0.7916666666666666,24
ravdess,wav2vec2_base,single:calm@3,shrink,0.5416666666666666,0.3333333333333333,0.75,24
ravdess,wav2vec2_base,single:happy@3,shrink,0.625,0.4166666666666667,0.7916666666666666,24
ravdess,wav2vec2_base,single:sad@3,shrink,0.625,0.4166666666666667,0.7916666666666666,24
ravdess,wav2vec2_base,single:angry@3,shrink,0.5833333333333334,0.375,0.7916666666666666,24
ravdess,wav2vec2_base,single:fearful@3,shrink,0.75,0.5833333333333334,0.9166666666666666,24
ravdess,wav2vec2_base,single:disgust@3,shrink,0.7083333333333334,0.5,0.875,24
ravdess,wav2vec2_base,single:surprised@3,shrink,0.625,0.4166666666666667,0.7916666666666666,24
ravdess,wav2vec2_base,single:*@3,neutral_filter,0.9166666666666666,0.7916666666666666,1.0,24
ravdess,wav2vec2_base,single:calm@3,neutral_filter,0.875,0.75,1.0,24
ravdess,wav2vec2_base,single:happy@3,neutral_filter,0.7916666666666666,0.625,0.9583333333333334,24
ravdess,wav2vec2_base,single:sad@3,neutral_filter,0.7916666666666666,0.625,0.9583333333333334,24
ravdess,wav2vec2_base,single:angry@3,neutral_filter,0.9166666666666666,0.7916666666666666,1.0,24
ravdess,wav2vec2_base,single:fearful@3,neutral_filter,0.875,0.7083333333333334,1.0,24
ravdess,wav2vec2_base,single:disgust@3,neutral_filter,0.875,0.7489583333333343,1.0,24
ravdess,wav2vec2_base,single:surprised@3,neutral_filter,0.8333333333333334,0.6666666666666666,0.9583333333333334,24
ravdess,wav2vec2_base,single:*@3,prior_corrected,0.8333333333333334,0.6666666666666666,0.9583333333333334,24
ravdess,wav2vec2_base,single:calm@3,prior_corrected,0.7916666666666666,0.625,0.9583333333333334,24
ravdess,wav2vec2_base,single:happy@3,prior_corrected,0.9166666666666666,0.7916666666666666,1.0,24
ravdess,wav2vec2_base,single:sad@3,prior_corrected,0.8333333333333334,0.6666666666666666,0.9583333333333334,24
ravdess,wav2vec2_base,single:angry@3,prior_corrected,0.875,0.75,1.0,24
ravdess,wav2vec2_base,single:fearful@3,prior_corrected,0.9166666666666666,0.7916666666666666,1.0,24
ravdess,wav2vec2_base,single:disgust@3,prior_corrected,0.7083333333333334,0.5,0.875,24
ravdess,wav2vec2_base,single:surprised@3,prior_corrected,0.75,0.5833333333333334,0.9166666666666666,24
ravdess,wavlm_base_plus,single:*@3,naive,1.0,1.0,1.0,24
ravdess,wavlm_base_plus,single:calm@3,naive,1.0,1.0,1.0,24
ravdess,wavlm_base_plus,single:happy@3,naive,1.0,1.0,1.0,24
ravdess,wavlm_base_plus,single:sad@3,naive,1.0,1.0,1.0,24
ravdess,wavlm_base_plus,single:angry@3,naive,1.0,1.0,1.0,24
ravdess,wavlm_base_plus,single:fearful@3,naive,1.0,1.0,1.0,24
ravdess,wavlm_base_plus,single:disgust@3,naive,1.0,1.0,1.0,24
ravdess,wavlm_base_plus,single:surprised@3,naive,1.0,1.0,1.0,24
ravdess,wavlm_base_plus,single:*@3,shrink,0.7083333333333334,0.5,0.875,24
ravdess,wavlm_base_plus,single:calm@3,shrink,0.6666666666666666,0.4583333333333333,0.8333333333333334,24
ravdess,wavlm_base_plus,single:happy@3,shrink,0.5833333333333334,0.375,0.7916666666666666,24
ravdess,wavlm_base_plus,single:sad@3,shrink,0.6666666666666666,0.4583333333333333,0.8333333333333334,24
ravdess,wavlm_base_plus,single:angry@3,shrink,0.625,0.4166666666666667,0.7916666666666666,24
ravdess,wavlm_base_plus,single:fearful@3,shrink,0.7083333333333334,0.5,0.875,24
ravdess,wavlm_base_plus,single:disgust@3,shrink,0.625,0.4166666666666667,0.7916666666666666,24
ravdess,wavlm_base_plus,single:surprised@3,shrink,0.625,0.4166666666666667,0.7916666666666666,24
ravdess,wavlm_base_plus,single:*@3,neutral_filter,0.9166666666666666,0.7916666666666666,1.0,24
ravdess,wavlm_base_plus,single:calm@3,neutral_filter,0.875,0.7083333333333334,1.0,24
ravdess,wavlm_base_plus,single:happy@3,neutral_filter,0.8333333333333334,0.6666666666666666,0.9583333333333334,24
ravdess,wavlm_base_plus,single:sad@3,neutral_filter,0.875,0.7083333333333334,1.0,24
ravdess,wavlm_base_plus,single:angry@3,neutral_filter,1.0,1.0,1.0,24
ravdess,wavlm_base_plus,single:fearful@3,neutral_filter,0.7916666666666666,0.625,0.9583333333333334,24
ravdess,wavlm_base_plus,single:disgust@3,neutral_filter,0.9583333333333334,0.875,1.0,24
ravdess,wavlm_base_plus,single:surprised@3,neutral_filter,0.875,0.75,1.0,24
ravdess,wavlm_base_plus,single:*@3,prior_corrected,0.9166666666666666,0.7916666666666666,1.0,24
ravdess,wavlm_base_plus,single:calm@3,prior_corrected,0.875,0.7083333333333334,1.0,24
ravdess,wavlm_base_plus,single:happy@3,prior_corrected,1.0,1.0,1.0,24
ravdess,wavlm_base_plus,single:sad@3,prior_corrected,0.875,0.75,1.0,24
ravdess,wavlm_base_plus,single:angry@3,prior_corrected,0.8333333333333334,0.6666666666666666,0.9583333333333334,24
ravdess,wavlm_base_plus,single:fearful@3,prior_corrected,0.875,0.75,1.0,24
ravdess,wavlm_base_plus,single:disgust@3,prior_corrected,0.8333333333333334,0.6666666666666666,0.9583333333333334,24
ravdess,wavlm_base_plus,single:surprised@3,prior_corrected,0.9166666666666666,0.7916666666666666,1.0,24
subesco_980,hubert_base,single:*@3,naive,1.0,1.0,1.0,20
subesco_980,hubert_base,single:ANGRY@3,naive,0.95,0.85,1.0,20
subesco_980,hubert_base,single:DISGUST@3,naive,1.0,1.0,1.0,20
subesco_980,hubert_base,single:FEAR@3,naive,1.0,1.0,1.0,20
subesco_980,hubert_base,single:HAPPY@3,naive,0.95,0.85,1.0,20
subesco_980,hubert_base,single:NEUTRAL@3,naive,1.0,1.0,1.0,20
subesco_980,hubert_base,single:SAD@3,naive,1.0,1.0,1.0,20
subesco_980,hubert_base,single:SURPRISE@3,naive,0.95,0.85,1.0,20
subesco_980,hubert_base,single:*@3,shrink,0.7,0.5,0.9,20
subesco_980,hubert_base,single:ANGRY@3,shrink,0.6,0.4,0.8,20
subesco_980,hubert_base,single:DISGUST@3,shrink,0.65,0.45,0.85,20
subesco_980,hubert_base,single:FEAR@3,shrink,0.65,0.45,0.85,20
subesco_980,hubert_base,single:HAPPY@3,shrink,0.6,0.4,0.8,20
subesco_980,hubert_base,single:NEUTRAL@3,shrink,0.75,0.55,0.9,20
subesco_980,hubert_base,single:SAD@3,shrink,0.75,0.55,0.9,20
subesco_980,hubert_base,single:SURPRISE@3,shrink,0.65,0.45,0.85,20
subesco_980,hubert_base,single:*@3,neutral_filter,0.9,0.75,1.0,20
subesco_980,hubert_base,single:ANGRY@3,neutral_filter,0.8,0.6,0.95,20
subesco_980,hubert_base,single:DISGUST@3,neutral_filter,0.9,0.75,1.0,20
subesco_980,hubert_base,single:FEAR@3,neutral_filter,0.95,0.85,1.0,20
subesco_980,hubert_base,single:HAPPY@3,neutral_filter,0.75,0.55,0.9,20
subesco_980,hubert_base,single:NEUTRAL@3,neutral_filter,0.9,0.75,1.0,20
subesco_980,hubert_base,single:SAD@3,neutral_filter,0.85,0.7,1.0,20
subesco_980,hubert_base,single:SURPRISE@3,neutral_filter,0.8,0.6,0.95,20
subesco_980,hubert_base,single:*@3,prior_corrected,0.8,0.6,0.95,20
subesco_980,hubert_base,single:ANGRY@3,prior_corrected,0.8,0.6,0.95,20
subesco_980,hubert_base,single:DISGUST@3,prior_corrected,0.85,0.7,1.0,20
subesco_980,hubert_base,single:FEAR@3,prior_corrected,0.7,0.5,0.9,20
subesco_980,hubert_base,single:HAPPY@3,prior_corrected,0.75,0.55,0.9,20
subesco_980,hubert_base,single:NEUTRAL@3,prior_corrected,0.75,0.55,0.9,20
subesco_980,hubert_base,single:SAD@3,prior_corrected,0.75,0.55,0.9,20
subesco_980,hubert_base,single:SURPRISE@3,prior_corrected,0.75,0.55,0.9,20
subesco_980,wav2vec2_base,single:*@3,naive,1.0,1.0,1.0,20
subesco_980,wav2vec2_base,single:ANGRY@3,naive,1.0,1.0,1.0,20
subesco_980,wav2vec2_base,single:DISGUST@3,naive,1.0,1.0,1.0,20
subesco_980,wav2vec2_base,single:FEAR@3,naive,1.0,1.0,1.0,20
subesco_980,wav2vec2_base,single:HAPPY@3,naive,1.0,1.0,1.0,20
subesco_980,wav2vec2_base,single:NEUTRAL@3,naive,1.0,1.0,1.0,20
subesco_980,wav2vec2_base,single:SAD@3,naive,1.0,1.0,1.0,20
subesco_980,wav2vec2_base,single:SURPRISE@3,naive,1.0,1.0,1.0,20
subesco_980,wav2vec2_base,single:*@3,shrink,0.55,0.35,0.75,20
subesco_980,wav2vec2_base,single:ANGRY@3,shrink,0.6,0.4,0.8,20
subesco_980,wav2vec2_base,single:DISGUST@3,shrink,0.55,0.35,0.75,20
subesco_980,wav2vec2_base,single:FEAR@3,shrink,0.55,0.35,0.75,20
subesco_980,wav2vec2_base,single:HAPPY@3,shrink,0.6,0.4,0.8,20
subesco_980,wav2vec2_base,single:NEUTRAL@3,shrink,0.75,0.55,0.95,20
subesco_980,wav2vec2_base,single:SAD@3,shrink,0.7,0.5,0.9,20
subesco_980,wav2vec2_base,single:SURPRISE@3,shrink,0.6,0.4,0.8,20
subesco_980,wav2vec2_base,single:*@3,neutral_filter,0.9,0.75,1.0,20
subesco_980,wav2vec2_base,single:ANGRY@3,neutral_filter,0.85,0.7,1.0,20
subesco_980,wav2vec2_base,single:DISGUST@3,neutral_filter,0.8,0.6,0.95,20
subesco_980,wav2vec2_base,single:FEAR@3,neutral_filter,0.95,0.85,1.0,20
subesco_980,wav2vec2_base,single:HAPPY@3,neutral_filter,0.7,0.5,0.9,20
subesco_980,wav2vec2_base,single:NEUTRAL@3,neutral_filter,0.9,0.75,1.0,20
subesco_980,wav2vec2_base,single:SAD@3,neutral_filter,0.85,0.7,1.0,20
subesco_980,wav2vec2_base,single:SURPRISE@3,neutral_filter,0.75,0.55,0.9,20
subesco_980,wav2vec2_base,single:*@3,prior_corrected,0.9,0.75,1.0,20
subesco_980,wav2vec2_base,single:ANGRY@3,prior_corrected,0.7,0.5,0.9,20
subesco_980,wav2vec2_base,single:DISGUST@3,prior_corrected,0.9,0.75,1.0,20
subesco_980,wav2vec2_base,single:FEAR@3,prior_corrected,0.8,0.6,0.95,20
subesco_980,wav2vec2_base,single:HAPPY@3,prior_corrected,0.75,0.55,0.9,20
subesco_980,wav2vec2_base,single:NEUTRAL@3,prior_corrected,0.8,0.6,0.95,20
subesco_980,wav2vec2_base,single:SAD@3,prior_corrected,0.85,0.7,1.0,20
subesco_980,wav2vec2_base,single:SURPRISE@3,prior_corrected,0.7,0.5,0.9,20
subesco_980,wavlm_base_plus,single:*@3,naive,1.0,1.0,1.0,20
subesco_980,wavlm_base_plus,single:ANGRY@3,naive,1.0,1.0,1.0,20
subesco_980,wavlm_base_plus,single:DISGUST@3,naive,1.0,1.0,1.0,20
subesco_980,wavlm_base_plus,single:FEAR@3,naive,1.0,1.0,1.0,20
subesco_980,wavlm_base_plus,single:HAPPY@3,naive,1.0,1.0,1.0,20
subesco_980,wavlm_base_plus,single:NEUTRAL@3,naive,1.0,1.0,1.0,20
subesco_980,wavlm_base_plus,single:SAD@3,naive,1.0,1.0,1.0,20
subesco_980,wavlm_base_plus,single:SURPRISE@3,naive,1.0,1.0,1.0,20
subesco_980,wavlm_base_plus,single:*@3,shrink,0.55,0.35,0.75,20
subesco_980,wavlm_base_plus,single:ANGRY@3,shrink,0.55,0.35,0.75,20
subesco_980,wavlm_base_plus,single:DISGUST@3,shrink,0.6,0.4,0.8,20
subesco_980,wavlm_base_plus,single:FEAR@3,shrink,0.55,0.35,0.75,20
subesco_980,wavlm_base_plus,single:HAPPY@3,shrink,0.55,0.35,0.75,20
subesco_980,wavlm_base_plus,single:NEUTRAL@3,shrink,0.55,0.35,0.75,20
subesco_980,wavlm_base_plus,single:SAD@3,shrink,0.55,0.35,0.75,20
subesco_980,wavlm_base_plus,single:SURPRISE@3,shrink,0.55,0.35,0.75,20
subesco_980,wavlm_base_plus,single:*@3,neutral_filter,0.95,0.85,1.0,20
subesco_980,wavlm_base_plus,single:ANGRY@3,neutral_filter,0.9,0.75,1.0,20
subesco_980,wavlm_base_plus,single:DISGUST@3,neutral_filter,0.8,0.6,0.95,20
subesco_980,wavlm_base_plus,single:FEAR@3,neutral_filter,0.8,0.6,0.95,20
subesco_980,wavlm_base_plus,single:HAPPY@3,neutral_filter,0.75,0.55,0.95,20
subesco_980,wavlm_base_plus,single:NEUTRAL@3,neutral_filter,0.95,0.85,1.0,20
subesco_980,wavlm_base_plus,single:SAD@3,neutral_filter,0.8,0.6,0.95,20
subesco_980,wavlm_base_plus,single:SURPRISE@3,neutral_filter,0.85,0.7,1.0,20
subesco_980,wavlm_base_plus,single:*@3,prior_corrected,0.65,0.45,0.85,20
subesco_980,wavlm_base_plus,single:ANGRY@3,prior_corrected,0.85,0.7,1.0,20
subesco_980,wavlm_base_plus,single:DISGUST@3,prior_corrected,0.8,0.6,0.95,20
subesco_980,wavlm_base_plus,single:FEAR@3,prior_corrected,0.7,0.5,0.9,20
subesco_980,wavlm_base_plus,single:HAPPY@3,prior_corrected,0.65,0.45,0.85,20
subesco_980,wavlm_base_plus,single:NEUTRAL@3,prior_corrected,0.65,0.45,0.85,20
subesco_980,wavlm_base_plus,single:SAD@3,prior_corrected,0.7,0.5,0.9,20
subesco_980,wavlm_base_plus,single:SURPRISE@3,prior_corrected,0.7,0.5,0.9,20
