level,model,b,n_reps,n_speakers,accepted_classes_present,accepted_error,accepted_present_class_uar,accepted_support_0,accepted_support_1,accepted_support_2,accepted_support_3,accepted_support_4,accepted_support_5,accepted_uar,actual_review_rate,coverage,error_capture_rate,n_rejected,n_utts,overall_error_rate,overall_uar,quota_accepted_error,quota_coverage,quota_error_capture_rate,speaker_coverage_min,speaker_coverage_p10,speaker_equal_accepted_error,speaker_risk_undefined_count,speakers_below_0.70,speakers_zero,tau,aurc,oracle_aurc,e_aurc,accepted_support_6,accepted_support_7
cremad,cnn,0.1,3,91,6.0,0.4134752133018407,58.79782985368073,1202.3333333333333,1126.3333333333333,1128.0,1102.3333333333333,978.3333333333334,1156.3333333333333,58.79782985368073,0.09970858551894195,0.9002914144810581,0.1542294886592522,741.3333333333334,7435.0,0.4401255323918403,56.36294680585004,0.41405861897665175,0.902488231338265,0.15097283753620472,0.7886178861788619,0.8524390243902439,0.41344392245659267,0.0,0.0,0.0,0.37765320307968153,0.2884396396305336,0.1160453186065249,0.17239432102400873,,
cremad,cnn,0.2,3,91,6.0,0.38806722689075634,60.91602425206264,1110.6666666666667,990.6666666666666,982.3333333333334,921.6666666666666,897.0,1047.6666666666667,60.91602425206264,0.19973100201748487,0.8002689979825152,0.2943902058455638,1485.0,7435.0,0.4401255323918403,56.36294680585004,0.38760726624317393,0.8045729657027573,0.2914348672070359,0.6910569105691057,0.7311831407787762,0.38791763498267445,0.0,2.3333333333333335,0.0,0.43011115857134324,0.2884396396305336,0.1160453186065249,0.17239432102400873,,
cremad,cnn,0.3,3,91,6.0,0.3628913450556366,62.69392951727505,1016.3333333333334,864.3333333333334,824.3333333333334,738.0,824.6666666666666,938.6666666666666,62.69392951727505,0.2997534185160278,0.7002465814839723,0.4226336369749653,2228.6666666666665,7435.0,0.4401255323918403,56.36294680585004,0.36598820620125544,0.7070611970410222,0.4120458170920744,0.5265984141322895,0.6097560975609756,0.36168565191401364,0.0,45.0,0.0,0.47205586728080157,0.2884396396305336,0.1160453186065249,0.17239432102400873,,
cremad,hubert_base,0.1,3,91,6.0,0.27916951673992,72.21608292297098,1206.0,1111.6666666666667,1136.6666666666667,1124.6666666666667,997.3333333333334,1117.3333333333333,72.21608292297098,0.09970858551894195,0.9002914144810581,0.20211453488491593,741.3333333333334,7435.0,0.3149966375252185,68.85398279442308,0.2804272230501739,0.902488231338265,0.1965617541501322,0.7831621737270004,0.8455284552845529,0.2806242108099615,0.0,0.0,0.0,0.4440804030213347,0.15286218872618404,0.05624023771744618,0.09662195100873784,,
cremad,hubert_base,0.2,3,91,6.0,0.24661064425770307,75.24222332170135,1122.6666666666667,963.3333333333334,1000.3333333333334,1002.3333333333334,907.3333333333334,954.0,75.24222332170135,0.19973100201748487,0.8002689979825152,0.37348829726346616,1485.0,7435.0,0.3149966375252185,68.85398279442308,0.25097514766521783,0.8045729657027573,0.3589778625359395,0.6504065040650406,0.7235772357723578,0.24889903023969037,0.0,6.333333333333333,0.0,0.5185105876499181,0.15286218872618404,0.05624023771744618,0.09662195100873784,,
cremad,hubert_base,0.3,3,91,6.0,0.2128176130799819,78.34391913069895,1033.0,828.0,852.6666666666666,872.3333333333334,823.0,797.3333333333334,78.34391913069895,0.2997534185160278,0.7002465814839723,0.5269369136556125,2228.6666666666665,7435.0,0.3149966375252185,68.85398279442308,0.22186291294147487,0.7070611970410222,0.5020082414979771,0.540650406504065,0.6097560975609756,0.21601573331899573,0.0,44.333333333333336,0.0,0.5906542466187163,0.15286218872618404,0.05624023771744618,0.09662195100873784,,
cremad,resnet_se,0.1,3,91,6.0,0.3836466736194839,61.82040106367222,1194.0,1138.0,1114.6666666666667,1122.0,981.6666666666666,1143.3333333333333,61.82040106367222,0.09970858551894195,0.9002914144810581,0.16328539771095926,741.3333333333334,7435.0,0.41277740416946873,59.1191406987775,0.38455042225534025,0.902488231338265,0.15927614713289548,0.7886178861788617,0.8489410820034126,0.38365674668083183,0.0,0.0,0.0,0.4075867659440422,0.25289215300491713,0.10069408409127145,0.15219806891364573,,
cremad,resnet_se,0.2,3,91,6.0,0.35596638655462187,64.21358943018184,1107.3333333333333,1014.3333333333334,959.6666666666666,948.6666666666666,902.6666666666666,1017.3333333333334,64.21358943018184,0.19973100201748487,0.8002689979825152,0.3099450322668554,1485.0,7435.0,0.41277740416946873,59.1191406987775,0.3587986180764516,0.8045729657027573,0.3007111957886639,0.6666666666666666,0.7276422764227641,0.3558834019486918,0.0,3.3333333333333335,0.0,0.4703264729473462,0.25289215300491713,0.10069408409127145,0.15219806891364573,,
cremad,resnet_se,0.3,3,91,6.0,0.3287668473709369,66.32374351533068,1029.3333333333333,894.0,796.6666666666666,788.3333333333334,831.3333333333334,866.6666666666666,66.32374351533068,0.2997534185160278,0.7002465814839723,0.44235862197592296,2228.6666666666665,7435.0,0.41277740416946873,59.1191406987775,0.3319383678904318,0.7070611970410222,0.4314723430522309,0.5569105691056911,0.6178861788617885,0.3286670255958584,0.0,47.0,0.0,0.5224381332755665,0.25289215300491713,0.10069408409127145,0.15219806891364573,,
cremad,transformer,0.1,3,91,6.0,0.4868279557772493,51.31354167957408,1208.6666666666667,1114.6666666666667,1119.6666666666667,1119.3333333333333,964.0,1167.3333333333333,51.31354167957408,0.09970858551894195,0.9002914144810581,0.13671920104433213,741.3333333333334,7435.0,0.5076888590002242,49.52855553357369,0.4873323397913562,0.902488231338265,0.1337063168391573,0.7877145438121048,0.8495934959349594,0.48670065791594447,0.0,0.0,0.0,0.35338983529884566,0.3703929687523355,0.15953038795888627,0.21086258079344922,,
cremad,transformer,0.2,3,91,6.0,0.46560224089635854,53.03482801522092,1129.6666666666667,973.6666666666666,959.3333333333334,974.0,855.6666666666666,1057.6666666666667,53.03482801522092,0.19973100201748487,0.8002689979825152,0.2660898542632535,1485.0,7435.0,0.5076888590002242,49.52855553357369,0.4674579293435863,0.8045729657027573,0.2592126623389393,0.6545380407507778,0.7276422764227641,0.4649312202322963,0.0,4.333333333333333,0.0,0.39986067517355267,0.3703929687523355,0.15953038795888627,0.21086258079344922,,
cremad,transformer,0.3,3,91,6.0,0.4461870444750107,54.47940715708987,1038.3333333333333,836.6666666666666,817.6666666666666,818.6666666666666,748.3333333333334,946.6666666666666,54.47940715708987,0.2997534185160278,0.7002465814839723,0.38459543297912785,2228.6666666666665,7435.0,0.5076888590002242,49.52855553357369,0.4473400545304673,0.7070611970410222,0.3770257054920969,0.5203252032520326,0.6163885323063757,0.4448420845007559,0.0,47.666666666666664,0.0,0.44131485285959116,0.3703929687523355,0.15953038795888627,0.21086258079344922,,
cremad,wav2vec2_base,0.1,3,91,6.0,0.35690454583689313,64.42618801941866,1196.0,1143.3333333333333,1135.0,1118.6666666666667,953.3333333333334,1147.3333333333333,64.42618801941866,0.09970858551894195,0.9002914144810581,0.16951864194141997,741.3333333333334,7435.0,0.38690876485093034,61.51856471815609,0.35772478887232984,0.902488231338265,0.1655761092955872,0.7834830979888746,0.8414634146341463,0.3569851607262578,0.0,0.0,0.0,0.39966794560496705,0.22878349262399877,0.08730307562852106,0.14148041699547773,,
cremad,wav2vec2_base,0.2,3,91,6.0,0.3292997198879552,67.01272396495087,1121.6666666666667,993.0,1008.6666666666666,968.3333333333334,837.6666666666666,1020.6666666666666,67.01272396495087,0.19973100201748487,0.8002689979825152,0.31888912263785535,1485.0,7435.0,0.38690876485093034,61.51856471815609,0.33121586983171736,0.8045729657027573,0.31122898740963073,0.6254813863928113,0.7073170731707318,0.32942030438737596,0.0,8.0,0.0,0.4676310845479992,0.22878349262399877,0.08730307562852106,0.14148041699547773,,
cremad,wav2vec2_base,0.3,3,91,6.0,0.30040375084388876,69.67820766128004,1046.3333333333333,851.3333333333334,881.6666666666666,826.0,721.0,880.0,69.67820766128004,0.2997534185160278,0.7002465814839723,0.4563234281474701,2228.6666666666665,7435.0,0.38690876485093034,61.51856471815609,0.30397565151226935,0.7070611970410222,0.4444873469723974,0.5131578947368421,0.6016260162601625,0.2998230823937739,0.0,46.666666666666664,0.0,0.5252487734182938,0.22878349262399877,0.08730307562852106,0.14148041699547773,,
cremad,wavlm_base_plus,0.1,3,91,6.0,0.28106169902860395,72.0391027306239,1206.6666666666667,1124.0,1127.3333333333333,1109.3333333333333,995.6666666666666,1130.6666666666667,72.0391027306239,0.09970858551894195,0.9002914144810581,0.1989392341943912,741.3333333333334,7435.0,0.3158932974669357,68.77248505679408,0.284401390958768,0.902488231338265,0.1874303796151918,0.7804878048780489,0.8455284552845529,0.28236761225037316,0.0,0.0,0.0,0.43976164822625324,0.15604687999367892,0.05655232741373358,0.09949455257994531,,
cremad,wavlm_base_plus,0.2,3,91,6.0,0.24941176470588233,74.92148708125882,1135.0,978.3333333333334,981.6666666666666,965.0,911.6666666666666,978.3333333333334,74.92148708125882,0.19973100201748487,0.8002689979825152,0.3680943744580329,1485.0,7435.0,0.3158932974669357,68.77248505679408,0.25454140198372893,0.8045729657027573,0.35163019145315055,0.6260162601626016,0.7276422764227641,0.251688798137321,0.0,6.666666666666667,0.0,0.5170775947656504,0.15604687999367892,0.05655232741373358,0.09949455257994531,,
cremad,wavlm_base_plus,0.3,3,91,6.0,0.2164667808435717,77.9025961751315,1049.6666666666667,845.3333333333334,830.6666666666666,833.0,828.3333333333334,819.3333333333334,77.9025961751315,0.2997534185160278,0.7002465814839723,0.5200977825431372,2228.6666666666665,7435.0,0.3158932974669357,68.77248505679408,0.22243358062266183,0.7070611970410222,0.5020817528182467,0.4796747967479675,0.605691056910569,0.21925275449580206,0.0,47.666666666666664,0.0,0.5915893363486869,0.15604687999367892,0.05655232741373358,0.09949455257994531,,
cremad,wavlm_base_plus_ft,0.1,2,91,6.0,0.2838362712877204,71.4862552977905,1209.5,1134.5,1081.0,1102.5,1035.0,1131.5,71.4862552977905,0.09966375252185608,0.9003362474781439,0.19785351589258804,741.0,7435.0,0.31856086079354407,68.60170786221958,0.2862891207153502,0.902488231338265,0.18899207083162078,0.7987804878048781,0.8414634146341463,0.2850163231140302,0.0,0.0,0.0,0.47652667439418916,0.15981905781820938,0.05790779727845677,0.10191126053975262,,
cremad,wavlm_base_plus_ft,0.2,2,91,6.0,0.2536974789915966,73.97263939464874,1140.0,994.0,916.0,945.0,969.0,986.0,73.97263939464874,0.19973100201748487,0.8002689979825152,0.36264679879093026,1485.0,7435.0,0.31856086079354407,68.60170786221958,0.25468070879304583,0.8045729657027573,0.3567430041786546,0.6463414634146342,0.7134146341463414,0.2548321454458541,0.0,5.5,0.0,0.558030543508071,0.15981905781820938,0.05790779727845677,0.10191126053975262,,
cremad,wavlm_base_plus_ft,0.3,2,91,6.0,0.2219128096792779,76.40575610711542,1072.5,852.0,736.0,801.0,913.0,832.5,76.40575610711542,0.29966375252185606,0.7003362474781439,0.5122654323366215,2228.0,7435.0,0.31856086079354407,68.60170786221958,0.2266501807114324,0.7070611970410222,0.49688206432388,0.5365853658536586,0.6036585365853658,0.22349020030341743,0.0,44.5,0.0,0.6441320774843753,0.15981905781820938,0.05790779727845677,0.10191126053975262,,
ravdess,cnn,0.1,9,24,8.0,0.5806755829903979,42.52004780381909,85.55555555555556,183.22222222222223,169.11111111111111,166.33333333333334,180.77777777777777,169.88888888888889,42.52004780381909,0.09937456567060458,0.9006254343293956,0.12813719034994764,143.0,1439.0,0.5998764574164157,41.02831254847779,0.5794753086419753,0.9006254343293956,0.12997747869477216,0.7995919648462021,0.8424482109227872,0.579590143838278,0.0,0.0,0.0,0.28327671826895795,0.4382928891754291,0.23784584881215937,0.20044704036326974,177.22222222222223,163.88888888888889
ravdess,cnn,0.2,9,24,8.0,0.560570987654321,43.91619067654177,74.55555555555556,170.88888888888889,145.44444444444446,143.22222222222223,165.0,149.33333333333334,43.91619067654177,0.19944405837387075,0.8005559416261293,0.2518761088565801,287.0,1439.0,0.5998764574164157,41.02831254847779,0.560281635802469,0.8005559416261293,0.2522874112293282,0.6642498430634024,0.715332705586943,0.5579373535834551,0.0,1.6666666666666667,0.0,0.32845925910096174,0.4382928891754291,0.23784584881215937,0.20044704036326974,166.11111111111111,137.44444444444446
ravdess,cnn,0.3,9,24,8.0,0.5405643738977072,44.81915931106391,63.888888888888886,159.88888888888889,120.55555555555556,121.55555555555556,150.55555555555554,126.88888888888889,44.81915931106391,0.2995135510771369,0.700486448922863,0.3687889194823742,431.0,1439.0,0.5998764574164157,41.02831254847779,0.5383597883597884,0.700486448922863,0.3713434371769511,0.5111111111111112,0.6020495919648462,0.5359654353131491,0.0,10.88888888888889,0.0,0.3666568221665421,0.4382928891754291,0.23784584881215937,0.20044704036326974,151.33333333333334,113.33333333333333
ravdess,hubert_base,0.1,3,24,8.0,0.3101851851851852,68.78027908582347,90.66666666666667,179.66666666666666,166.0,165.0,181.66666666666666,161.0,68.78027908582347,0.09937456567060458,0.9006254343293955,0.1879816685372241,143.0,1439.0,0.3439888811674774,65.90166430337406,0.3076131687242798,0.9006254343293955,0.1947544225322003,0.8257062146892656,0.8516666666666666,0.3100608828245492,0.0,0.0,0.0,0.39971971068611295,0.17041102397092758,0.07060298779589093,0.09980803617503668,179.33333333333334,172.66666666666666
ravdess,hubert_base,0.2,3,24,8.0,0.27372685185185186,71.99637760127233,81.33333333333333,166.0,143.66666666666666,136.0,170.0,136.33333333333334,71.99637760127233,0.19944405837387072,0.8005559416261293,0.3632390928687225,287.0,1439.0,0.3439888811674774,65.90166430337406,0.2734375,0.8005559416261293,0.36381495733347585,0.6704331450094161,0.7216666666666667,0.27480599081003376,0.0,1.6666666666666667,0.0,0.47912686718921665,0.17041102397092758,0.07060298779589093,0.09980803617503668,167.33333333333334,151.33333333333334
ravdess,hubert_base,0.3,3,24,8.0,0.2380952380952381,75.43585725808589,67.66666666666667,144.66666666666666,124.33333333333333,110.33333333333333,156.66666666666666,115.0,75.43585725808589,0.2995135510771369,0.700486448922863,0.515375536671833,431.0,1439.0,0.3439888811674774,65.90166430337406,0.2427248677248677,0.700486448922863,0.5058984910836762,0.5530131826741996,0.6026553672316385,0.2397801667027973,0.0,12.333333333333334,0.0,0.5558910668087703,0.17041102397092758,0.07060298779589093,0.09980803617503668,154.33333333333334,135.0
ravdess,resnet_se,0.1,3,24,8.0,0.5262345679012346,47.52941484180369,82.0,178.33333333333334,169.0,167.0,181.66666666666666,169.66666666666666,47.52941484180369,0.09937456567060458,0.9006254343293955,0.13556296649614621,143.0,1439.0,0.5482974287699791,45.63370327952298,0.5241769547325102,0.9006254343293955,0.13892928351453696,0.7944444444444444,0.8436346516007532,0.5271498594877119,0.0,0.0,0.0,0.3151747912200152,0.37292251885079136,0.19290480829831602,0.1800177105524754,177.0,171.33333333333334
ravdess,resnet_se,0.2,3,24,8.0,0.4976851851851852,49.356843385294745,69.66666666666667,168.0,140.0,138.33333333333334,166.66666666666666,150.33333333333334,49.356843385294745,0.19944405837387072,0.8005559416261293,0.27331724163521404,287.0,1439.0,0.5482974287699791,45.63370327952298,0.5008680555555555,0.8005559416261293,0.2686945662176077,0.6555555555555554,0.7122222222222222,0.4994439935740072,0.0,2.0,0.0,0.3708468956694954,0.37292251885079136,0.19290480829831602,0.1800177105524754,169.66666666666666,149.33333333333334
ravdess,resnet_se,0.3,3,24,8.0,0.4702380952380953,51.13233363538597,59.0,155.66666666666666,113.66666666666667,117.66666666666667,153.66666666666666,128.0,51.13233363538597,0.2995135510771369,0.700486448922863,0.39924044417131976,431.0,1439.0,0.5482974287699791,45.63370327952298,0.47685185185185186,0.700486448922863,0.3907025695620166,0.55,0.5811111111111112,0.47133362523528555,0.0,11.0,0.0,0.4223502426036825,0.37292251885079136,0.19290480829831602,0.1800177105524754,155.0,125.33333333333333
ravdess,transformer,0.1,3,24,8.0,0.6021090534979424,39.89805927637107,78.33333333333333,177.0,172.66666666666666,166.33333333333334,180.33333333333334,174.0,39.89805927637107,0.09937456567060458,0.9006254343293955,0.11933096703211647,143.0,1439.0,0.6157053509381515,38.77663248981966,0.6008230452674898,0.9006254343293955,0.12118828223141657,0.7888888888888889,0.835,0.6005497917893482,0.0,0.0,0.0,0.2917263783741683,0.4837268496305063,0.2530979477776456,0.2306289018528607,174.66666666666666,172.66666666666666
ravdess,transformer,0.2,3,24,8.0,0.5804398148148148,41.96978255621666,63.666666666666664,160.66666666666666,154.66666666666666,147.0,166.66666666666666,154.66666666666666,41.96978255621666,0.19944405837387072,0.8005559416261293,0.24538240132727837,287.0,1439.0,0.6157053509381515,38.77663248981966,0.5830439814814815,0.8005559416261293,0.24199897522107383,0.6388888888888888,0.7277777777777777,0.5776581580159661,0.0,1.3333333333333333,0.0,0.3373862363446012,0.4837268496305063,0.2530979477776456,0.2306289018528607,156.0,148.66666666666666
ravdess,transformer,0.3,3,24,8.0,0.5608465608465608,43.55150419736787,53.666666666666664,144.66666666666666,130.33333333333334,125.0,150.33333333333334,134.33333333333334,43.55150419736787,0.2995135510771369,0.700486448922863,0.3619456686444698,431.0,1439.0,0.6157053509381515,38.77663248981966,0.5582010582010581,0.700486448922863,0.36500802648374026,0.5277777777777778,0.6099623352165725,0.5581259717473883,0.0,11.0,0.0,0.37553448284127317,0.4837268496305063,0.2530979477776456,0.2306289018528607,139.33333333333334,130.33333333333334
ravdess,wav2vec2_base,0.1,3,24,8.0,0.43544238683127573,55.735457289952876,86.0,180.66666666666666,168.33333333333334,168.33333333333334,178.33333333333334,170.0,55.735457289952876,0.09937456567060458,0.9006254343293955,0.15229519607493894,143.0,1439.0,0.4625897614083854,53.32463005381036,0.4367283950617284,0.9006254343293955,0.14966939265481616,0.8277777777777778,0.85,0.43411443696892316,0.0,0.0,0.0,0.35081807701441897,0.30529112670179437,0.13255949620374996,0.1727316304980444,171.33333333333334,173.0
ravdess,wav2vec2_base,0.2,3,24,8.0,0.4140625,57.68665007417115,74.0,163.66666666666666,145.66666666666666,148.0,164.33333333333334,151.0,57.68665007417115,0.19944405837387072,0.8005559416261293,0.283393377448993,287.0,1439.0,0.4625897614083854,53.32463005381036,0.41290509259259256,0.8005559416261293,0.28539818029971736,0.6944444444444443,0.7244350282485875,0.41052774893037025,0.0,0.3333333333333333,0.0,0.4173952769566173,0.30529112670179437,0.13255949620374996,0.1727316304980444,152.0,153.33333333333334
ravdess,wav2vec2_base,0.3,3,24,8.0,0.3872354497354497,60.020806100403256,63.0,147.33333333333334,122.0,130.0,150.0,132.33333333333334,60.020806100403256,0.2995135510771369,0.700486448922863,0.4136755378610408,431.0,1439.0,0.4625897614083854,53.32463005381036,0.3882275132275132,0.700486448922863,0.41215990880577297,0.5444444444444444,0.6167514124293785,0.3816168013833125,0.0,11.666666666666666,0.0,0.47309232679864244,0.30529112670179437,0.13255949620374996,0.1727316304980444,134.0,129.33333333333334
ravdess,wavlm_base_plus,0.1,3,24,8.0,0.3220164609053498,68.13812995330868,90.33333333333333,179.0,159.66666666666666,165.66666666666666,180.33333333333334,170.0,68.13812995330868,0.09937456567060458,0.9006254343293955,0.1901846331201306,143.0,1439.0,0.3581190641649294,65.11711932809773,0.3256172839506173,0.9006254343293955,0.1811338963149726,0.8166666666666668,0.8477777777777779,0.32157932450589993,0.0,0.0,0.0,0.38237237690165077,0.19444763632699272,0.07579432894852943,0.1186533073784633,176.0,175.0
ravdess,wavlm_base_plus,0.2,3,24,8.0,0.2922453703703704,70.53585106219118,84.66666666666667,161.66666666666666,135.0,135.0,170.0,153.0,70.53585106219118,0.19944405837387072,0.8005559416261293,0.34667543812880464,287.0,1439.0,0.3581190641649294,65.11711932809773,0.2913773148148148,0.8005559416261293,0.34863490856415225,0.65,0.7294444444444445,0.2901703338390265,0.0,1.3333333333333333,0.0,0.46192289128646863,0.19444763632699272,0.07579432894852943,0.1186533073784633,160.33333333333334,152.33333333333334
ravdess,wavlm_base_plus,0.3,3,24,8.0,0.26091269841269843,73.22022931616085,74.33333333333333,142.33333333333334,110.33333333333333,113.33333333333333,157.66666666666666,134.33333333333334,73.22022931616085,0.2995135510771369,0.700486448922863,0.48963203850791137,431.0,1439.0,0.3581190641649294,65.11711932809773,0.25793650793650796,0.700486448922863,0.49548379898549416,0.5388888888888889,0.6016666666666667,0.2580521422311068,0.0,10.0,0.0,0.5300912688437656,0.19444763632699272,0.07579432894852943,0.1186533073784633,144.33333333333334,131.33333333333334
ravdess,wavlm_base_plus_ft,0.1,2,24,8.0,0.3746141975308642,62.19854897047139,87.0,177.0,169.0,168.5,182.0,159.5,62.19854897047139,0.09937456567060458,0.9006254343293955,0.16768588480874957,143.0,1439.0,0.4054899235580264,59.566903904886566,0.3726851851851852,0.9006254343293955,0.17216505453797076,0.8083333333333333,0.8463276836158192,0.3753780492766344,0.0,0.0,0.0,0.4252980636898599,0.23892293897569022,0.10010945538699764,0.1388134835886926,180.0,173.0
ravdess,wavlm_base_plus_ft,0.2,2,24,8.0,0.3446180555555556,64.5005431119685,80.0,162.5,137.5,147.5,171.0,131.0,64.5005431119685,0.19944405837387075,0.8005559416261293,0.31931908387969304,287.0,1439.0,0.4054899235580264,59.566903904886566,0.3511284722222222,0.8005559416261293,0.30637109340546265,0.6916666666666667,0.7351977401129943,0.34526560108503246,0.0,0.5,0.0,0.502488335670507,0.23892293897569022,0.10010945538699764,0.1388134835886926,169.5,153.0
ravdess,wavlm_base_plus_ft,0.3,2,24,8.0,0.3134920634920635,66.63995471139104,68.0,148.5,113.0,118.5,161.0,110.5,66.63995471139104,0.2995135510771369,0.700486448922863,0.458221856349043,431.0,1439.0,0.4054899235580264,59.566903904886566,0.31646825396825395,0.700486448922863,0.4529121218357687,0.5416666666666667,0.6108333333333333,0.31576031875784905,0.0,11.0,0.0,0.5720093763221796,0.23892293897569022,0.10010945538699764,0.1388134835886926,156.5,132.0
subesco_980,cnn,0.1,9,20,7.0,0.5856873822975518,40.6129879747126,130.77777777777777,119.22222222222223,125.55555555555556,126.33333333333333,134.44444444444446,130.0,40.6129879747126,0.09693877551020408,0.9030612244897959,0.12210681795395072,95.0,980.0,0.6024943310657597,39.75056689342404,0.588888888888889,0.9183673469387755,0.10238123254117765,0.7959183673469388,0.8471655328798186,0.5858889184804534,0.0,0.0,0.0,0.27901579971102564,0.4992222666003244,0.2400778370384003,0.25914442956192413,118.66666666666667,
subesco_980,cnn,0.2,9,20,7.0,0.5673036093418259,41.34150535131422,118.55555555555556,98.88888888888889,111.77777777777777,109.88888888888889,129.11111111111111,120.33333333333333,41.34150535131422,0.1989795918367347,0.8010204081632653,0.24564918332656743,195.0,980.0,0.6024943310657597,39.75056689342404,0.5704166666666667,0.8163265306122449,0.22706902400076537,0.655328798185941,0.719501133786848,0.5671033589179699,0.0,1.6666666666666667,0.0,0.31644454753233153,0.4992222666003244,0.2400778370384003,0.25914442956192413,96.44444444444444,
subesco_980,cnn,0.3,9,20,7.0,0.5470209339774558,42.127557870673776,107.44444444444444,82.0,100.44444444444444,93.22222222222223,121.0,110.0,42.127557870673776,0.29591836734693877,0.7040816326530612,0.360681892585004,290.0,980.0,0.6024943310657597,39.75056689342404,0.5487301587301587,0.7142857142857143,0.3494189297507399,0.5328798185941043,0.5981859410430839,0.5461707997349244,0.0,9.88888888888889,0.0,0.35240879743605885,0.4992222666003244,0.2400778370384003,0.25914442956192413,75.88888888888889,
subesco_980,hubert_base,0.1,3,20,7.0,0.4105461393596987,58.46313540877703,129.0,120.33333333333333,130.0,123.33333333333333,133.66666666666666,128.66666666666666,58.46313540877703,0.09693877551020408,0.9030612244897959,0.1463378293291487,95.0,980.0,0.4343537414965986,56.56462585034014,0.4137037037037037,0.9183673469387755,0.12522445702899496,0.8095238095238096,0.8428571428571429,0.41196111313160183,0.0,0.0,0.0,0.36006998456353356,0.2893830706977814,0.11532279115021125,0.1740602795475702,120.0,
subesco_980,hubert_base,0.2,3,20,7.0,0.38343949044585984,60.48279488267877,117.33333333333333,98.0,117.33333333333333,107.66666666666667,127.33333333333333,116.0,60.48279488267877,0.19897959183673466,0.8010204081632653,0.2927686977067575,195.0,980.0,0.4343537414965986,56.56462585034014,0.38999999999999996,0.8163265306122449,0.26690955493110596,0.673469387755102,0.7319727891156461,0.38626741080193633,0.0,1.3333333333333333,0.0,0.42536638674980215,0.2893830706977814,0.11532279115021125,0.1740602795475702,101.33333333333333,
subesco_980,hubert_base,0.3,3,20,7.0,0.35942028985507246,62.324661185123716,102.66666666666667,82.33333333333333,106.0,93.0,119.66666666666667,100.66666666666667,62.324661185123716,0.29591836734693877,0.7040816326530613,0.41713323814942704,290.0,980.0,0.4343537414965986,56.56462585034014,0.3623809523809524,0.7142857142857143,0.4037857310973632,0.5782312925170068,0.6108843537414966,0.36174499888803907,0.0,9.333333333333334,0.0,0.4808183803168536,0.2893830706977814,0.11532279115021125,0.1740602795475702,85.66666666666667,
subesco_980,resnet_se,0.1,3,20,7.0,0.5408662900188324,45.35643459087667,130.66666666666666,122.33333333333333,122.0,126.0,133.33333333333334,127.33333333333333,45.35643459087667,0.09693877551020408,0.9030612244897959,0.1274660470680399,95.0,980.0,0.5595238095238095,44.04761904761906,0.5448148148148148,0.9183673469387755,0.10618879147577114,0.8027210884353742,0.8489795918367347,0.5410890209320477,0.0,0.0,0.0,0.31131577783236714,0.4462261377141628,0.20293013682827157,0.24329600088589123,123.33333333333333,
subesco_980,resnet_se,0.2,3,20,7.0,0.5231422505307856,46.8069340081613,114.33333333333333,103.0,110.33333333333333,104.33333333333333,124.33333333333333,118.66666666666667,46.8069340081613,0.19897959183673466,0.8010204081632653,0.2517671982940776,195.0,980.0,0.5595238095238095,44.04761904761906,0.5245833333333333,0.8163265306122449,0.2351820556136832,0.6666666666666666,0.7312925170068026,0.523832350580319,0.0,1.3333333333333333,0.0,0.3560180884702515,0.4462261377141628,0.20293013682827157,0.24329600088589123,110.0,
subesco_980,resnet_se,0.3,3,20,7.0,0.5033816425120773,47.791314763988545,103.33333333333333,84.0,100.66666666666667,84.66666666666667,118.33333333333333,106.33333333333333,47.791314763988545,0.29591836734693877,0.7040816326530613,0.36730025105748326,290.0,980.0,0.5595238095238095,44.04761904761906,0.5052380952380952,0.7142857142857143,0.3556634368395975,0.564625850340136,0.6095238095238095,0.5029215764102076,0.0,10.333333333333334,0.0,0.3962397647145471,0.4462261377141628,0.20293013682827157,0.24329600088589123,92.66666666666667,
subesco_980,transformer,0.1,3,20,7.0,0.6033898305084745,39.06294727335805,126.33333333333333,124.0,124.0,126.0,136.33333333333334,130.0,39.06294727335805,0.09693877551020408,0.9030612244897959,0.12138548183452195,95.0,980.0,0.6200680272108844,37.993197278911566,0.6103703703703703,0.9183673469387755,0.09606744815577113,0.7755102040816326,0.8421768707482994,0.6029598025399363,0.0,0.0,0.0,0.2872185584337127,0.5026247235467619,0.25659112832939895,0.24603359521736298,118.33333333333333,
subesco_980,transformer,0.2,3,20,7.0,0.5825902335456475,40.21967014749664,114.33333333333333,104.0,110.0,109.33333333333333,130.0,120.66666666666667,40.21967014749664,0.19897959183673466,0.8010204081632653,0.2475776764013209,195.0,980.0,0.6200680272108844,37.993197278911566,0.5858333333333333,0.8163265306122449,0.22890977811151716,0.6530612244897959,0.7054421768707483,0.5816536290775383,0.0,2.0,0.0,0.3257047651111004,0.5026247235467619,0.25659112832939895,0.24603359521736298,96.66666666666667,
subesco_980,transformer,0.3,3,20,7.0,0.5599033816425121,40.87289136191588,105.0,82.33333333333333,95.0,94.33333333333333,126.66666666666667,108.66666666666667,40.87289136191588,0.29591836734693877,0.7040816326530613,0.36434029611845303,290.0,980.0,0.6200680272108844,37.993197278911566,0.5604761904761905,0.7142857142857143,0.3545134421495897,0.54421768707483,0.5959183673469387,0.5571384939456677,0.0,10.666666666666666,0.0,0.35958645273044443,0.5026247235467619,0.25659112832939895,0.24603359521736298,78.0,
subesco_980,wav2vec2_base,0.1,3,20,7.0,0.44745762711864406,54.82192340873067,125.33333333333333,122.33333333333333,128.33333333333334,122.33333333333333,136.0,127.33333333333333,54.82192340873067,0.09693877551020408,0.9030612244897959,0.14782256377083963,95.0,980.0,0.4741496598639456,52.585034013605444,0.45481481481481484,0.9183673469387755,0.1191047936737592,0.7959183673469387,0.8482993197278912,0.44824688196305346,0.0,0.0,0.0,0.3496192636602346,0.3200230783760433,0.13854579176527984,0.18147728661076348,123.33333333333333,
subesco_980,wav2vec2_base,0.2,3,20,7.0,0.42080679405520166,56.754969678207914,115.66666666666667,100.0,112.33333333333333,107.66666666666667,128.66666666666666,112.66666666666667,56.754969678207914,0.19897959183673466,0.8010204081632653,0.28920106075278484,195.0,980.0,0.4741496598639456,52.585034013605444,0.43041666666666667,0.8163265306122449,0.259015569360397,0.6802721088435374,0.7258503401360544,0.4230339160992777,0.0,1.0,0.0,0.4058822428309359,0.3200230783760433,0.13854579176527984,0.18147728661076348,108.0,
subesco_980,wav2vec2_base,0.3,3,20,7.0,0.406280193236715,57.70891362718047,103.33333333333333,87.0,99.0,90.0,120.33333333333333,100.66666666666667,57.70891362718047,0.29591836734693877,0.7040816326530613,0.3967988429195326,290.0,980.0,0.4741496598639456,52.585034013605444,0.41523809523809524,0.7142857142857143,0.37455599955599955,0.5510204081632654,0.6095238095238095,0.4097393902141826,0.0,9.666666666666666,0.0,0.466400707204552,0.3200230783760433,0.13854579176527984,0.18147728661076348,89.66666666666667,
subesco_980,wavlm_base_plus,0.1,3,20,7.0,0.4274952919020716,56.791558552469176,129.66666666666666,121.0,127.33333333333333,126.33333333333333,133.66666666666666,129.33333333333334,56.791558552469176,0.09693877551020408,0.9030612244897959,0.14986438080241304,95.0,980.0,0.45408163265306123,54.59183673469388,0.42962962962962964,0.9183673469387755,0.1310984794870554,0.8367346938775512,0.8557823129251699,0.427654414551286,0.0,0.0,0.0,0.3637631741426139,0.2940323461201357,0.12795327998471126,0.16607906613542445,117.66666666666667,
subesco_980,wavlm_base_plus,0.2,3,20,7.0,0.40212314225053075,58.99684012044435,117.0,104.33333333333333,115.66666666666667,106.33333333333333,125.33333333333333,116.66666666666667,58.99684012044435,0.19897959183673466,0.8010204081632653,0.29066749533800496,195.0,980.0,0.45408163265306123,54.59183673469388,0.40625,0.8163265306122449,0.2696945400993613,0.7074829931972789,0.7333333333333334,0.4022521271403073,0.0,0.3333333333333333,0.0,0.4295371651997473,0.2940323461201357,0.12795327998471126,0.16607906613542445,99.66666666666667,
subesco_980,wavlm_base_plus,0.3,3,20,7.0,0.3739130434782609,61.19357143771518,102.66666666666667,83.33333333333333,102.33333333333333,92.0,115.66666666666667,108.0,61.19357143771518,0.29591836734693877,0.7040816326530613,0.4202391277591068,290.0,980.0,0.45408163265306123,54.59183673469388,0.37809523809523804,0.7142857142857143,0.4052842006464435,0.5714285714285715,0.6163265306122448,0.37546492204871634,0.0,9.666666666666666,0.0,0.48760520827339254,0.2940323461201357,0.12795327998471126,0.16607906613542445,86.0,
subesco_980,wavlm_base_plus_ft,0.1,2,20,7.0,0.4497175141242938,54.22819771808831,123.5,119.5,131.5,123.0,137.5,131.5,54.22819771808831,0.09693877551020408,0.9030612244897959,0.13408376764541147,95.0,980.0,0.4688775510204082,53.11224489795919,0.45333333333333337,0.9183673469387755,0.11206912919241686,0.8367346938775511,0.846938775510204,0.44892898915598123,0.0,0.0,0.0,0.33480656075053705,0.32700574968645857,0.1372373969711553,0.1897683527153033,118.5,
subesco_980,wavlm_base_plus_ft,0.2,2,20,7.0,0.4286624203821656,54.96438232908711,108.0,95.5,123.0,101.5,135.5,123.0,54.96438232908711,0.1989795918367347,0.8010204081632653,0.2674531749874216,195.0,980.0,0.4688775510204082,53.11224489795919,0.43,0.8163265306122449,0.25124835056341904,0.6836734693877551,0.7142857142857143,0.4259963815103235,0.0,1.0,0.0,0.41287530526032906,0.32700574968645857,0.1372373969711553,0.1897683527153033,98.5,
subesco_980,wavlm_base_plus_ft,0.3,2,20,7.0,0.3978260869565217,56.7899243286908,89.5,75.0,112.5,86.0,132.0,109.5,56.7899243286908,0.29591836734693877,0.7040816326530612,0.4024743922004196,290.0,980.0,0.4688775510204082,53.11224489795919,0.3992857142857143,0.7142857142857143,0.39167117591775125,0.5918367346938775,0.6020408163265306,0.3940280353762814,0.0,9.5,0.0,0.47123554109598736,0.32700574968645857,0.1372373969711553,0.1897683527153033,85.5,
