level,model,b,class_index,class_label,rejected_count,rejected_share,class_share_overall,class_rejection_rate
cremad,cnn,0.1,0,angry,66.66666666666667,0.08972633467922836,0.17081371889710828,0.05249343832020997
cremad,cnn,0.1,1,disgust,143.0,0.19246298788694483,0.17081371889710828,0.11259842519685039
cremad,cnn,0.1,2,fearful,144.66666666666666,0.19470614625392554,0.17081371889710828,0.11391076115485566
cremad,cnn,0.1,3,happy,165.66666666666666,0.22296994167788245,0.17081371889710828,0.1304461942257218
cremad,cnn,0.1,4,neutral,107.66666666666667,0.1449080305069538,0.14606590450571622,0.09914057704112954
cremad,cnn,0.1,5,sad,115.33333333333333,0.15522655899506504,0.1706792199058507,0.09088521145258732
cremad,cnn,0.2,0,angry,157.33333333333334,0.10580587312261824,0.17081371889710828,0.12388451443569555
cremad,cnn,0.2,1,disgust,278.6666666666667,0.1874019278188747,0.17081371889710828,0.2194225721784777
cremad,cnn,0.2,2,fearful,286.0,0.19233355749831874,0.17081371889710828,0.22519685039370077
cremad,cnn,0.2,3,happy,350.0,0.23537323470073976,0.17081371889710828,0.2755905511811024
cremad,cnn,0.2,4,neutral,191.66666666666666,0.12889486662183366,0.14606590450571622,0.17648864333947203
cremad,cnn,0.2,5,sad,223.33333333333334,0.15019054023761488,0.1706792199058507,0.17599159443131074
cremad,cnn,0.3,0,angry,252.66666666666666,0.1133034379671151,0.17081371889710828,0.1989501312335958
cremad,cnn,0.3,1,disgust,408.6666666666667,0.18325859491778776,0.17081371889710828,0.32178477690288715
cremad,cnn,0.3,2,fearful,445.3333333333333,0.19970104633781763,0.17081371889710828,0.3506561679790026
cremad,cnn,0.3,3,happy,530.3333333333334,0.23781763826606875,0.17081371889710828,0.41758530183727033
cremad,cnn,0.3,4,neutral,260.3333333333333,0.11674140508221226,0.14606590450571622,0.23971761817065684
cremad,cnn,0.3,5,sad,332.6666666666667,0.1491778774289985,0.1706792199058507,0.26214867349619125
cremad,hubert_base,0.1,0,angry,66.0,0.08882907133243607,0.17081371889710828,0.05196850393700788
cremad,hubert_base,0.1,1,disgust,158.66666666666666,0.21354867653656348,0.17081371889710828,0.12493438320209975
cremad,hubert_base,0.1,2,fearful,130.33333333333334,0.17541498429789146,0.17081371889710828,0.1026246719160105
cremad,hubert_base,0.1,3,happy,147.0,0.19784656796769853,0.17081371889710828,0.115748031496063
cremad,hubert_base,0.1,4,neutral,89.66666666666667,0.12068192014356212,0.14606590450571622,0.08256599140577041
cremad,hubert_base,0.1,5,sad,151.33333333333334,0.20367877972184834,0.1706792199058507,0.11925400577882848
cremad,hubert_base,0.2,0,angry,147.0,0.0988567585743107,0.17081371889710828,0.115748031496063
cremad,hubert_base,0.2,1,disgust,303.3333333333333,0.20399013674064112,0.17081371889710828,0.2388451443569554
cremad,hubert_base,0.2,2,fearful,269.6666666666667,0.18134947321228423,0.17081371889710828,0.21233595800524938
cremad,hubert_base,0.2,3,happy,271.3333333333333,0.1824702981394306,0.17081371889710828,0.2136482939632546
cremad,hubert_base,0.2,4,neutral,180.33333333333334,0.12127325711723828,0.14606590450571622,0.16605279312461632
cremad,hubert_base,0.2,5,sad,315.3333333333333,0.21206007621609504,0.1706792199058507,0.2484896243761492
cremad,hubert_base,0.3,0,angry,234.66666666666666,0.10523168908819132,0.17081371889710828,0.1847769028871391
cremad,hubert_base,0.3,1,disgust,441.3333333333333,0.19790732436472347,0.17081371889710828,0.34750656167979005
cremad,hubert_base,0.3,2,fearful,415.6666666666667,0.18639760837070254,0.17081371889710828,0.32729658792650923
cremad,hubert_base,0.3,3,happy,400.3333333333333,0.1795216741405082,0.17081371889710828,0.3152230971128609
cremad,hubert_base,0.3,4,neutral,265.6666666666667,0.11913303437967115,0.14606590450571622,0.24462860650705953
cremad,hubert_base,0.3,5,sad,472.3333333333333,0.2118086696562033,0.1706792199058507,0.37220908852114526
cremad,resnet_se,0.1,0,angry,73.66666666666667,0.09914759982054733,0.17081371889710828,0.05800524934383202
cremad,resnet_se,0.1,1,disgust,133.0,0.17900403768506057,0.17081371889710828,0.10472440944881889
cremad,resnet_se,0.1,2,fearful,157.0,0.21130551816958276,0.17081371889710828,0.1236220472440945
cremad,resnet_se,0.1,3,happy,144.66666666666666,0.19470614625392554,0.17081371889710828,0.11391076115485564
cremad,resnet_se,0.1,4,neutral,106.33333333333333,0.1431135038133692,0.14606590450571622,0.09791282995702884
cremad,resnet_se,0.1,5,sad,128.33333333333334,0.17272319425751456,0.1706792199058507,0.10112949829261886
cremad,resnet_se,0.2,0,angry,164.66666666666666,0.11073750280206231,0.17081371889710828,0.12965879265091865
cremad,resnet_se,0.2,1,disgust,256.0,0.1721587088096839,0.17081371889710828,0.2015748031496063
cremad,resnet_se,0.2,2,fearful,309.3333333333333,0.2080251064783681,0.17081371889710828,0.24356955380577427
cremad,resnet_se,0.2,3,happy,318.0,0.21385339609952925,0.17081371889710828,0.2503937007874016
cremad,resnet_se,0.2,4,neutral,183.66666666666666,0.12351490697153104,0.14606590450571622,0.169122160834868
cremad,resnet_se,0.2,5,sad,255.33333333333334,0.17171037883882537,0.1706792199058507,0.20120830049908064
cremad,resnet_se,0.3,0,angry,240.66666666666666,0.1079222720478326,0.17081371889710828,0.189501312335958
cremad,resnet_se,0.3,1,disgust,376.3333333333333,0.1687593423019432,0.17081371889710828,0.2963254593175853
cremad,resnet_se,0.3,2,fearful,472.6666666666667,0.21195814648729447,0.17081371889710828,0.3721784776902887
cremad,resnet_se,0.3,3,happy,483.6666666666667,0.21689088191330344,0.17081371889710828,0.3808398950131234
cremad,resnet_se,0.3,4,neutral,258.3333333333333,0.11584454409566518,0.14606590450571622,0.23787599754450584
cremad,resnet_se,0.3,5,sad,398.3333333333333,0.17862481315396117,0.1706792199058507,0.3138954557394274
cremad,transformer,0.1,0,angry,57.333333333333336,0.07716464782413639,0.17081371889710828,0.04514435695538058
cremad,transformer,0.1,1,disgust,159.0,0.21399730820995963,0.17081371889710828,0.1251968503937008
cremad,transformer,0.1,2,fearful,158.66666666666666,0.21354867653656348,0.17081371889710828,0.12493438320209972
cremad,transformer,0.1,3,happy,143.66666666666666,0.19336025123373712,0.17081371889710828,0.11312335958005248
cremad,transformer,0.1,4,neutral,123.33333333333333,0.16599371915657246,0.14606590450571622,0.11356660527931246
cremad,transformer,0.1,5,sad,101.0,0.13593539703903096,0.1706792199058507,0.07959022852639874
cremad,transformer,0.2,0,angry,138.0,0.09280430396772026,0.17081371889710828,0.10866141732283464
cremad,transformer,0.2,1,disgust,298.3333333333333,0.20062766195920198,0.17081371889710828,0.23490813648293962
cremad,transformer,0.2,2,fearful,302.6666666666667,0.20354180676978254,0.17081371889710828,0.23832020997375328
cremad,transformer,0.2,3,happy,303.3333333333333,0.20399013674064112,0.17081371889710828,0.23884514435695536
cremad,transformer,0.2,4,neutral,238.33333333333334,0.1602779645819323,0.14606590450571622,0.21945979128299573
cremad,transformer,0.2,5,sad,206.33333333333334,0.13875812598072182,0.1706792199058507,0.162595219332808
cremad,transformer,0.3,0,angry,230.66666666666666,0.10343796711509716,0.17081371889710828,0.18162729658792653
cremad,transformer,0.3,1,disgust,429.0,0.19237668161434976,0.17081371889710828,0.33779527559055117
cremad,transformer,0.3,2,fearful,458.3333333333333,0.2055306427503737,0.17081371889710828,0.3608923884514435
cremad,transformer,0.3,3,happy,451.6666666666667,0.20254110612855006,0.17081371889710828,0.3556430446194226
cremad,transformer,0.3,4,neutral,343.6666666666667,0.15411061285500746,0.14606590450571622,0.3164518109269491
cremad,transformer,0.3,5,sad,316.6666666666667,0.14200298953662183,0.1706792199058507,0.24954032046230626
cremad,wav2vec2_base,0.1,0,angry,72.66666666666667,0.0978017048003589,0.17081371889710828,0.057217847769028864
cremad,wav2vec2_base,0.1,1,disgust,128.66666666666666,0.17317182593091074,0.17081371889710828,0.10131233595800526
cremad,wav2vec2_base,0.1,2,fearful,136.66666666666666,0.1839389860924181,0.17081371889710828,0.10761154855643046
cremad,wav2vec2_base,0.1,3,happy,148.33333333333334,0.1996410946612831,0.17081371889710828,0.11679790026246718
cremad,wav2vec2_base,0.1,4,neutral,134.66666666666666,0.1812471960520413,0.14606590450571622,0.12400245549416822
cremad,wav2vec2_base,0.1,5,sad,122.0,0.1641991924629879,0.1706792199058507,0.09613869188337272
cremad,wav2vec2_base,0.2,0,angry,149.0,0.10020174848688634,0.17081371889710828,0.1173228346456693
cremad,wav2vec2_base,0.2,1,disgust,276.3333333333333,0.18583277292086975,0.17081371889710828,0.21758530183727035
cremad,wav2vec2_base,0.2,2,fearful,258.0,0.17350369872225957,0.17081371889710828,0.20314960629921255
cremad,wav2vec2_base,0.2,3,happy,302.0,0.203093476798924,0.17081371889710828,0.23779527559055116
cremad,wav2vec2_base,0.2,4,neutral,248.66666666666666,0.16722707913023985,0.14606590450571622,0.22897483118477593
cremad,wav2vec2_base,0.2,5,sad,253.0,0.17014122394082043,0.1706792199058507,0.1993695823483058
cremad,wav2vec2_base,0.3,0,angry,224.33333333333334,0.10059790732436473,0.17081371889710828,0.17664041994750657
cremad,wav2vec2_base,0.3,1,disgust,417.6666666666667,0.1872944693572496,0.17081371889710828,0.32887139107611546
cremad,wav2vec2_base,0.3,2,fearful,391.6666666666667,0.17563527653213754,0.17081371889710828,0.3083989501312336
cremad,wav2vec2_base,0.3,3,happy,441.3333333333333,0.19790732436472347,0.17081371889710828,0.34750656167979005
cremad,wav2vec2_base,0.3,4,neutral,365.0,0.16367713004484305,0.14606590450571622,0.3360957642725599
cremad,wav2vec2_base,0.3,5,sad,390.0,0.17488789237668165,0.1706792199058507,0.3073286052009456
cremad,wavlm_base_plus,0.1,0,angry,64.0,0.08613728129205922,0.17081371889710828,0.050393700787401574
cremad,wavlm_base_plus,0.1,1,disgust,145.66666666666666,0.19605204127411394,0.17081371889710828,0.11469816272965878
cremad,wavlm_base_plus,0.1,2,fearful,141.0,0.18977119784656796,0.17081371889710828,0.1110236220472441
cremad,wavlm_base_plus,0.1,3,happy,163.66666666666666,0.2202781516375056,0.17081371889710828,0.12887139107611548
cremad,wavlm_base_plus,0.1,4,neutral,89.33333333333333,0.12023328847016601,0.14606590450571622,0.08225905463474524
cremad,wavlm_base_plus,0.1,5,sad,139.33333333333334,0.18752803947958727,0.1706792199058507,0.10979774100341476
cremad,wavlm_base_plus,0.2,0,angry,136.66666666666666,0.09190764402600314,0.17081371889710828,0.10761154855643044
cremad,wavlm_base_plus,0.2,1,disgust,290.0,0.19502353732347008,0.17081371889710828,0.2283464566929134
cremad,wavlm_base_plus,0.2,2,fearful,287.6666666666667,0.19345438242546517,0.17081371889710828,0.22650918635170603
cremad,wavlm_base_plus,0.2,3,happy,304.6666666666667,0.2048867966823582,0.17081371889710828,0.2398950131233596
cremad,wavlm_base_plus,0.2,4,neutral,174.66666666666666,0.11746245236494059,0.14606590450571622,0.16083486801718846
cremad,wavlm_base_plus,0.2,5,sad,293.3333333333333,0.19726518717776284,0.1706792199058507,0.23115313895455739
cremad,wavlm_base_plus,0.3,0,angry,221.66666666666666,0.09940209267563527,0.17081371889710828,0.17454068241469814
cremad,wavlm_base_plus,0.3,1,disgust,423.0,0.18968609865470853,0.17081371889710828,0.33307086614173226
cremad,wavlm_base_plus,0.3,2,fearful,439.6666666666667,0.19715994020926755,0.17081371889710828,0.34619422572178477
cremad,wavlm_base_plus,0.3,3,happy,437.0,0.1959641255605381,0.17081371889710828,0.3440944881889764
cremad,wavlm_base_plus,0.3,4,neutral,261.3333333333333,0.11718983557548579,0.14606590450571622,0.24063842848373238
cremad,wavlm_base_plus,0.3,5,sad,447.3333333333333,0.20059790732436475,0.1706792199058507,0.3525085369057
cremad,wavlm_base_plus_ft,0.1,0,angry,61.5,0.08277254374158816,0.17081371889710828,0.048425196850393704
cremad,wavlm_base_plus_ft,0.1,1,disgust,136.0,0.18304172274562583,0.17081371889710828,0.10708661417322834
cremad,wavlm_base_plus_ft,0.1,2,fearful,186.5,0.2510094212651413,0.17081371889710828,0.1468503937007874
cremad,wavlm_base_plus_ft,0.1,3,happy,174.0,0.234185733512786,0.17081371889710828,0.13700787401574804
cremad,wavlm_base_plus_ft,0.1,4,neutral,52.5,0.07065948855989233,0.14606590450571622,0.04834254143646409
cremad,wavlm_base_plus_ft,0.1,5,sad,132.5,0.17833109017496634,0.1706792199058507,0.10441292356185973
cremad,wavlm_base_plus_ft,0.2,0,angry,121.5,0.08170813718897108,0.17081371889710828,0.09566929133858268
cremad,wavlm_base_plus_ft,0.2,1,disgust,275.5,0.18527236045729656,0.17081371889710828,0.21692913385826773
cremad,wavlm_base_plus_ft,0.2,2,fearful,362.5,0.24377942165433758,0.17081371889710828,0.2854330708661417
cremad,wavlm_base_plus_ft,0.2,3,happy,329.0,0.22125084061869538,0.17081371889710828,0.2590551181102362
cremad,wavlm_base_plus_ft,0.2,4,neutral,115.5,0.07767316745124411,0.14606590450571622,0.106353591160221
cremad,wavlm_base_plus_ft,0.2,5,sad,283.0,0.19031607262945527,0.1706792199058507,0.22301024428684002
cremad,wavlm_base_plus_ft,0.3,0,angry,196.0,0.08789237668161434,0.17081371889710828,0.15433070866141732
cremad,wavlm_base_plus_ft,0.3,1,disgust,419.5,0.18811659192825114,0.17081371889710828,0.3303149606299213
cremad,wavlm_base_plus_ft,0.3,2,fearful,538.0,0.24125560538116592,0.17081371889710828,0.42362204724409447
cremad,wavlm_base_plus_ft,0.3,3,happy,468.0,0.20986547085201793,0.17081371889710828,0.368503937007874
cremad,wavlm_base_plus_ft,0.3,4,neutral,177.0,0.07937219730941704,0.14606590450571622,0.16298342541436464
cremad,wavlm_base_plus_ft,0.3,5,sad,431.5,0.19349775784753365,0.1706792199058507,0.3400315208825847
ravdess,cnn,0.1,0,neutral,9.333333333333334,0.06526806526806526,0.06671299513551077,0.09722222222222224
ravdess,cnn,0.1,1,calm,8.0,0.05594405594405594,0.13342599027102153,0.04166666666666666
ravdess,cnn,0.1,2,happy,24.11111111111111,0.1686091686091686,0.13273106323835998,0.12623618382780685
ravdess,cnn,0.1,3,sad,25.333333333333332,0.17715617715617718,0.13342599027102153,0.13194444444444445
ravdess,cnn,0.1,4,angry,12.555555555555555,0.08780108780108781,0.13342599027102153,0.06539351851851852
ravdess,cnn,0.1,5,fearful,20.333333333333332,0.1421911421911422,0.13342599027102153,0.10590277777777778
ravdess,cnn,0.1,6,disgust,13.333333333333334,0.09324009324009325,0.13342599027102153,0.06944444444444445
ravdess,cnn,0.1,7,surprised,30.0,0.20979020979020982,0.13342599027102153,0.15625
ravdess,cnn,0.2,0,neutral,22.555555555555557,0.07859078590785908,0.06671299513551077,0.23495370370370366
ravdess,cnn,0.2,1,calm,19.666666666666668,0.06852497096399535,0.13342599027102153,0.10243055555555555
ravdess,cnn,0.2,2,happy,47.111111111111114,0.16415021293070076,0.13273106323835998,0.2466550319953461
ravdess,cnn,0.2,3,sad,47.111111111111114,0.16415021293070073,0.13342599027102153,0.24537037037037038
ravdess,cnn,0.2,4,angry,28.333333333333332,0.09872241579558654,0.13342599027102153,0.14756944444444442
ravdess,cnn,0.2,5,fearful,39.0,0.13588850174216027,0.13342599027102153,0.20312500000000003
ravdess,cnn,0.2,6,disgust,28.555555555555557,0.0994967092528068,0.13342599027102153,0.14872685185185186
ravdess,cnn,0.2,7,surprised,54.666666666666664,0.1904761904761905,0.13342599027102153,0.2847222222222222
ravdess,cnn,0.3,0,neutral,33.22222222222222,0.07708172209332302,0.06671299513551077,0.3460648148148148
ravdess,cnn,0.3,1,calm,31.22222222222222,0.07244135086362463,0.13342599027102153,0.16261574074074073
ravdess,cnn,0.3,2,happy,70.44444444444444,0.1634441866460428,0.13273106323835998,0.36881908086096565
ravdess,cnn,0.3,3,sad,68.22222222222223,0.15828821861304462,0.13342599027102153,0.3553240740740741
ravdess,cnn,0.3,4,angry,44.22222222222222,0.10260376385666409,0.13342599027102153,0.23032407407407407
ravdess,cnn,0.3,5,fearful,63.55555555555556,0.1474606857437484,0.13342599027102153,0.3310185185185185
ravdess,cnn,0.3,6,disgust,41.888888888888886,0.09718999742201598,0.13342599027102153,0.2181712962962963
ravdess,cnn,0.3,7,surprised,78.22222222222223,0.1814900747615365,0.13342599027102153,0.4074074074074074
ravdess,hubert_base,0.1,0,neutral,4.666666666666667,0.03263403263403263,0.06671299513551077,0.04861111111111111
ravdess,hubert_base,0.1,1,calm,13.0,0.0909090909090909,0.13342599027102153,0.06770833333333333
ravdess,hubert_base,0.1,2,happy,24.0,0.16783216783216784,0.13273106323835998,0.1256544502617801
ravdess,hubert_base,0.1,3,sad,28.666666666666668,0.20046620046620045,0.13342599027102153,0.14930555555555555
ravdess,hubert_base,0.1,4,angry,10.666666666666666,0.07459207459207459,0.13342599027102153,0.05555555555555555
ravdess,hubert_base,0.1,5,fearful,27.666666666666668,0.19347319347319347,0.13342599027102153,0.1440972222222222
ravdess,hubert_base,0.1,6,disgust,14.0,0.0979020979020979,0.13342599027102153,0.07291666666666667
ravdess,hubert_base,0.1,7,surprised,20.333333333333332,0.14219114219114218,0.13342599027102153,0.10590277777777779
ravdess,hubert_base,0.2,0,neutral,15.0,0.05226480836236933,0.06671299513551077,0.15625
ravdess,hubert_base,0.2,1,calm,28.0,0.09756097560975609,0.13342599027102153,0.14583333333333334
ravdess,hubert_base,0.2,2,happy,46.333333333333336,0.16144018583042974,0.13273106323835998,0.2425828970331588
ravdess,hubert_base,0.2,3,sad,55.666666666666664,0.19396051103368175,0.13342599027102153,0.2899305555555556
ravdess,hubert_base,0.2,4,angry,23.333333333333332,0.08130081300813008,0.13342599027102153,0.12152777777777779
ravdess,hubert_base,0.2,5,fearful,56.666666666666664,0.19744483159117307,0.13342599027102153,0.2951388888888889
ravdess,hubert_base,0.2,6,disgust,22.333333333333332,0.07781649245063878,0.13342599027102153,0.11631944444444443
ravdess,hubert_base,0.2,7,surprised,39.666666666666664,0.1382113821138211,0.13342599027102153,0.20659722222222224
ravdess,hubert_base,0.3,0,neutral,28.0,0.06496519721577726,0.06671299513551077,0.2916666666666667
ravdess,hubert_base,0.3,1,calm,45.666666666666664,0.10595514307811292,0.13342599027102153,0.23784722222222224
ravdess,hubert_base,0.3,2,happy,70.66666666666667,0.16395978344934262,0.13273106323835998,0.3699825479930192
ravdess,hubert_base,0.3,3,sad,78.66666666666667,0.18252126836813612,0.13342599027102153,0.40972222222222227
ravdess,hubert_base,0.3,4,angry,37.333333333333336,0.08662026295436968,0.13342599027102153,0.19444444444444445
ravdess,hubert_base,0.3,5,fearful,76.33333333333333,0.177107501933488,0.13342599027102153,0.3975694444444445
ravdess,hubert_base,0.3,6,disgust,38.0,0.08816705336426915,0.13342599027102153,0.19791666666666666
ravdess,hubert_base,0.3,7,surprised,56.333333333333336,0.13070378963650423,0.13342599027102153,0.2934027777777778
ravdess,resnet_se,0.1,0,neutral,14.333333333333334,0.10023310023310024,0.06671299513551077,0.14930555555555555
ravdess,resnet_se,0.1,1,calm,11.0,0.07692307692307693,0.13342599027102153,0.057291666666666664
ravdess,resnet_se,0.1,2,happy,20.666666666666668,0.1445221445221445,0.13273106323835998,0.10820244328097732
ravdess,resnet_se,0.1,3,sad,28.666666666666668,0.20046620046620045,0.13342599027102153,0.14930555555555555
ravdess,resnet_se,0.1,4,angry,11.0,0.07692307692307693,0.13342599027102153,0.057291666666666664
ravdess,resnet_se,0.1,5,fearful,21.666666666666668,0.15151515151515152,0.13342599027102153,0.11284722222222222
ravdess,resnet_se,0.1,6,disgust,14.0,0.09790209790209792,0.13342599027102153,0.07291666666666666
ravdess,resnet_se,0.1,7,surprised,21.666666666666668,0.15151515151515152,0.13342599027102153,0.11284722222222222
ravdess,resnet_se,0.2,0,neutral,22.0,0.07665505226480837,0.06671299513551077,0.22916666666666666
ravdess,resnet_se,0.2,1,calm,20.666666666666668,0.07200929152148665,0.13342599027102153,0.10763888888888888
ravdess,resnet_se,0.2,2,happy,55.333333333333336,0.19279907084785133,0.13273106323835998,0.2897033158813264
ravdess,resnet_se,0.2,3,sad,50.333333333333336,0.1753774680603949,0.13342599027102153,0.26215277777777773
ravdess,resnet_se,0.2,4,angry,25.666666666666668,0.08943089430894309,0.13342599027102153,0.13368055555555555
ravdess,resnet_se,0.2,5,fearful,44.333333333333336,0.15447154471544716,0.13342599027102153,0.2309027777777778
ravdess,resnet_se,0.2,6,disgust,25.666666666666668,0.08943089430894309,0.13342599027102153,0.13368055555555555
ravdess,resnet_se,0.2,7,surprised,43.0,0.14982578397212543,0.13342599027102153,0.22395833333333334
ravdess,resnet_se,0.3,0,neutral,35.0,0.08120649651972157,0.06671299513551077,0.3645833333333333
ravdess,resnet_se,0.3,1,calm,36.0,0.08352668213457076,0.13342599027102153,0.1875
ravdess,resnet_se,0.3,2,happy,80.66666666666667,0.1871616395978345,0.13273106323835998,0.4223385689354276
ravdess,resnet_se,0.3,3,sad,69.33333333333333,0.1608662026295437,0.13342599027102153,0.3611111111111111
ravdess,resnet_se,0.3,4,angry,41.0,0.0951276102088167,0.13342599027102153,0.21354166666666663
ravdess,resnet_se,0.3,5,fearful,65.66666666666667,0.1523588553750967,0.13342599027102153,0.34201388888888884
ravdess,resnet_se,0.3,6,disgust,37.333333333333336,0.08662026295436968,0.13342599027102153,0.19444444444444445
ravdess,resnet_se,0.3,7,surprised,66.0,0.15313225058004643,0.13342599027102153,0.34375
ravdess,transformer,0.1,0,neutral,14.333333333333334,0.10023310023310024,0.06671299513551077,0.14930555555555555
ravdess,transformer,0.1,1,calm,14.333333333333334,0.10023310023310024,0.13342599027102153,0.07465277777777778
ravdess,transformer,0.1,2,happy,18.666666666666668,0.13053613053613053,0.13273106323835998,0.09773123909249563
ravdess,transformer,0.1,3,sad,22.333333333333332,0.1561771561771562,0.13342599027102153,0.11631944444444443
ravdess,transformer,0.1,4,angry,15.333333333333334,0.10722610722610722,0.13342599027102153,0.0798611111111111
ravdess,transformer,0.1,5,fearful,20.0,0.13986013986013987,0.13342599027102153,0.10416666666666667
ravdess,transformer,0.1,6,disgust,17.0,0.1188811188811189,0.13342599027102153,0.08854166666666667
ravdess,transformer,0.1,7,surprised,21.0,0.14685314685314685,0.13342599027102153,0.109375
ravdess,transformer,0.2,0,neutral,32.0,0.11149825783972127,0.06671299513551077,0.3333333333333333
ravdess,transformer,0.2,1,calm,26.666666666666668,0.09291521486643438,0.13342599027102153,0.13888888888888887
ravdess,transformer,0.2,2,happy,37.0,0.12891986062717772,0.13273106323835998,0.193717277486911
ravdess,transformer,0.2,3,sad,44.333333333333336,0.15447154471544713,0.13342599027102153,0.23090277777777776
ravdess,transformer,0.2,4,angry,30.666666666666668,0.10685249709639955,0.13342599027102153,0.15972222222222224
ravdess,transformer,0.2,5,fearful,37.333333333333336,0.13008130081300814,0.13342599027102153,0.19444444444444445
ravdess,transformer,0.2,6,disgust,37.333333333333336,0.13008130081300814,0.13342599027102153,0.19444444444444442
ravdess,transformer,0.2,7,surprised,41.666666666666664,0.14518002322880372,0.13342599027102153,0.21701388888888892
ravdess,transformer,0.3,0,neutral,43.666666666666664,0.10131477184841453,0.06671299513551077,0.4548611111111111
ravdess,transformer,0.3,1,calm,44.666666666666664,0.10363495746326372,0.13342599027102153,0.23263888888888887
ravdess,transformer,0.3,2,happy,58.333333333333336,0.13534416086620263,0.13273106323835998,0.3054101221640489
ravdess,transformer,0.3,3,sad,67.33333333333333,0.15622583139984533,0.13342599027102153,0.3506944444444444
ravdess,transformer,0.3,4,angry,45.0,0.10440835266821345,0.13342599027102153,0.234375
ravdess,transformer,0.3,5,fearful,57.333333333333336,0.13302397525135343,0.13342599027102153,0.29861111111111116
ravdess,transformer,0.3,6,disgust,56.333333333333336,0.13070378963650428,0.13342599027102153,0.29340277777777785
ravdess,transformer,0.3,7,surprised,58.333333333333336,0.13534416086620263,0.13342599027102153,0.3038194444444444
ravdess,wav2vec2_base,0.1,0,neutral,11.333333333333334,0.07925407925407925,0.06671299513551077,0.11805555555555557
ravdess,wav2vec2_base,0.1,1,calm,11.333333333333334,0.07925407925407925,0.13342599027102153,0.05902777777777778
ravdess,wav2vec2_base,0.1,2,happy,19.666666666666668,0.13752913752913754,0.13273106323835998,0.10296684118673648
ravdess,wav2vec2_base,0.1,3,sad,22.333333333333332,0.1561771561771562,0.13342599027102153,0.11631944444444443
ravdess,wav2vec2_base,0.1,4,angry,15.333333333333334,0.10722610722610722,0.13342599027102153,0.0798611111111111
ravdess,wav2vec2_base,0.1,5,fearful,21.666666666666668,0.15151515151515152,0.13342599027102153,0.11284722222222221
ravdess,wav2vec2_base,0.1,6,disgust,22.0,0.15384615384615385,0.13342599027102153,0.11458333333333333
ravdess,wav2vec2_base,0.1,7,surprised,19.333333333333332,0.1351981351981352,0.13342599027102153,0.10069444444444443
ravdess,wav2vec2_base,0.2,0,neutral,22.333333333333332,0.0778164924506388,0.06671299513551077,0.23263888888888892
ravdess,wav2vec2_base,0.2,1,calm,28.333333333333332,0.09872241579558654,0.13342599027102153,0.14756944444444445
ravdess,wav2vec2_base,0.2,2,happy,46.666666666666664,0.16260162601626016,0.13273106323835998,0.2443280977312391
ravdess,wav2vec2_base,0.2,3,sad,41.333333333333336,0.14401858304297327,0.13342599027102153,0.2152777777777778
ravdess,wav2vec2_base,0.2,4,angry,29.0,0.10104529616724738,0.13342599027102153,0.15104166666666666
ravdess,wav2vec2_base,0.2,5,fearful,38.666666666666664,0.13472706155632985,0.13342599027102153,0.20138888888888887
ravdess,wav2vec2_base,0.2,6,disgust,41.0,0.14285714285714288,0.13342599027102153,0.21354166666666666
ravdess,wav2vec2_base,0.2,7,surprised,39.666666666666664,0.13821138211382114,0.13342599027102153,0.2065972222222222
ravdess,wav2vec2_base,0.3,0,neutral,35.0,0.08120649651972157,0.06671299513551077,0.3645833333333333
ravdess,wav2vec2_base,0.3,1,calm,47.333333333333336,0.10982211910286156,0.13342599027102153,0.2465277777777778
ravdess,wav2vec2_base,0.3,2,happy,70.66666666666667,0.16395978344934262,0.13273106323835998,0.3699825479930192
ravdess,wav2vec2_base,0.3,3,sad,62.333333333333336,0.14462490332559938,0.13342599027102153,0.32465277777777773
ravdess,wav2vec2_base,0.3,4,angry,41.666666666666664,0.09667440061871617,0.13342599027102153,0.21701388888888887
ravdess,wav2vec2_base,0.3,5,fearful,56.666666666666664,0.131477184841454,0.13342599027102153,0.2951388888888889
ravdess,wav2vec2_base,0.3,6,disgust,59.333333333333336,0.13766434648105183,0.13342599027102153,0.30902777777777773
ravdess,wav2vec2_base,0.3,7,surprised,58.0,0.1345707656612529,0.13342599027102153,0.3020833333333333
ravdess,wavlm_base_plus,0.1,0,neutral,6.0,0.04195804195804196,0.06671299513551077,0.0625
ravdess,wavlm_base_plus,0.1,1,calm,13.0,0.0909090909090909,0.13342599027102153,0.06770833333333333
ravdess,wavlm_base_plus,0.1,2,happy,29.666666666666668,0.20745920745920746,0.13273106323835998,0.15532286212914484
ravdess,wavlm_base_plus,0.1,3,sad,27.666666666666668,0.19347319347319347,0.13342599027102153,0.14409722222222224
ravdess,wavlm_base_plus,0.1,4,angry,12.0,0.08391608391608392,0.13342599027102153,0.0625
ravdess,wavlm_base_plus,0.1,5,fearful,20.666666666666668,0.1445221445221445,0.13342599027102153,0.1076388888888889
ravdess,wavlm_base_plus,0.1,6,disgust,15.0,0.1048951048951049,0.13342599027102153,0.078125
ravdess,wavlm_base_plus,0.1,7,surprised,19.0,0.13286713286713286,0.13342599027102153,0.09895833333333333
ravdess,wavlm_base_plus,0.2,0,neutral,11.333333333333334,0.03948896631823461,0.06671299513551077,0.11805555555555557
ravdess,wavlm_base_plus,0.2,1,calm,31.0,0.10801393728222997,0.13342599027102153,0.16145833333333334
ravdess,wavlm_base_plus,0.2,2,happy,55.666666666666664,0.19396051103368175,0.13273106323835998,0.2914485165794066
ravdess,wavlm_base_plus,0.2,3,sad,54.0,0.18815331010452963,0.13342599027102153,0.28125
ravdess,wavlm_base_plus,0.2,4,angry,22.666666666666668,0.07897793263646923,0.13342599027102153,0.11805555555555557
ravdess,wavlm_base_plus,0.2,5,fearful,38.333333333333336,0.1335656213704994,0.13342599027102153,0.1996527777777778
ravdess,wavlm_base_plus,0.2,6,disgust,34.666666666666664,0.1207897793263647,0.13342599027102153,0.18055555555555555
ravdess,wavlm_base_plus,0.2,7,surprised,39.333333333333336,0.13704994192799072,0.13342599027102153,0.20486111111111113
ravdess,wavlm_base_plus,0.3,0,neutral,20.0,0.04640371229698376,0.06671299513551077,0.20833333333333334
ravdess,wavlm_base_plus,0.3,1,calm,49.0,0.1136890951276102,0.13342599027102153,0.2552083333333333
ravdess,wavlm_base_plus,0.3,2,happy,81.33333333333333,0.18870843000773396,0.13273106323835998,0.4258289703315881
ravdess,wavlm_base_plus,0.3,3,sad,79.66666666666667,0.18484145398298532,0.13342599027102153,0.4149305555555556
ravdess,wavlm_base_plus,0.3,4,angry,34.666666666666664,0.08043310131477184,0.13342599027102153,0.18055555555555555
ravdess,wavlm_base_plus,0.3,5,fearful,59.333333333333336,0.13766434648105183,0.13342599027102153,0.3090277777777778
ravdess,wavlm_base_plus,0.3,6,disgust,45.333333333333336,0.10518174787316319,0.13342599027102153,0.23611111111111108
ravdess,wavlm_base_plus,0.3,7,surprised,61.666666666666664,0.14307811291569994,0.13342599027102153,0.3211805555555555
ravdess,wavlm_base_plus_ft,0.1,0,neutral,8.5,0.05944055944055944,0.06671299513551077,0.08854166666666667
ravdess,wavlm_base_plus_ft,0.1,1,calm,11.0,0.07692307692307693,0.13342599027102153,0.05729166666666667
ravdess,wavlm_base_plus_ft,0.1,2,happy,27.0,0.1888111888111888,0.13273106323835998,0.1413612565445026
ravdess,wavlm_base_plus_ft,0.1,3,sad,22.0,0.15384615384615385,0.13342599027102153,0.11458333333333334
ravdess,wavlm_base_plus_ft,0.1,4,angry,9.0,0.06293706293706294,0.13342599027102153,0.046875
ravdess,wavlm_base_plus_ft,0.1,5,fearful,33.0,0.23076923076923078,0.13342599027102153,0.171875
ravdess,wavlm_base_plus_ft,0.1,6,disgust,11.5,0.08041958041958042,0.13342599027102153,0.05989583333333333
ravdess,wavlm_base_plus_ft,0.1,7,surprised,21.0,0.14685314685314685,0.13342599027102153,0.109375
ravdess,wavlm_base_plus_ft,0.2,0,neutral,16.5,0.05749128919860627,0.06671299513551077,0.171875
ravdess,wavlm_base_plus_ft,0.2,1,calm,24.0,0.08362369337979095,0.13342599027102153,0.125
ravdess,wavlm_base_plus_ft,0.2,2,happy,50.5,0.1759581881533101,0.13273106323835998,0.26439790575916233
ravdess,wavlm_base_plus_ft,0.2,3,sad,43.5,0.15156794425087108,0.13342599027102153,0.2265625
ravdess,wavlm_base_plus_ft,0.2,4,angry,20.0,0.0696864111498258,0.13342599027102153,0.10416666666666667
ravdess,wavlm_base_plus_ft,0.2,5,fearful,62.0,0.21602787456445993,0.13342599027102153,0.32291666666666663
ravdess,wavlm_base_plus_ft,0.2,6,disgust,25.0,0.08710801393728224,0.13342599027102153,0.13020833333333334
ravdess,wavlm_base_plus_ft,0.2,7,surprised,45.5,0.15853658536585366,0.13342599027102153,0.23697916666666669
ravdess,wavlm_base_plus_ft,0.3,0,neutral,27.0,0.06264501160092807,0.06671299513551077,0.28125
ravdess,wavlm_base_plus_ft,0.3,1,calm,38.0,0.08816705336426914,0.13342599027102153,0.19791666666666669
ravdess,wavlm_base_plus_ft,0.3,2,happy,75.0,0.1740139211136891,0.13273106323835998,0.39267015706806285
ravdess,wavlm_base_plus_ft,0.3,3,sad,66.0,0.1531322505800464,0.13342599027102153,0.34375
ravdess,wavlm_base_plus_ft,0.3,4,angry,33.0,0.0765661252900232,0.13342599027102153,0.171875
ravdess,wavlm_base_plus_ft,0.3,5,fearful,89.0,0.20649651972157773,0.13342599027102153,0.46354166666666663
ravdess,wavlm_base_plus_ft,0.3,6,disgust,36.5,0.08468677494199536,0.13342599027102153,0.19010416666666669
ravdess,wavlm_base_plus_ft,0.3,7,surprised,66.5,0.154292343387471,0.13342599027102153,0.3463541666666667
subesco_980,cnn,0.1,0,ANGRY,7.888888888888889,0.08049886621315193,0.14285714285714285,0.05634920634920634
subesco_980,cnn,0.1,1,DISGUST,19.0,0.19387755102040816,0.14285714285714285,0.13571428571428573
subesco_980,cnn,0.1,2,FEAR,14.88888888888889,0.15192743764172334,0.14285714285714285,0.10634920634920635
subesco_980,cnn,0.1,3,HAPPY,16.88888888888889,0.17233560090702948,0.14285714285714285,0.12063492063492065
subesco_980,cnn,0.1,4,NEUTRAL,7.0,0.07142857142857142,0.14285714285714285,0.049999999999999996
subesco_980,cnn,0.1,5,SAD,12.666666666666666,0.1292517006802721,0.14285714285714285,0.09047619047619047
subesco_980,cnn,0.1,6,SURPRISE,19.666666666666668,0.20068027210884354,0.14285714285714285,0.14047619047619048
subesco_980,cnn,0.2,0,ANGRY,20.666666666666668,0.10544217687074829,0.14285714285714285,0.14761904761904762
subesco_980,cnn,0.2,1,DISGUST,39.77777777777778,0.20294784580498867,0.14285714285714285,0.2841269841269841
subesco_980,cnn,0.2,2,FEAR,28.11111111111111,0.1434240362811791,0.14285714285714285,0.2007936507936508
subesco_980,cnn,0.2,3,HAPPY,31.77777777777778,0.1621315192743764,0.14285714285714285,0.226984126984127
subesco_980,cnn,0.2,4,NEUTRAL,11.333333333333334,0.05782312925170067,0.14285714285714285,0.08095238095238094
subesco_980,cnn,0.2,5,SAD,22.11111111111111,0.11281179138321996,0.14285714285714285,0.15793650793650793
subesco_980,cnn,0.2,6,SURPRISE,42.22222222222222,0.21541950113378683,0.14285714285714285,0.3015873015873016
subesco_980,cnn,0.3,0,ANGRY,33.666666666666664,0.1145124716553288,0.14285714285714285,0.24047619047619045
subesco_980,cnn,0.3,1,DISGUST,57.22222222222222,0.19463340891912317,0.14285714285714285,0.4087301587301587
subesco_980,cnn,0.3,2,FEAR,40.77777777777778,0.1386999244142101,0.14285714285714285,0.29126984126984123
subesco_980,cnn,0.3,3,HAPPY,48.77777777777778,0.1659108087679516,0.14285714285714285,0.34841269841269834
subesco_980,cnn,0.3,4,NEUTRAL,17.77777777777778,0.060468631897203334,0.14285714285714285,0.12698412698412698
subesco_980,cnn,0.3,5,SAD,32.0,0.108843537414966,0.14285714285714285,0.22857142857142854
subesco_980,cnn,0.3,6,SURPRISE,63.77777777777778,0.21693121693121695,0.14285714285714285,0.4555555555555556
subesco_980,hubert_base,0.1,0,ANGRY,10.666666666666666,0.108843537414966,0.14285714285714285,0.07619047619047618
subesco_980,hubert_base,0.1,1,DISGUST,21.666666666666668,0.22108843537414966,0.14285714285714285,0.15476190476190477
subesco_980,hubert_base,0.1,2,FEAR,9.0,0.09183673469387754,0.14285714285714285,0.06428571428571428
subesco_980,hubert_base,0.1,3,HAPPY,17.0,0.17346938775510204,0.14285714285714285,0.12142857142857143
subesco_980,hubert_base,0.1,4,NEUTRAL,6.0,0.06122448979591836,0.14285714285714285,0.04285714285714285
subesco_980,hubert_base,0.1,5,SAD,12.666666666666666,0.1292517006802721,0.14285714285714285,0.09047619047619049
subesco_980,hubert_base,0.1,6,SURPRISE,21.0,0.2142857142857143,0.14285714285714285,0.15
subesco_980,hubert_base,0.2,0,ANGRY,25.666666666666668,0.13095238095238093,0.14285714285714285,0.18333333333333335
subesco_980,hubert_base,0.2,1,DISGUST,39.0,0.19897959183673466,0.14285714285714285,0.27857142857142864
subesco_980,hubert_base,0.2,2,FEAR,22.333333333333332,0.11394557823129252,0.14285714285714285,0.1595238095238095
subesco_980,hubert_base,0.2,3,HAPPY,34.0,0.17346938775510204,0.14285714285714285,0.24285714285714285
subesco_980,hubert_base,0.2,4,NEUTRAL,11.666666666666666,0.05952380952380953,0.14285714285714285,0.08333333333333333
subesco_980,hubert_base,0.2,5,SAD,24.666666666666668,0.12585034013605442,0.14285714285714285,0.1761904761904762
subesco_980,hubert_base,0.2,6,SURPRISE,38.666666666666664,0.19727891156462585,0.14285714285714285,0.2761904761904762
subesco_980,hubert_base,0.3,0,ANGRY,37.333333333333336,0.12698412698412698,0.14285714285714285,0.26666666666666666
subesco_980,hubert_base,0.3,1,DISGUST,60.0,0.20408163265306123,0.14285714285714285,0.42857142857142855
subesco_980,hubert_base,0.3,2,FEAR,33.666666666666664,0.1145124716553288,0.14285714285714285,0.24047619047619048
subesco_980,hubert_base,0.3,3,HAPPY,47.666666666666664,0.1621315192743764,0.14285714285714285,0.34047619047619043
subesco_980,hubert_base,0.3,4,NEUTRAL,20.0,0.06802721088435375,0.14285714285714285,0.14285714285714285
subesco_980,hubert_base,0.3,5,SAD,39.666666666666664,0.1349206349206349,0.14285714285714285,0.2833333333333333
subesco_980,hubert_base,0.3,6,SURPRISE,55.666666666666664,0.1893424036281179,0.14285714285714285,0.3976190476190476
subesco_980,resnet_se,0.1,0,ANGRY,8.0,0.08163265306122448,0.14285714285714285,0.05714285714285714
subesco_980,resnet_se,0.1,1,DISGUST,17.0,0.17346938775510204,0.14285714285714285,0.12142857142857143
subesco_980,resnet_se,0.1,2,FEAR,18.0,0.18367346938775508,0.14285714285714285,0.1285714285714286
subesco_980,resnet_se,0.1,3,HAPPY,16.666666666666668,0.17006802721088432,0.14285714285714285,0.11904761904761903
subesco_980,resnet_se,0.1,4,NEUTRAL,6.333333333333333,0.06462585034013606,0.14285714285714285,0.045238095238095244
subesco_980,resnet_se,0.1,5,SAD,12.333333333333334,0.12585034013605442,0.14285714285714285,0.0880952380952381
subesco_980,resnet_se,0.1,6,SURPRISE,19.666666666666668,0.2006802721088435,0.14285714285714285,0.14047619047619045
subesco_980,resnet_se,0.2,0,ANGRY,24.0,0.12244897959183672,0.14285714285714285,0.1714285714285714
subesco_980,resnet_se,0.2,1,DISGUST,36.666666666666664,0.18707482993197277,0.14285714285714285,0.2619047619047619
subesco_980,resnet_se,0.2,2,FEAR,29.666666666666668,0.15136054421768708,0.14285714285714285,0.2119047619047619
subesco_980,resnet_se,0.2,3,HAPPY,34.666666666666664,0.17687074829931973,0.14285714285714285,0.24761904761904763
subesco_980,resnet_se,0.2,4,NEUTRAL,13.0,0.0663265306122449,0.14285714285714285,0.09285714285714286
subesco_980,resnet_se,0.2,5,SAD,23.666666666666668,0.1207482993197279,0.14285714285714285,0.16904761904761903
subesco_980,resnet_se,0.2,6,SURPRISE,34.333333333333336,0.17517006802721088,0.14285714285714285,0.24523809523809526
subesco_980,resnet_se,0.3,0,ANGRY,38.666666666666664,0.13151927437641722,0.14285714285714285,0.27619047619047615
subesco_980,resnet_se,0.3,1,DISGUST,55.333333333333336,0.18820861678004533,0.14285714285714285,0.3952380952380952
subesco_980,resnet_se,0.3,2,FEAR,40.666666666666664,0.1383219954648526,0.14285714285714285,0.29047619047619044
subesco_980,resnet_se,0.3,3,HAPPY,54.666666666666664,0.18594104308390022,0.14285714285714285,0.3904761904761905
subesco_980,resnet_se,0.3,4,NEUTRAL,20.666666666666668,0.07029478458049887,0.14285714285714285,0.14761904761904762
subesco_980,resnet_se,0.3,5,SAD,33.666666666666664,0.1145124716553288,0.14285714285714285,0.24047619047619048
subesco_980,resnet_se,0.3,6,SURPRISE,50.333333333333336,0.17120181405895693,0.14285714285714285,0.3595238095238095
subesco_980,transformer,0.1,0,ANGRY,12.0,0.12244897959183675,0.14285714285714285,0.0857142857142857
subesco_980,transformer,0.1,1,DISGUST,18.666666666666668,0.19047619047619047,0.14285714285714285,0.13333333333333333
subesco_980,transformer,0.1,2,FEAR,14.333333333333334,0.14625850340136054,0.14285714285714285,0.10238095238095239
subesco_980,transformer,0.1,3,HAPPY,16.666666666666668,0.17006802721088435,0.14285714285714285,0.11904761904761905
subesco_980,transformer,0.1,4,NEUTRAL,5.0,0.0510204081632653,0.14285714285714285,0.03571428571428571
subesco_980,transformer,0.1,5,SAD,11.666666666666666,0.11904761904761905,0.14285714285714285,0.08333333333333333
subesco_980,transformer,0.1,6,SURPRISE,19.666666666666668,0.20068027210884354,0.14285714285714285,0.14047619047619045
subesco_980,transformer,0.2,0,ANGRY,22.333333333333332,0.11394557823129252,0.14285714285714285,0.1595238095238095
subesco_980,transformer,0.2,1,DISGUST,37.666666666666664,0.19217687074829928,0.14285714285714285,0.26904761904761904
subesco_980,transformer,0.2,2,FEAR,29.333333333333332,0.14965986394557823,0.14285714285714285,0.20952380952380953
subesco_980,transformer,0.2,3,HAPPY,33.333333333333336,0.17006802721088432,0.14285714285714285,0.23809523809523805
subesco_980,transformer,0.2,4,NEUTRAL,10.0,0.05102040816326531,0.14285714285714285,0.07142857142857144
subesco_980,transformer,0.2,5,SAD,20.333333333333332,0.10374149659863946,0.14285714285714285,0.14523809523809525
subesco_980,transformer,0.2,6,SURPRISE,43.0,0.2193877551020408,0.14285714285714285,0.30714285714285716
subesco_980,transformer,0.3,0,ANGRY,32.333333333333336,0.10997732426303856,0.14285714285714285,0.23095238095238094
subesco_980,transformer,0.3,1,DISGUST,57.0,0.19387755102040816,0.14285714285714285,0.4071428571428572
subesco_980,transformer,0.3,2,FEAR,45.0,0.1530612244897959,0.14285714285714285,0.32142857142857145
subesco_980,transformer,0.3,3,HAPPY,48.666666666666664,0.1655328798185941,0.14285714285714285,0.34761904761904766
subesco_980,transformer,0.3,4,NEUTRAL,14.666666666666666,0.049886621315192746,0.14285714285714285,0.10476190476190476
subesco_980,transformer,0.3,5,SAD,33.333333333333336,0.11337868480725626,0.14285714285714285,0.23809523809523805
subesco_980,transformer,0.3,6,SURPRISE,63.0,0.2142857142857143,0.14285714285714285,0.44999999999999996
subesco_980,wav2vec2_base,0.1,0,ANGRY,14.333333333333334,0.14625850340136057,0.14285714285714285,0.10238095238095239
subesco_980,wav2vec2_base,0.1,1,DISGUST,18.666666666666668,0.19047619047619047,0.14285714285714285,0.13333333333333333
subesco_980,wav2vec2_base,0.1,2,FEAR,11.666666666666666,0.11904761904761905,0.14285714285714285,0.08333333333333333
subesco_980,wav2vec2_base,0.1,3,HAPPY,17.666666666666668,0.18027210884353742,0.14285714285714285,0.1261904761904762
subesco_980,wav2vec2_base,0.1,4,NEUTRAL,5.0,0.05102040816326531,0.14285714285714285,0.03571428571428571
subesco_980,wav2vec2_base,0.1,5,SAD,13.666666666666666,0.13945578231292519,0.14285714285714285,0.0976190476190476
subesco_980,wav2vec2_base,0.1,6,SURPRISE,17.0,0.17346938775510204,0.14285714285714285,0.12142857142857143
subesco_980,wav2vec2_base,0.2,0,ANGRY,25.333333333333332,0.1292517006802721,0.14285714285714285,0.18095238095238095
subesco_980,wav2vec2_base,0.2,1,DISGUST,40.333333333333336,0.20578231292517005,0.14285714285714285,0.2880952380952381
subesco_980,wav2vec2_base,0.2,2,FEAR,26.0,0.1326530612244898,0.14285714285714285,0.18571428571428572
subesco_980,wav2vec2_base,0.2,3,HAPPY,33.333333333333336,0.17006802721088435,0.14285714285714285,0.2380952380952381
subesco_980,wav2vec2_base,0.2,4,NEUTRAL,11.333333333333334,0.05782312925170068,0.14285714285714285,0.08095238095238096
subesco_980,wav2vec2_base,0.2,5,SAD,27.0,0.13775510204081634,0.14285714285714285,0.19285714285714284
subesco_980,wav2vec2_base,0.2,6,SURPRISE,32.666666666666664,0.16666666666666666,0.14285714285714285,0.2333333333333333
subesco_980,wav2vec2_base,0.3,0,ANGRY,38.666666666666664,0.13151927437641722,0.14285714285714285,0.2761904761904762
subesco_980,wav2vec2_base,0.3,1,DISGUST,52.0,0.1768707482993197,0.14285714285714285,0.37142857142857144
subesco_980,wav2vec2_base,0.3,2,FEAR,40.666666666666664,0.1383219954648526,0.14285714285714285,0.2904761904761905
subesco_980,wav2vec2_base,0.3,3,HAPPY,51.0,0.173469387755102,0.14285714285714285,0.3642857142857143
subesco_980,wav2vec2_base,0.3,4,NEUTRAL,21.666666666666668,0.07369614512471655,0.14285714285714285,0.15476190476190477
subesco_980,wav2vec2_base,0.3,5,SAD,38.666666666666664,0.13151927437641722,0.14285714285714285,0.2761904761904762
subesco_980,wav2vec2_base,0.3,6,SURPRISE,51.333333333333336,0.17460317460317462,0.14285714285714285,0.3666666666666667
subesco_980,wavlm_base_plus,0.1,0,ANGRY,10.333333333333334,0.1054421768707483,0.14285714285714285,0.07380952380952381
subesco_980,wavlm_base_plus,0.1,1,DISGUST,19.0,0.19387755102040816,0.14285714285714285,0.1357142857142857
subesco_980,wavlm_base_plus,0.1,2,FEAR,12.333333333333334,0.12585034013605442,0.14285714285714285,0.0880952380952381
subesco_980,wavlm_base_plus,0.1,3,HAPPY,16.333333333333332,0.16666666666666666,0.14285714285714285,0.11666666666666665
subesco_980,wavlm_base_plus,0.1,4,NEUTRAL,5.333333333333333,0.05442176870748299,0.14285714285714285,0.03809523809523809
subesco_980,wavlm_base_plus,0.1,5,SAD,11.333333333333334,0.11564625850340136,0.14285714285714285,0.08095238095238096
subesco_980,wavlm_base_plus,0.1,6,SURPRISE,23.333333333333332,0.2380952380952381,0.14285714285714285,0.16666666666666666
subesco_980,wavlm_base_plus,0.2,0,ANGRY,23.333333333333332,0.11904761904761905,0.14285714285714285,0.16666666666666666
subesco_980,wavlm_base_plus,0.2,1,DISGUST,41.0,0.2091836734693878,0.14285714285714285,0.29285714285714287
subesco_980,wavlm_base_plus,0.2,2,FEAR,21.0,0.10714285714285714,0.14285714285714285,0.15
subesco_980,wavlm_base_plus,0.2,3,HAPPY,31.666666666666668,0.16156462585034012,0.14285714285714285,0.2261904761904762
subesco_980,wavlm_base_plus,0.2,4,NEUTRAL,15.333333333333334,0.0782312925170068,0.14285714285714285,0.10952380952380952
subesco_980,wavlm_base_plus,0.2,5,SAD,23.0,0.11734693877551021,0.14285714285714285,0.16428571428571428
subesco_980,wavlm_base_plus,0.2,6,SURPRISE,40.666666666666664,0.20748299319727892,0.14285714285714285,0.2904761904761905
subesco_980,wavlm_base_plus,0.3,0,ANGRY,36.666666666666664,0.12471655328798185,0.14285714285714285,0.2619047619047619
subesco_980,wavlm_base_plus,0.3,1,DISGUST,59.666666666666664,0.20294784580498867,0.14285714285714285,0.4261904761904762
subesco_980,wavlm_base_plus,0.3,2,FEAR,33.666666666666664,0.1145124716553288,0.14285714285714285,0.24047619047619048
subesco_980,wavlm_base_plus,0.3,3,HAPPY,49.666666666666664,0.1689342403628118,0.14285714285714285,0.3547619047619048
subesco_980,wavlm_base_plus,0.3,4,NEUTRAL,26.0,0.08843537414965986,0.14285714285714285,0.18571428571428572
subesco_980,wavlm_base_plus,0.3,5,SAD,33.0,0.11224489795918369,0.14285714285714285,0.23571428571428568
subesco_980,wavlm_base_plus,0.3,6,SURPRISE,55.333333333333336,0.18820861678004533,0.14285714285714285,0.3952380952380952
subesco_980,wavlm_base_plus_ft,0.1,0,ANGRY,15.0,0.15306122448979592,0.14285714285714285,0.10714285714285715
subesco_980,wavlm_base_plus_ft,0.1,1,DISGUST,21.5,0.2193877551020408,0.14285714285714285,0.15357142857142858
subesco_980,wavlm_base_plus_ft,0.1,2,FEAR,7.5,0.07653061224489796,0.14285714285714285,0.053571428571428575
subesco_980,wavlm_base_plus_ft,0.1,3,HAPPY,20.5,0.20918367346938774,0.14285714285714285,0.14642857142857144
subesco_980,wavlm_base_plus_ft,0.1,4,NEUTRAL,3.0,0.030612244897959183,0.14285714285714285,0.02142857142857143
subesco_980,wavlm_base_plus_ft,0.1,5,SAD,9.0,0.09183673469387756,0.14285714285714285,0.06428571428571428
subesco_980,wavlm_base_plus_ft,0.1,6,SURPRISE,21.5,0.21938775510204078,0.14285714285714285,0.15357142857142858
subesco_980,wavlm_base_plus_ft,0.2,0,ANGRY,31.5,0.1607142857142857,0.14285714285714285,0.225
subesco_980,wavlm_base_plus_ft,0.2,1,DISGUST,41.0,0.20918367346938777,0.14285714285714285,0.2928571428571428
subesco_980,wavlm_base_plus_ft,0.2,2,FEAR,22.5,0.11479591836734694,0.14285714285714285,0.1607142857142857
subesco_980,wavlm_base_plus_ft,0.2,3,HAPPY,31.5,0.1607142857142857,0.14285714285714285,0.225
subesco_980,wavlm_base_plus_ft,0.2,4,NEUTRAL,7.5,0.03826530612244898,0.14285714285714285,0.053571428571428575
subesco_980,wavlm_base_plus_ft,0.2,5,SAD,22.0,0.11224489795918367,0.14285714285714285,0.15714285714285714
subesco_980,wavlm_base_plus_ft,0.2,6,SURPRISE,40.0,0.20408163265306123,0.14285714285714285,0.2857142857142857
subesco_980,wavlm_base_plus_ft,0.3,0,ANGRY,53.0,0.1802721088435374,0.14285714285714285,0.37857142857142856
subesco_980,wavlm_base_plus_ft,0.3,1,DISGUST,56.5,0.1921768707482993,0.14285714285714285,0.4035714285714286
subesco_980,wavlm_base_plus_ft,0.3,2,FEAR,39.0,0.1326530612244898,0.14285714285714285,0.2785714285714286
subesco_980,wavlm_base_plus_ft,0.3,3,HAPPY,46.0,0.1564625850340136,0.14285714285714285,0.32857142857142857
subesco_980,wavlm_base_plus_ft,0.3,4,NEUTRAL,10.0,0.03401360544217687,0.14285714285714285,0.07142857142857142
subesco_980,wavlm_base_plus_ft,0.3,5,SAD,34.0,0.11564625850340136,0.14285714285714285,0.24285714285714285
subesco_980,wavlm_base_plus_ft,0.3,6,SURPRISE,55.5,0.18877551020408162,0.14285714285714285,0.39642857142857146
