level,model,cell,gap_accepted_error,gap_coverage,n_test,n_test_accepted,n_test_accepted_errors,n_val,n_val_accepted,n_val_accepted_errors,r,rule,test_accepted_error,test_coverage,test_review_deviation,val_accepted_error,val_coverage
cremad,cnn,GR,0.032564334379765525,0.006267631290465925,7435,5994,2301,7437,5949,2090,0,primary,0.3838838838838839,0.806186953597848,-0.006186953597847988,0.35131954950411837,0.799919322307382
cremad,cnn,GR,0.0319238521836506,-0.0032765704909357707,7435,2350,547,7437,2375,477,0,secondary,0.2327659574468085,0.3160726294552791,0.48392737054472085,0.2008421052631579,0.31934919994621486
cremad,cnn,GR,0.01920826434137879,0.0004841384961631334,7435,5950,2229,7437,5948,2114,1,primary,0.3746218487394958,0.8002689979825152,-0.00026899798251517337,0.355413584398117,0.799784859486352
cremad,cnn,GR,0.04274841749881997,0.01111742583000952,7435,2529,629,7437,2447,504,1,secondary,0.2487149070778964,0.3401479488903833,0.45985205110961663,0.20596648957907643,0.3290305230603738
cremad,cnn,GR,0.0362369059158536,0.008796158080978889,7435,6012,2331,7438,5949,2091,2,primary,0.38772455089820357,0.8086079354404841,-0.00860793544048416,0.35148764498234997,0.7998117773595053
cremad,cnn,GR,0.042241079324545655,0.014791616072828362,7435,2528,622,7438,2419,493,2,secondary,0.24604430379746836,0.34001344989912574,0.45998655010087425,0.2038032244729227,0.3252218338262974
cremad,cnn,GG,0.007142582448221468,-0.002347066088550509,7435,5929,2272,7677,6140,2309,0,primary,0.38320121437004556,0.7974445191661063,0.0025554808338937307,0.3760586319218241,0.7997915852546568
cremad,cnn,GG,0.02802483630396055,-0.002322310705634434,7435,2033,492,7677,2117,453,0,secondary,0.24200688637481554,0.2734364492266308,0.5265635507733692,0.213982050070855,0.27575875993226523
cremad,cnn,GG,-0.00045575512140477725,-0.007562221553270576,7435,5891,2276,7676,6140,2375,1,primary,0.3863520624681718,0.7923335574983188,0.007666442501681192,0.38680781758957655,0.7998957790515894
cremad,cnn,GG,-0.0002654045446338904,-0.00299587917238614,7435,1882,414,7676,1966,433,1,secondary,0.2199787460148778,0.2531271015467384,0.5468728984532616,0.2202441505595117,0.25612298071912454
cremad,cnn,GG,-0.0006215492648459775,0.012473447991202313,7435,6039,2382,7691,6151,2430,2,primary,0.3944361649279682,0.8122394082044385,-0.012239408204438529,0.39505771419281416,0.7997659602132362
cremad,cnn,GG,0.0073177293516276665,0.005084065367104318,7435,2065,474,7691,2097,466,2,secondary,0.22953995157384988,0.2777404169468729,0.5222595830531271,0.2222222222222222,0.2726563515797686
cremad,ridge_hubert_base,GR,0.02838345047119631,0.007881619185556743,7435,6006,1596,7437,5949,1412,0,primary,0.26573426573426573,0.8078009414929388,-0.0078009414929388066,0.23735081526306942,0.799919322307382
cremad,ridge_hubert_base,GR,0.023030175492296717,0.002292034981312141,7435,3888,687,7437,3872,595,0,secondary,0.17669753086419754,0.5229320780094149,0.2770679219905851,0.15366735537190082,0.5206400430281027
cremad,ridge_hubert_base,GR,0.017901008040089816,0.024424958940009733,7435,6128,1652,7437,5948,1497,1,primary,0.2695822454308094,0.8242098184263618,-0.024209818426361773,0.25168123739071957,0.799784859486352
cremad,ridge_hubert_base,GR,0.021355294360243304,0.021114225669124354,7435,3816,681,7437,3660,575,1,secondary,0.17845911949685533,0.5132481506388702,0.2867518493611298,0.15710382513661203,0.49213392496974584
cremad,ridge_hubert_base,GR,0.024240054630061347,0.016731598565175254,7435,6071,1632,7438,5949,1455,2,primary,0.2688189754570911,0.8165433759246805,-0.016543375924680526,0.24457892082702976,0.7998117773595053
cremad,ridge_hubert_base,GR,0.03445996745055427,0.02388512578223423,7435,4108,782,7438,3932,613,2,secondary,0.19036027263875366,0.5525218560860794,0.2474781439139206,0.1559003051881994,0.5286367303038452
cremad,ridge_hubert_base,GG,0.007414097029401212,0.0022258996142067167,7435,5963,1601,7677,6140,1603,0,primary,0.26848901559617644,0.8020174848688635,-0.002017484868863495,0.2610749185667752,0.7997915852546568
cremad,ridge_hubert_base,GG,0.004166439108911263,1.4383700901676733e-05,7435,3598,599,7677,3715,603,0,secondary,0.16648137854363534,0.4839273705447209,0.3160726294552791,0.16231493943472408,0.4839129868438192
cremad,ridge_hubert_base,GG,-0.004911861972825893,-0.007293223570755458,7435,5893,1547,7676,6140,1642,1,primary,0.26251484812489395,0.7926025554808339,0.007397444519166074,0.26742671009771984,0.7998957790515894
cremad,ridge_hubert_base,GG,-0.0024777882059584533,-0.006066069212662284,7435,3623,588,7676,3787,624,1,secondary,0.16229643941484959,0.48728984532616004,0.31271015467383995,0.16477422762080804,0.4933559145388223
cremad,ridge_hubert_base,GG,0.020197210822434364,0.005345001454551301,7435,5986,1641,7691,6151,1562,2,primary,0.2741396592048112,0.8051109616677875,-0.005110961667787517,0.25394244838237684,0.7997659602132362
cremad,ridge_hubert_base,GG,0.018173639251222423,0.005364290544052852,7435,3754,675,7691,3842,621,2,secondary,0.17980820458177943,0.5049092131809011,0.2950907868190989,0.161634565330557,0.49954492263684824
cremad,ridge_wav2vec2_base,GR,0.01728076629492764,0.012320085897056465,7435,6039,1892,7437,5949,1761,0,primary,0.3132969034608379,0.8122394082044385,-0.012239408204438529,0.29601613716591024,0.799919322307382
cremad,ridge_wav2vec2_base,GR,0.03311368523728439,0.023391231920876887,7435,3571,753,7437,3398,604,0,secondary,0.21086530383646038,0.48029589778076665,0.31970410221923334,0.177751618599176,0.45690466585988976
cremad,ridge_wav2vec2_base,GR,0.02595597543519501,0.01353054064814696,7435,6047,1931,7437,5948,1745,1,primary,0.3193319001157599,0.813315400134499,-0.013315400134499,0.2933759246805649,0.799784859486352
cremad,ridge_wav2vec2_base,GR,0.0374848508182008,0.024327697198046172,7435,3439,742,7437,3259,581,1,secondary,0.2157603954637976,0.462542030934768,0.337457969065232,0.1782755446455968,0.4382143337367218
cremad,ridge_wav2vec2_base,GR,0.03893318558321385,0.021842560232962827,7435,6109,1962,7438,5949,1679,2,primary,0.32116549353413,0.8216543375924681,-0.021654337592468098,0.28223230795091614,0.7998117773595053
cremad,ridge_wav2vec2_base,GR,0.0574287403935905,0.035830364910337975,7435,3733,857,7438,3468,597,2,secondary,0.22957406911331368,0.5020847343644923,0.2979152656355077,0.17214532871972318,0.4662543694541543
cremad,ridge_wav2vec2_base,GG,-0.007186809610361666,-0.005575041878732034,7435,5905,1806,7677,6140,1922,0,primary,0.3058425063505504,0.7942165433759247,0.005783456624075256,0.31302931596091205,0.7997915852546568
cremad,ridge_wav2vec2_base,GG,-0.004399300914583931,0.006940827714535913,7435,2866,517,7677,2906,537,0,secondary,0.18039078855547802,0.38547410894418294,0.4145258910558171,0.18479008947006195,0.378533281229647
cremad,ridge_wav2vec2_base,GG,0.01570307453373465,-0.0029892558505133504,7435,5925,1913,7676,6140,1886,1,primary,0.32286919831223626,0.796906523201076,0.0030934767989239664,0.3071661237785016,0.7998957790515894
cremad,ridge_wav2vec2_base,GG,-0.0072196557336298706,-0.007912451599812576,7435,2723,480,7676,2872,527,1,secondary,0.17627616599338963,0.36624075319435107,0.433759246805649,0.1834958217270195,0.37415320479416364
cremad,ridge_wav2vec2_base,GG,0.0013020715650981507,0.0034620155769453653,7435,5972,1902,7691,6151,1951,2,primary,0.31848626925653045,0.8032279757901816,-0.003227975790181581,0.3171841976914323,0.7997659602132362
cremad,ridge_wav2vec2_base,GG,0.007475970096119611,0.012575576987294279,7435,2809,546,7691,2809,525,2,secondary,0.19437522249911,0.3778076664425017,0.42219233355749836,0.18689925240299038,0.3652320894552074
cremad,ridge_wavlm_base_plus,GR,0.014843834282947332,0.01110959497573838,7435,6030,1615,7437,5949,1505,0,primary,0.2678275290215589,0.8110289172831204,-0.011028917283120443,0.25298369473861154,0.799919322307382
cremad,ridge_wavlm_base_plus,GR,0.021934679788784744,0.014792700739563625,7435,3767,683,7437,3658,583,0,secondary,0.18131138837271038,0.5066577000672495,0.29334229993275046,0.15937670858392564,0.4918649993276859
cremad,ridge_wavlm_base_plus,GR,0.01611510049732401,0.019717494245995004,7435,6093,1645,7437,5948,1510,1,primary,0.269981946495979,0.819502353732347,-0.019502353732347044,0.253866845998655,0.799784859486352
cremad,ridge_wavlm_base_plus,GR,0.019393248676421032,0.022862459363879595,7435,3822,682,7437,3653,581,1,secondary,0.1784406070120356,0.5140551445864155,0.28594485541358444,0.15904735833561456,0.49119268522253595
cremad,ridge_wavlm_base_plus,GR,0.016096171797109315,0.007047671194630567,7435,5999,1589,7438,5949,1480,2,primary,0.26487747957992996,0.8068594485541358,-0.0068594485541358385,0.24878130778282065,0.7998117773595053
cremad,ridge_wavlm_base_plus,GR,0.007637507820262762,0.01674002509514655,7435,3748,619,7438,3625,571,2,secondary,0.1651547491995731,0.5041022192333557,0.29589778076664425,0.15751724137931034,0.4873621941382092
cremad,ridge_wavlm_base_plus,GG,-0.00305118410667643,0.003974386500555038,7435,5976,1613,7677,6140,1676,0,primary,0.2699129852744311,0.8037659717552118,-0.0037659717552118166,0.2729641693811075,0.7997915852546568
cremad,ridge_wavlm_base_plus,GG,-0.008050897708065358,0.0016771640527663,7435,3345,533,7677,3441,576,0,secondary,0.15934230194319882,0.44989912575655683,0.3501008742434432,0.16739319965126417,0.44822196170379053
cremad,ridge_wavlm_base_plus,GG,0.0010604896085992799,-0.009848704404649244,7435,5874,1535,7676,6140,1598,1,primary,0.2613210759278175,0.7900470746469401,0.00995292535305986,0.2602605863192182,0.7998957790515894
cremad,ridge_wavlm_base_plus,GG,0.00043636043226785715,-0.001917714512399138,7435,3649,594,7676,3782,614,1,secondary,0.16278432447245822,0.49078681909885674,0.3092131809011433,0.16234796404019036,0.4927045336112559
cremad,ridge_wavlm_base_plus,GG,0.0063707864176882345,-0.004473424907251,7435,5913,1545,7691,6151,1568,2,primary,0.2612886859462202,0.7952925353059852,0.004707464694014785,0.25491789952853194,0.7997659602132362
cremad,ridge_wavlm_base_plus,GG,0.0007919189396615733,0.0015455579701407762,7435,3569,576,7691,3680,591,2,secondary,0.1613897450266181,0.4800268997982515,0.31997310020174846,0.16059782608695652,0.47848134182811075
cremad,wavlm_ft,GR,0.023266347285258004,0.007074625238011389,7435,6000,1481,7437,5949,1330,0,primary,0.24683333333333332,0.8069939475453934,-0.006993947545393453,0.22356698604807532,0.799919322307382
cremad,wavlm_ft,GR,0.023747175011483712,0.0029819639872937787,7435,4375,751,7437,4354,644,0,secondary,0.17165714285714287,0.5884330867518494,0.21156691324815063,0.14790996784565916,0.5854511227645556
cremad,wavlm_ft,GG,-0.005200736231433023,0.005453875404388242,7435,5987,1607,7677,6140,1680,0,primary,0.2684148989477201,0.805245460659045,-0.00524546065904502,0.2736156351791531,0.7997915852546568
cremad,wavlm_ft,GG,0.014034698708931176,0.01824969281337918,7435,3905,714,7677,3892,657,0,secondary,0.182842509603073,0.5252185608607935,0.27478143913920644,0.16880781089414182,0.5069688680474144
ravdess,cnn,GR,0.11175595238095237,-0.021681723419041066,1439,1120,551,1440,1152,438,0,primary,0.4919642857142857,0.778318276580959,0.02168172341904101,0.3802083333333333,0.8
ravdess,cnn,GR,0.09806701030927836,-0.003240579878001748,1439,480,150,1440,485,104,0,secondary,0.3125,0.33356497567755383,0.46643502432244616,0.21443298969072164,0.3368055555555556
ravdess,cnn,GR,0.058680086758675865,-0.0279360667129952,1439,1111,504,1440,1152,455,1,primary,0.45364536453645365,0.7720639332870048,0.027936066712995145,0.3949652777777778,0.8
ravdess,cnn,GR,0.10773680404916847,-0.01576084858312099,1439,438,146,1440,461,104,1,secondary,0.3333333333333333,0.30437804030576787,0.4956219596942321,0.22559652928416485,0.32013888888888886
ravdess,cnn,GR,0.0826305108728031,-0.022376650451702562,1439,1119,549,1440,1152,470,2,primary,0.4906166219839142,0.7776233495482975,0.022376650451702507,0.4079861111111111,0.8
ravdess,cnn,GR,0.10617314750764509,-0.035875125472936475,1439,489,164,1440,541,124,2,secondary,0.33537832310838445,0.33981931897150797,0.460180681028492,0.22920517560073936,0.37569444444444444
ravdess,cnn,GG,-0.0002658910915792623,0.013198050495558555,1439,1170,673,1499,1199,690,0,primary,0.5752136752136752,0.8130646282140376,-0.013064628214037588,0.5754795663052544,0.799866577718479
ravdess,cnn,GG,0.032769879600027196,0.0047022314158013945,1439,241,80,1499,244,73,0,secondary,0.33195020746887965,0.1674774148714385,0.6325225851285614,0.29918032786885246,0.1627751834556371
ravdess,cnn,GG,0.012721144781433713,0.011246869812982063,1439,1167,649,1498,1198,651,1,primary,0.5561268209083119,0.8109798471160529,-0.010979847116052877,0.5434056761268782,0.7997329773030708
ravdess,cnn,GG,0.04468531468531467,-0.001517891355720058,1439,286,90,1498,300,81,1,secondary,0.3146853146853147,0.19874913134120917,0.6012508686587907,0.27,0.20026702269692923
ravdess,cnn,GG,0.021132973623144036,0.017367612691527978,1439,1176,682,1499,1199,670,2,primary,0.5799319727891157,0.817234190410007,-0.01723419041000701,0.5587989991659716,0.799866577718479
ravdess,cnn,GG,0.10152006029344113,0.0812002998524381,1439,377,144,1499,271,76,2,secondary,0.3819628647214854,0.2619874913134121,0.5380125086865879,0.28044280442804426,0.180787191460974
ravdess,ridge_hubert_base,GR,0.1745965959328028,-0.014037526059763716,1439,1131,492,1440,1152,300,0,primary,0.4350132625994695,0.7859624739402363,0.01403752605976366,0.2604166666666667,0.8
ravdess,ridge_hubert_base,GR,0.20126189561814992,-0.045508551463207425,1439,673,242,1440,739,117,0,secondary,0.35958395245170877,0.467685892981237,0.332314107018763,0.15832205683355885,0.5131944444444444
ravdess,ridge_hubert_base,GR,0.1891681763285024,-0.0008339124391939512,1439,1150,530,1440,1152,313,1,primary,0.4608695652173913,0.7991660875608061,0.0008339124391938957,0.2717013888888889,0.8
ravdess,ridge_hubert_base,GR,0.1771045589571109,-0.006689155277584735,1439,529,183,1440,539,91,1,secondary,0.34593572778827975,0.3676164002779708,0.43238359972202917,0.16883116883116883,0.37430555555555556
ravdess,ridge_hubert_base,GR,0.17334066164154105,0.029742876997915224,1439,1194,549,1440,1152,330,2,primary,0.45979899497487436,0.8297428769979153,-0.02974287699791528,0.2864583333333333,0.8
ravdess,ridge_hubert_base,GR,0.23055947598885393,0.016336576326152485,1439,755,303,1440,732,125,2,secondary,0.4013245033112583,0.5246699096594858,0.2753300903405142,0.17076502732240437,0.5083333333333333
ravdess,ridge_hubert_base,GG,-0.017302270927603836,-0.0027852712556576398,1439,1147,535,1499,1199,580,0,primary,0.4664341761115955,0.7970813064628214,0.002918693537178607,0.4837364470391993,0.799866577718479
ravdess,ridge_hubert_base,GG,0.06808288664244344,0.045398345248465394,1439,361,116,1499,308,78,0,secondary,0.32132963988919666,0.250868658790827,0.549131341209173,0.2532467532467532,0.2054703135423616
ravdess,ridge_hubert_base,GG,0.009632863889959042,0.013331650910966775,1439,1170,524,1498,1198,525,1,primary,0.4478632478632479,0.8130646282140376,-0.013064628214037588,0.43823038397328884,0.7997329773030708
ravdess,ridge_hubert_base,GG,0.07758464602571066,0.02874112437152712,1439,294,91,1498,263,61,1,secondary,0.30952380952380953,0.20430854760250175,0.5956914523974983,0.23193916349809887,0.17556742323097463
ravdess,ridge_hubert_base,GG,-0.004517361327879776,0.02640166411612832,1439,1189,545,1499,1199,555,2,primary,0.45836837678721615,0.8262682418346073,-0.026268241834607353,0.4628857381150959,0.799866577718479
ravdess,ridge_hubert_base,GG,0.06184513161257349,0.03408480335048475,1439,338,104,1499,301,74,2,secondary,0.3076923076923077,0.23488533703961084,0.5651146629603891,0.24584717607973422,0.2008005336891261
ravdess,ridge_wav2vec2_base,GR,0.17552204422164103,-0.0029186935371786626,1439,1147,505,1440,1152,305,0,primary,0.44027898866608545,0.7970813064628214,0.002918693537178607,0.2647569444444444,0.8
ravdess,ridge_wav2vec2_base,GR,0.1901825557809331,-0.019108080457107546,1439,697,246,1440,725,118,0,secondary,0.35294117647058826,0.48436414176511466,0.3156358582348853,0.16275862068965516,0.5034722222222222
ravdess,ridge_wav2vec2_base,GR,0.14286912956453818,-0.009173036831132797,1439,1138,454,1440,1152,295,1,primary,0.3989455184534271,0.7908269631688672,0.009173036831132741,0.2560763888888889,0.8
ravdess,ridge_wav2vec2_base,GR,0.16229676755992545,-0.03022546521504127,1439,684,220,1440,728,116,1,secondary,0.3216374269005848,0.47533009034051427,0.3246699096594858,0.15934065934065933,0.5055555555555555
ravdess,ridge_wav2vec2_base,GR,0.17447916666666669,0.0005559416261292638,1439,1152,507,1440,1152,306,2,primary,0.4401041666666667,0.8005559416261293,-0.0005559416261293193,0.265625,0.8
ravdess,ridge_wav2vec2_base,GR,0.1942496703823565,-0.020535093815149397,1439,618,224,1440,648,109,2,secondary,0.36245954692556637,0.4294649061848506,0.37053509381514943,0.16820987654320987,0.45
ravdess,ridge_wav2vec2_base,GG,0.006895884979120415,0.0034690720382964946,1439,1156,518,1499,1199,529,0,primary,0.44809688581314877,0.8033356497567755,-0.0033356497567755272,0.44120100083402836,0.799866577718479
ravdess,ridge_wav2vec2_base,GG,0.03580746870888793,-0.0033564187568177473,1439,359,100,1499,379,92,0,secondary,0.2785515320334262,0.24947880472550382,0.5505211952744962,0.24274406332453827,0.25283522348232157
ravdess,ridge_wav2vec2_base,GG,-0.030508027801316173,-0.020719773689450216,1439,1121,487,1498,1198,557,1,primary,0.4344335414808207,0.7790132036136206,0.020986796386379403,0.46494156928213687,0.7997329773030708
ravdess,ridge_wav2vec2_base,GG,0.034716933231784736,0.014547541266511477,1439,312,86,1498,303,73,1,secondary,0.27564102564102566,0.21681723419041002,0.58318276580959,0.24092409240924093,0.20226969292389854
ravdess,ridge_wav2vec2_base,GG,-0.01873528344677755,0.0020792179729733906,1439,1154,501,1499,1199,543,2,primary,0.4341421143847487,0.8019457956914524,-0.0019457956914524233,0.45287739783152625,0.799866577718479
ravdess,ridge_wav2vec2_base,GG,0.014142144733335832,0.02204712801353323,1439,241,62,1499,218,53,2,secondary,0.2572614107883817,0.1674774148714385,0.6325225851285614,0.24311926605504589,0.14543028685790527
ravdess,ridge_wavlm_base_plus,GR,0.14067109144542772,-0.014732453092425324,1439,1130,465,1440,1152,312,0,primary,0.41150442477876104,0.7852675469075747,0.014732453092425268,0.2708333333333333,0.8
ravdess,ridge_wavlm_base_plus,GR,0.19116579558652727,0.011435410393019874,1439,672,235,1440,656,104,0,secondary,0.34970238095238093,0.4669909659485754,0.3330090340514246,0.15853658536585366,0.45555555555555555
ravdess,ridge_wavlm_base_plus,GR,0.1311940913370998,-0.020986796386379458,1439,1121,475,1440,1152,337,1,primary,0.423728813559322,0.7790132036136206,0.020986796386379403,0.2925347222222222,0.8
ravdess,ridge_wavlm_base_plus,GR,0.15384860675039247,0.0023921897922940527,1439,640,213,1440,637,114,1,secondary,0.3328125,0.44475330090340515,0.35524669909659484,0.17896389324960754,0.4423611111111111
ravdess,ridge_wavlm_base_plus,GR,0.17128843614412376,0.01862404447533006,1439,1178,529,1440,1152,320,2,primary,0.44906621392190155,0.8186240444753301,-0.018624044475330115,0.2777777777777778,0.8
ravdess,ridge_wavlm_base_plus,GR,0.19821557752592234,-0.006599393869199277,1439,715,265,1440,725,125,2,secondary,0.3706293706293706,0.49687282835302293,0.30312717164697706,0.1724137931034483,0.5034722222222222
ravdess,ridge_wavlm_base_plus,GG,-0.0011664883232431755,0.005553853136281206,1439,1159,510,1499,1199,529,0,primary,0.4400345125107852,0.8054204308547602,-0.005420430854760239,0.44120100083402836,0.799866577718479
ravdess,ridge_wavlm_base_plus,GG,0.06209150326797383,0.008511581267289153,1439,306,92,1499,306,73,0,secondary,0.3006535947712418,0.2126476719944406,0.5873523280055595,0.238562091503268,0.20413609072715144
ravdess,ridge_wavlm_base_plus,GG,0.011005184078727748,-0.00751616006888034,1439,1140,495,1498,1198,507,1,primary,0.4342105263157895,0.7922168172341905,0.0077831827658095265,0.42320534223706174,0.7997329773030708
ravdess,ridge_wavlm_base_plus,GG,0.08637571605740271,0.0025148193885569936,1439,287,89,1498,295,66,1,secondary,0.31010452961672474,0.19944405837387075,0.6005559416261292,0.22372881355932203,0.19692923898531375
ravdess,ridge_wavlm_base_plus,GG,0.03090627206760571,-0.0020903442229960323,1439,1148,519,1499,1199,505,2,primary,0.4520905923344948,0.797776233495483,0.0022237665045169996,0.42118432026688907,0.799866577718479
ravdess,ridge_wavlm_base_plus,GG,0.0969084166954122,0.01620955550167566,1439,223,72,1499,208,47,2,secondary,0.32286995515695066,0.15496872828353023,0.6450312717164697,0.22596153846153846,0.13875917278185457
ravdess,wavlm_ft,GR,0.10988697077889195,-0.03766504517025715,1439,1097,291,1440,1152,179,0,primary,0.2652689152233364,0.7623349548297429,0.037665045170257094,0.15538194444444445,0.8
ravdess,wavlm_ft,GR,0.10264184656003453,-0.050974345610377614,1439,859,183,1440,933,103,0,secondary,0.21303841676367868,0.5969423210562891,0.2030576789437109,0.11039657020364416,0.6479166666666667
ravdess,wavlm_ft,GG,-0.002872764340654199,0.025706737083466824,1439,1188,384,1499,1199,391,0,primary,0.32323232323232326,0.8255733148019458,-0.025573314801945857,0.32610508757297746,0.799866577718479
ravdess,wavlm_ft,GG,0.023643695014662763,0.057662717929627405,1439,682,144,1499,624,117,0,secondary,0.21114369501466276,0.4739402362751911,0.3260597637248089,0.1875,0.4162775183455637
subesco_980,cnn,GR,0.0481689955397554,-0.01122448979591828,980,774,409,980,785,377,0,primary,0.5284237726098191,0.789795918367347,0.010204081632653017,0.4802547770700637,0.8010204081632653
subesco_980,cnn,GR,0.16783824182927326,-0.0010204081632653184,980,222,95,980,223,58,0,secondary,0.42792792792792794,0.22653061224489796,0.573469387755102,0.2600896860986547,0.22755102040816327
subesco_980,cnn,GR,0.048554441880000354,-0.004081632653061162,980,781,413,980,785,377,1,primary,0.528809218950064,0.7969387755102041,0.0030612244897958996,0.4802547770700637,0.8010204081632653
subesco_980,cnn,GR,0.11612903225806454,0.0,980,155,55,980,155,37,1,secondary,0.3548387096774194,0.15816326530612246,0.6418367346938776,0.23870967741935484,0.15816326530612246
subesco_980,cnn,GR,0.031216690497855137,-0.0010204081632652073,980,784,396,980,785,372,2,primary,0.5051020408163265,0.8,-5.551115123125783e-17,0.47388535031847134,0.8010204081632653
subesco_980,cnn,GR,0.09333333333333332,0.004081632653061218,980,129,43,980,125,30,2,secondary,0.3333333333333333,0.13163265306122449,0.6683673469387754,0.24,0.12755102040816327
subesco_980,cnn,GG,0.020514828696784893,0.01224489795918371,980,797,458,980,785,435,0,primary,0.5746549560853199,0.813265306122449,-0.013265306122448972,0.554140127388535,0.8010204081632653
subesco_980,cnn,GG,0.11821589205397298,0.0010204081632653045,980,116,47,980,115,33,0,secondary,0.4051724137931034,0.11836734693877551,0.6816326530612244,0.28695652173913044,0.11734693877551021
subesco_980,cnn,GG,0.017169410727877255,0.010204081632653073,980,795,439,980,785,420,1,primary,0.5522012578616352,0.8112244897959183,-0.011224489795918335,0.535031847133758,0.8010204081632653
subesco_980,cnn,GG,0.16260028120089326,0.006122448979591827,980,113,49,980,107,29,1,secondary,0.4336283185840708,0.11530612244897959,0.6846938775510205,0.27102803738317754,0.10918367346938776
subesco_980,cnn,GG,0.08516420927658075,0.009183673469387754,980,794,454,980,785,382,2,primary,0.5717884130982368,0.810204081632653,-0.010204081632653017,0.48662420382165605,0.8010204081632653
subesco_980,cnn,GG,0.2293715846994535,-0.002040816326530609,980,120,59,980,122,32,2,secondary,0.49166666666666664,0.12244897959183673,0.6775510204081632,0.26229508196721313,0.12448979591836734
subesco_980,ridge_hubert_base,GR,0.05199484193661841,0.030612244897959218,980,815,494,980,785,435,0,primary,0.6061349693251534,0.8316326530612245,-0.03163265306122448,0.554140127388535,0.8010204081632653
subesco_980,ridge_hubert_base,GR,0.05333333333333329,0.004081632653061225,980,54,18,980,50,14,0,secondary,0.3333333333333333,0.05510204081632653,0.7448979591836735,0.28,0.05102040816326531
subesco_980,ridge_hubert_base,GR,0.04882691705287512,0.008163265306122547,980,793,463,980,785,420,1,primary,0.5838587641866331,0.8091836734693878,-0.00918367346938781,0.535031847133758,0.8010204081632653
subesco_980,ridge_hubert_base,GR,0.14442929489676665,0.015306122448979581,980,151,64,980,136,38,1,secondary,0.423841059602649,0.1540816326530612,0.6459183673469389,0.27941176470588236,0.13877551020408163
subesco_980,ridge_hubert_base,GR,0.014286866080786886,0.005102040816326592,980,790,440,980,785,426,2,primary,0.5569620253164557,0.8061224489795918,-0.006122448979591855,0.5426751592356688,0.8010204081632653
subesco_980,ridge_hubert_base,GR,0.16779422128259341,0.019387755102040813,980,129,58,980,110,31,2,secondary,0.4496124031007752,0.13163265306122449,0.6683673469387754,0.2818181818181818,0.11224489795918367
subesco_980,ridge_hubert_base,GG,0.004954175071874456,0.0173469387755103,980,802,477,980,785,463,0,primary,0.5947630922693267,0.8183673469387756,-0.018367346938775564,0.5898089171974522,0.8010204081632653
subesco_980,ridge_hubert_base,GG,0.07500000000000001,0.006122448979591834,980,56,21,980,50,15,0,secondary,0.375,0.05714285714285714,0.7428571428571429,0.3,0.05102040816326531
subesco_980,ridge_hubert_base,GG,-0.059071695190382356,-0.012244897959183598,980,773,427,980,785,480,1,primary,0.5523932729624839,0.7887755102040817,0.011224489795918335,0.6114649681528662,0.8010204081632653
subesco_980,ridge_hubert_base,GG,0.059113300492610876,0.002040816326530616,980,58,20,980,56,16,1,secondary,0.3448275862068966,0.05918367346938776,0.7408163265306122,0.2857142857142857,0.05714285714285714
subesco_980,ridge_hubert_base,GG,-0.01585532302092807,-0.0010204081632652073,980,784,434,980,785,447,2,primary,0.5535714285714286,0.8,-5.551115123125783e-17,0.5694267515923567,0.8010204081632653
subesco_980,ridge_hubert_base,GG,0.10612030470186495,-0.013265306122448972,980,81,31,980,94,26,2,secondary,0.38271604938271603,0.0826530612244898,0.7173469387755103,0.2765957446808511,0.09591836734693877
subesco_980,ridge_wav2vec2_base,GR,0.09944820133283117,-0.0071428571428571175,980,778,452,980,785,378,0,primary,0.5809768637532133,0.7938775510204081,0.006122448979591855,0.48152866242038217,0.8010204081632653
subesco_980,ridge_wav2vec2_base,GR,0.18756984659148634,0.011224489795918363,980,204,89,980,193,48,0,secondary,0.4362745098039216,0.20816326530612245,0.5918367346938775,0.24870466321243523,0.19693877551020408
subesco_980,ridge_wav2vec2_base,GR,0.07936845375828883,-0.006122448979591799,980,779,429,980,785,370,1,primary,0.5507060333761232,0.7948979591836735,0.005102040816326536,0.4713375796178344,0.8010204081632653
subesco_980,ridge_wav2vec2_base,GR,0.20652173913043476,0.012244897959183682,980,184,84,980,172,43,1,secondary,0.45652173913043476,0.18775510204081633,0.6122448979591837,0.25,0.17551020408163265
subesco_980,ridge_wav2vec2_base,GR,0.04765989333801013,0.014285714285714346,980,799,433,980,785,388,2,primary,0.541927409261577,0.8153061224489796,-0.015306122448979609,0.4942675159235669,0.8010204081632653
subesco_980,ridge_wav2vec2_base,GR,0.09277389277389275,0.022448979591836726,980,165,58,980,143,37,2,secondary,0.3515151515151515,0.1683673469387755,0.6316326530612244,0.25874125874125875,0.14591836734693878
subesco_980,ridge_wav2vec2_base,GG,0.0029567719615894994,0.003061224489795955,980,788,441,980,785,437,0,primary,0.5596446700507615,0.8040816326530612,-0.004081632653061218,0.556687898089172,0.8010204081632653
subesco_980,ridge_wav2vec2_base,GG,0.12481962481962483,0.005102040816326522,980,77,31,980,72,20,0,secondary,0.4025974025974026,0.07857142857142857,0.7214285714285715,0.2777777777777778,0.07346938775510205
subesco_980,ridge_wav2vec2_base,GG,-0.026159374469857055,0.04183673469387761,980,826,454,980,785,452,1,primary,0.549636803874092,0.8428571428571429,-0.04285714285714287,0.575796178343949,0.8010204081632653
subesco_980,ridge_wav2vec2_base,GG,0.09280303030303033,-0.004081632653061225,980,44,16,980,48,13,1,secondary,0.36363636363636365,0.044897959183673466,0.7551020408163265,0.2708333333333333,0.04897959183673469
subesco_980,ridge_wav2vec2_base,GG,0.01497431682761452,-0.010204081632652962,980,775,446,980,785,440,2,primary,0.5754838709677419,0.7908163265306123,0.009183673469387699,0.5605095541401274,0.8010204081632653
subesco_980,ridge_wav2vec2_base,GG,0.0605451686178578,-0.021428571428571436,980,97,33,980,118,33,2,secondary,0.3402061855670103,0.09897959183673469,0.7010204081632654,0.2796610169491525,0.12040816326530612
subesco_980,ridge_wavlm_base_plus,GR,0.03833998720019505,0.05204081632653068,980,836,441,980,785,384,0,primary,0.527511961722488,0.8530612244897959,-0.053061224489795944,0.489171974522293,0.8010204081632653
subesco_980,ridge_wavlm_base_plus,GR,0.17461845930232556,0.04183673469387758,980,256,109,980,215,54,0,secondary,0.42578125,0.2612244897959184,0.5387755102040817,0.25116279069767444,0.2193877551020408
subesco_980,ridge_wavlm_base_plus,GR,0.006609928857925329,0.03673469387755113,980,821,429,980,785,405,1,primary,0.5225334957369062,0.8377551020408164,-0.03775510204081639,0.5159235668789809,0.8010204081632653
subesco_980,ridge_wavlm_base_plus,GR,0.09962835906232131,0.027551020408163263,980,159,58,980,132,35,1,secondary,0.36477987421383645,0.16224489795918368,0.6377551020408163,0.26515151515151514,0.1346938775510204
subesco_980,ridge_wavlm_base_plus,GR,0.04592902199718796,0.044897959183673564,980,829,470,980,785,409,2,primary,0.5669481302774427,0.8459183673469388,-0.045918367346938826,0.5210191082802548,0.8010204081632653
subesco_980,ridge_wavlm_base_plus,GR,0.10412878022496125,0.056122448979591844,980,202,76,980,147,40,2,secondary,0.37623762376237624,0.20612244897959184,0.5938775510204082,0.272108843537415,0.15
subesco_980,ridge_wavlm_base_plus,GG,-0.011339470675709395,-0.04489795918367345,980,741,389,980,785,421,0,primary,0.524966261808367,0.7561224489795918,0.04387755102040819,0.5363057324840764,0.8010204081632653
subesco_980,ridge_wavlm_base_plus,GG,0.12638533674339303,0.0010204081632653045,980,69,28,980,68,19,0,secondary,0.4057971014492754,0.07040816326530612,0.7295918367346939,0.27941176470588236,0.06938775510204082
subesco_980,ridge_wavlm_base_plus,GG,-0.022900576592152833,-0.004081632653061162,980,781,395,980,785,415,1,primary,0.5057618437900128,0.7969387755102041,0.0030612244897958996,0.5286624203821656,0.8010204081632653
subesco_980,ridge_wavlm_base_plus,GG,0.048347613219094254,0.009183673469387754,980,95,30,980,86,23,1,secondary,0.3157894736842105,0.09693877551020408,0.703061224489796,0.26744186046511625,0.08775510204081632
subesco_980,ridge_wavlm_base_plus,GG,0.002951361496109417,-0.01836734693877551,980,767,397,980,785,404,2,primary,0.5176010430247718,0.7826530612244897,0.017346938775510246,0.5146496815286624,0.8010204081632653
subesco_980,ridge_wavlm_base_plus,GG,0.02797619047619046,-0.013265306122448979,980,35,9,980,48,11,2,secondary,0.2571428571428571,0.03571428571428571,0.7642857142857142,0.22916666666666666,0.04897959183673469
subesco_980,wavlm_ft,GR,0.06619285957912607,0.01836734693877562,980,803,314,980,785,255,0,primary,0.39103362391033625,0.8193877551020409,-0.019387755102040882,0.3248407643312102,0.8010204081632653
subesco_980,wavlm_ft,GR,0.07979883987015057,-0.007142857142857173,980,430,115,980,437,82,0,secondary,0.26744186046511625,0.4387755102040816,0.3612244897959184,0.18764302059496568,0.4459183673469388
subesco_980,wavlm_ft,GG,-0.03323621974939689,-0.02244897959183667,980,763,309,980,785,344,0,primary,0.40498034076015726,0.7785714285714286,0.021428571428571408,0.43821656050955415,0.8010204081632653
subesco_980,wavlm_ft,GG,0.044532080822403425,-0.02551020408163268,980,248,71,980,273,66,0,secondary,0.2862903225806452,0.2530612244897959,0.5469387755102042,0.24175824175824176,0.2785714285714286
