corpus,model,window,criterion,n_draws,folds_per_draw,df,mean_pp,sd_draw_pp,se_pp,pointwise_95_low_pp,pointwise_95_high_pp
subesco,wavlm_base_plus,1,CE,24,5,23,0.0,0.0,0.0,0.0,0.0
subesco,wavlm_base_plus,1,UAR,24,5,23,0.0,0.0,0.0,0.0,0.0
subesco,wavlm_base_plus,2,CE,24,5,23,0.0,0.0,0.0,0.0,0.0
subesco,wavlm_base_plus,2,UAR,24,5,23,0.014880952380952397,1.101942136166028,0.22493299663993915,-0.45042840295262004,0.4801903077145248
subesco,wavlm_base_plus,3,CE,24,5,23,0.29761904761904756,1.1375393879832252,0.23219925523973037,-0.18272170886625583,0.777959804104351
subesco,wavlm_base_plus,3,UAR,24,5,23,-0.13392857142857154,1.372391047487091,0.2801381494922576,-0.7134384863444394,0.4455813434872964
subesco,wavlm_base_plus,4,CE,24,5,23,0.11904761904761917,1.4465739389672212,0.2952806688064723,-0.49178698368851637,0.7298822217837547
subesco,wavlm_base_plus,4,UAR,24,5,23,0.32738095238095233,1.0735830650007356,0.21914422547875234,-0.12595341743505667,0.7807153221969614
subesco,wavlm_base_plus,5,CE,24,5,23,1.056547619047619,1.6023190778033491,0.3270720121454254,0.37994761196791327,1.7331476261273249
subesco,wavlm_base_plus,5,UAR,24,5,23,0.17857142857142852,2.4061810379152098,0.491159647637724,-0.8374697144450877,1.1946125715879448
subesco,wavlm_base_plus,6,CE,24,5,23,1.4732142857142856,1.937100131905752,0.3954089086539234,0.6552486375998565,2.2911799338287144
subesco,wavlm_base_plus,6,UAR,24,5,23,-0.16369047619047616,1.9418657461732256,0.3963816855927766,-0.983668466722704,0.6562875143417517
subesco,wavlm_base_plus,7,CE,24,5,23,1.5922619047619047,1.9475690905122829,0.39754587588095003,0.7698756031300709,2.4146482063937382
subesco,wavlm_base_plus,7,UAR,24,5,23,0.29761904761904745,1.966519527880274,0.4014141177104625,-0.5327693219123486,1.1280074171504435
subesco,wavlm_base_plus,8,CE,24,5,23,1.369047619047619,1.9121879052629775,0.39032372168464297,0.5616014816575957,2.1764937564376425
subesco,wavlm_base_plus,8,UAR,24,5,23,0.788690476190476,2.2439388109223386,0.45804209173227917,-0.15884178276376326,1.7362227351447155
subesco,wavlm_base_plus,9,CE,24,5,23,1.7708333333333333,2.4072851540839637,0.4913850244069077,0.7543259629480337,2.787340703718633
subesco,wavlm_base_plus,9,UAR,24,5,23,0.7886904761904763,2.2340312922713674,0.45601972795628026,-0.15465820454750712,1.7320391569284597
subesco,wavlm_base_plus,10,CE,24,5,23,1.5922619047619047,2.124609590595867,0.4336841166319453,0.6951179563733687,2.4894058531504406
subesco,wavlm_base_plus,10,UAR,24,5,23,-0.04464285714285723,1.8402013339369274,0.3756295243445355,-0.8216917313762678,0.7324060170905534
subesco,wavlm_base_plus,11,CE,24,5,23,1.8601190476190477,2.3829733917406344,0.4864224066994937,0.8538776341217904,2.866360461116305
subesco,wavlm_base_plus,11,UAR,24,5,23,0.6101190476190477,1.9489923188299962,0.39783639114477315,-0.21286823062423665,1.433106325862332
subesco,wavlm_base_plus,12,CE,24,5,23,2.142857142857143,2.678830215242104,0.5468139279077656,1.0116863494076105,3.274027936306675
subesco,wavlm_base_plus,12,UAR,24,5,23,0.044642857142857206,2.1176375667808096,0.4322609582301601,-0.8495570637869939,0.9388427780727083
subesco,wavlm_base_plus,13,CE,24,5,23,2.1279761904761902,2.727003481618739,0.5566472547299264,0.9764636106602573,3.279488770292123
subesco,wavlm_base_plus,13,UAR,24,5,23,-0.08928571428571432,2.8808219089940006,0.5880453097388216,-1.3057501195481545,1.1271786909767256
subesco,wavlm_base_plus,14,CE,24,5,23,2.3363095238095237,2.3454423669065783,0.4787614183355636,1.3459160721946422,3.3267029754244053
subesco,wavlm_base_plus,14,UAR,24,5,23,0.08928571428571411,2.5303175007962633,0.5164988970154345,-0.9791736597983088,1.157745088369737
subesco,wavlm_base_plus,15,CE,24,5,23,2.3363095238095237,2.678787085866458,0.5468051241608275,1.2051569422980952,3.4674621053209522
subesco,wavlm_base_plus,15,UAR,24,5,23,0.47619047619047583,2.515847435172879,0.5135452072386112,-0.5861587250579048,1.5385396774388564
subesco,wavlm_base_plus,16,CE,24,5,23,2.4404761904761902,2.698767889585438,0.5508836886410112,1.3008864555132447,3.580065925439136
subesco,wavlm_base_plus,16,UAR,24,5,23,0.6547619047619044,2.453350629415774,0.5007881001837161,-0.3811972098904368,1.6907210194142457
subesco,wavlm_base_plus,17,CE,24,5,23,2.6041666666666665,2.702489828253397,0.5516434261902141,1.4630052948406413,3.7453280384926915
subesco,wavlm_base_plus,17,UAR,24,5,23,0.8779761904761904,2.044804176463559,0.41739390468730764,0.014531113002268392,1.7414212679501122
subesco,wavlm_base_plus,18,CE,24,5,23,2.6785714285714284,2.8435234401301592,0.5804317916635302,1.4778567854175029,3.879286071725354
subesco,wavlm_base_plus,18,UAR,24,5,23,0.9374999999999998,1.7742254643154507,0.3621622563521182,0.1883102921906561,1.6866897078093435
subesco,wavlm_base_plus,19,CE,24,5,23,2.6785714285714284,2.8435234401301592,0.5804317916635302,1.4778567854175029,3.879286071725354
subesco,wavlm_base_plus,19,UAR,24,5,23,0.6994047619047616,2.010617245175143,0.410415526559957,-0.14960444054763455,1.5484139643571577
subesco,wavlm_base_plus,20,CE,24,5,23,2.6785714285714284,2.835711547787217,0.5788371958163832,1.4811554582522464,3.8759873988906106
subesco,wavlm_base_plus,20,UAR,24,5,23,0.7589285714285712,2.214918012307055,0.4521182460209864,-0.176349279012054,1.6942064218691963
subesco,wavlm_base_plus,21,CE,24,5,23,2.6785714285714284,2.835711547787217,0.5788371958163832,1.4811554582522464,3.8759873988906106
subesco,wavlm_base_plus,21,UAR,24,5,23,0.7886904761904759,2.1608436814257357,0.44108036945084844,-0.12375378688046734,1.7011347392614193
subesco,wavlm_base_plus,22,CE,24,5,23,2.6785714285714284,2.835711547787217,0.5788371958163832,1.4811554582522464,3.8759873988906106
subesco,wavlm_base_plus,22,UAR,24,5,23,0.6696428571428569,2.1514127856522487,0.439155295912314,-0.2388190879019808,1.5781048021876947
subesco,wavlm_base_plus,23,CE,24,5,23,2.708333333333333,2.817891616401606,0.5751997175542037,1.5184420601039423,3.8982246065627235
subesco,wavlm_base_plus,23,UAR,24,5,23,0.5357142857142854,2.1350790513367337,0.435821186356714,-0.36585052822438957,1.4372790996529603
subesco,wavlm_base_plus,24,CE,24,5,23,2.708333333333333,2.817891616401606,0.5751997175542037,1.5184420601039423,3.8982246065627235
subesco,wavlm_base_plus,24,UAR,24,5,23,0.47619047619047583,1.9179795022867048,0.39150592647663907,-0.3337012381395841,1.2860821905205357
subesco,wavlm_base_plus,25,CE,24,5,23,2.708333333333333,2.817891616401606,0.5751997175542037,1.5184420601039423,3.8982246065627235
subesco,wavlm_base_plus,25,UAR,24,5,23,0.6547619047619047,2.002844767714432,0.4088289762419549,-0.19096526830084382,1.5004890778246531
subesco,wavlm_base_plus,26,CE,24,5,23,2.6636904761904763,2.8648559837711196,0.5847862788998641,1.453967889875636,3.8734130625053167
subesco,wavlm_base_plus,26,UAR,24,5,23,0.6696428571428571,2.0619092146801625,0.4208854559924314,-0.20102504451057768,1.5403107587962919
subesco,wavlm_base_plus,27,CE,24,5,23,2.6636904761904763,2.8648559837711196,0.5847862788998641,1.453967889875636,3.8734130625053167
subesco,wavlm_base_plus,27,UAR,24,5,23,0.6101190476190474,2.264848389701795,0.46231024162779544,-0.3462425520989608,1.5664806473370558
subesco,wavlm_base_plus,28,CE,24,5,23,2.6636904761904763,2.8648559837711196,0.5847862788998641,1.453967889875636,3.8734130625053167
subesco,wavlm_base_plus,28,UAR,24,5,23,0.5803571428571428,2.41724730145992,0.49341853922469925,-0.44035687343188123,1.6010711591461668
subesco,wavlm_base_plus,29,CE,24,5,23,2.6636904761904763,2.8648559837711196,0.5847862788998641,1.453967889875636,3.8734130625053167
subesco,wavlm_base_plus,29,UAR,24,5,23,0.6398809523809523,2.378314403014438,0.4854713946081136,-0.3643931427158711,1.6441550474777757
subesco,wavlm_base_plus,30,CE,24,5,23,2.6636904761904763,2.8648559837711196,0.5847862788998641,1.453967889875636,3.8734130625053167
subesco,wavlm_base_plus,30,UAR,24,5,23,0.5654761904761902,2.474171517262952,0.5050381461184912,-0.47927481404375394,1.6102271949961344
subesco,wavlm_base_plus,31,CE,24,5,23,2.6636904761904763,2.8648559837711196,0.5847862788998641,1.453967889875636,3.8734130625053167
subesco,wavlm_base_plus,31,UAR,24,5,23,0.4910714285714285,2.7154551665076747,0.5542899647790114,-0.6555647254475797,1.6377075825904366
subesco,wavlm_base_plus,32,CE,24,5,23,2.619047619047619,2.8291851604288003,0.5775050025753939,1.4243875004149582,3.81370773768028
subesco,wavlm_base_plus,32,UAR,24,5,23,0.3869047619047617,2.5514159705150457,0.5208056041124827,-0.6904637145914159,1.4642732384009391
subesco,wavlm_base_plus,33,CE,24,5,23,2.619047619047619,2.8291851604288003,0.5775050025753939,1.4243875004149582,3.81370773768028
subesco,wavlm_base_plus,33,UAR,24,5,23,0.476190476190476,2.442022183654343,0.4984756908758577,-0.5549850553487601,1.5073660077297122
subesco,wavlm_base_plus,34,CE,24,5,23,2.619047619047619,2.8291851604288003,0.5775050025753939,1.4243875004149582,3.81370773768028
subesco,wavlm_base_plus,34,UAR,24,5,23,0.47619047619047605,2.493706956776648,0.5090258010109545,-0.5768096209704872,1.5291905733514393
subesco,wavlm_base_plus,35,CE,24,5,23,2.619047619047619,2.8291851604288003,0.5775050025753939,1.4243875004149582,3.81370773768028
subesco,wavlm_base_plus,35,UAR,24,5,23,0.476190476190476,2.4668760952525774,0.5035489743365172,-0.5654799417894665,1.5178608941704186
subesco,wavlm_base_plus,36,CE,24,5,23,2.619047619047619,2.8291851604288003,0.5775050025753939,1.4243875004149582,3.81370773768028
subesco,wavlm_base_plus,36,UAR,24,5,23,0.5803571428571427,2.4514190609930044,0.5003938204304612,-0.4547863419829937,1.615500627697279
subesco,wavlm_base_plus,37,CE,24,5,23,2.619047619047619,2.8291851604288003,0.5775050025753939,1.4243875004149582,3.81370773768028
subesco,wavlm_base_plus,37,UAR,24,5,23,0.5505952380952379,2.494401821401963,0.5091676396586489,-0.5026982746637298,1.6038887508542057
subesco,wavlm_base_plus,38,CE,24,5,23,2.619047619047619,2.8291851604288003,0.5775050025753939,1.4243875004149582,3.81370773768028
subesco,wavlm_base_plus,38,UAR,24,5,23,0.6398809523809522,2.4084367356467022,0.49162009000906653,-0.3771126882512009,1.6568745930131055
subesco,wavlm_base_plus,39,CE,24,5,23,2.619047619047619,2.8291851604288003,0.5775050025753939,1.4243875004149582,3.81370773768028
subesco,wavlm_base_plus,39,UAR,24,5,23,0.595238095238095,2.4442920730835125,0.4989390301153579,-0.436895926545139,1.627372117021329
subesco,wavlm_base_plus,40,CE,24,5,23,2.619047619047619,2.8291851604288003,0.5775050025753939,1.4243875004149582,3.81370773768028
subesco,wavlm_base_plus,40,UAR,24,5,23,0.4464285714285712,2.488326784474942,0.5079275779386683,-0.6042996782159693,1.4971568210731117
subesco,wavlm_base_plus,41,CE,24,5,23,2.619047619047619,2.8291851604288003,0.5775050025753939,1.4243875004149582,3.81370773768028
subesco,wavlm_base_plus,41,UAR,24,5,23,0.520833333333333,2.4381869533813774,0.4976928277746209,-0.5087227224936135,1.5503893891602796
subesco,wavlm_base_plus,42,CE,24,5,23,2.619047619047619,2.8291851604288003,0.5775050025753939,1.4243875004149582,3.81370773768028
subesco,wavlm_base_plus,42,UAR,24,5,23,0.5059523809523807,2.3452945837171284,0.4787312522183375,-0.4843786672945243,1.4962834291992857
subesco,wavlm_base_plus,43,CE,24,5,23,2.619047619047619,2.8291851604288003,0.5775050025753939,1.4243875004149582,3.81370773768028
subesco,wavlm_base_plus,43,UAR,24,5,23,0.5059523809523807,2.326300827447115,0.4748541679549774,-0.47635830742688845,1.4882630693316499
subesco,wavlm_base_plus,44,CE,24,5,23,2.619047619047619,2.8291851604288003,0.5775050025753939,1.4243875004149582,3.81370773768028
subesco,wavlm_base_plus,44,UAR,24,5,23,0.44642857142857123,2.3270953291189973,0.4750163449296357,-0.5362176055835595,1.429074748440702
subesco,wavlm_base_plus,45,CE,24,5,23,2.619047619047619,2.8291851604288003,0.5775050025753939,1.4243875004149582,3.81370773768028
subesco,wavlm_base_plus,45,UAR,24,5,23,0.4910714285714284,2.3497732054658194,0.4796454470546062,-0.5011507757809296,1.4832936329237865
ravdess,wavlm_base_plus,1,CE,24,5,23,0.0,0.0,0.0,0.0,0.0
ravdess,wavlm_base_plus,1,UAR,24,5,23,0.0,0.0,0.0,0.0,0.0
ravdess,wavlm_base_plus,2,CE,24,5,23,0.0,0.0,0.0,0.0,0.0
ravdess,wavlm_base_plus,2,UAR,24,5,23,0.15624999999999994,1.0118000950618407,0.20653282955008528,-0.2709957096501642,0.5834957096501641
ravdess,wavlm_base_plus,3,CE,24,5,23,0.0,0.0,0.0,0.0,0.0
ravdess,wavlm_base_plus,3,UAR,24,5,23,0.060763888888888895,1.3605676013584713,0.27772469865755733,-0.5137534225904039,0.6352812003681818
ravdess,wavlm_base_plus,4,CE,24,5,23,-0.0347222222222222,0.1701034543599428,0.0347222222222222,-0.10655061147288358,0.03710616702843917
ravdess,wavlm_base_plus,4,UAR,24,5,23,0.017361111111111042,1.6276185083909198,0.33223623678896785,-0.6699219085793724,0.7046441308015945
ravdess,wavlm_base_plus,5,CE,24,5,23,-0.18229166666666666,0.8930431353897004,0.18229166666666669,-0.5593907102326391,0.1948073768993058
ravdess,wavlm_base_plus,5,UAR,24,5,23,0.32986111111111105,1.7910100189791613,0.3655883892259468,-0.4264160925419851,1.0861383147642072
ravdess,wavlm_base_plus,6,CE,24,5,23,-0.29513888888888884,1.0478379992273608,0.21388903593382233,-0.7376020708585838,0.14732429308080608
ravdess,wavlm_base_plus,6,UAR,24,5,23,0.0954861111111111,1.9093859497526218,0.3897517749111137,-0.7107768642330963,0.9017490864553184
ravdess,wavlm_base_plus,7,CE,24,5,23,0.19965277777777776,1.0434390115446157,0.2129910963331962,-0.2409528746033853,0.6402584301589408
ravdess,wavlm_base_plus,7,UAR,24,5,23,0.26041666666666663,2.344378941377214,0.4785443475083643,-0.729527739729529,1.2503610730628623
ravdess,wavlm_base_plus,8,CE,24,5,23,0.24305555555555558,1.027377843587433,0.2097126241525098,-0.19076806039848337,0.6768791715095945
ravdess,wavlm_base_plus,8,UAR,24,5,23,0.5729166666666667,2.4652246200977777,0.503211868382172,-0.468056394515302,1.6138897278486355
ravdess,wavlm_base_plus,9,CE,24,5,23,0.13888888888888892,0.9687654211540752,0.19774841352332775,-0.27018487169443617,0.547962649472214
ravdess,wavlm_base_plus,9,UAR,24,5,23,0.13020833333333337,2.2729078245421075,0.46395536687562666,-0.8295564672486935,1.0899731339153602
ravdess,wavlm_base_plus,10,CE,24,5,23,0.15624999999999997,0.8562298342066266,0.1747771830295061,-0.2053041498015908,0.5178041498015907
ravdess,wavlm_base_plus,10,UAR,24,5,23,-0.234375,2.122203064843219,0.43319288661970745,-1.1305027616852539,0.6617527616852539
ravdess,wavlm_base_plus,11,CE,24,5,23,0.24305555555555547,1.1843679562182465,0.24175809670313927,-0.2570591710698179,0.7431702821809288
ravdess,wavlm_base_plus,11,UAR,24,5,23,0.10416666666666667,2.776116653078106,0.5666724388736989,-1.0680845866241335,1.276417919957467
ravdess,wavlm_base_plus,12,CE,24,5,23,0.16493055555555552,0.8965580289728156,0.18300914131490129,-0.21365269740177018,0.5435138085128812
ravdess,wavlm_base_plus,12,UAR,24,5,23,-0.4166666666666668,2.447362525931402,0.4995657836784083,-1.4500972269779622,0.6167638936446287
ravdess,wavlm_base_plus,13,CE,24,5,23,-0.4600694444444445,1.4209483020481068,0.29004985757433427,-1.0600832897165522,0.13994440082766318
ravdess,wavlm_base_plus,13,UAR,24,5,23,0.17361111111111122,2.7982338575281855,0.5711870943269913,-1.0079794185415625,1.3552016407637848
ravdess,wavlm_base_plus,14,CE,24,5,23,-0.1041666666666667,1.2842529172852035,0.2621470290024566,-0.6464591132613416,0.4381257799280082
ravdess,wavlm_base_plus,14,UAR,24,5,23,1.1631944444444444,2.1745576993036178,0.44387973162786654,0.2449592595016934,2.0814296293871957
ravdess,wavlm_base_plus,15,CE,24,5,23,0.2170138888888888,1.198326830641552,0.24460744001319637,-0.28899515345953075,0.7230229312373084
ravdess,wavlm_base_plus,15,UAR,24,5,23,0.7031250000000001,2.125313009768856,0.4338277014693715,-0.19431597625521835,1.6005659762552185
ravdess,wavlm_base_plus,16,CE,24,5,23,0.16493055555555555,1.8389029022372778,0.37536448308370246,-0.6115700390565577,0.9414311501676689
ravdess,wavlm_base_plus,16,UAR,24,5,23,0.5208333333333333,2.438092180017169,0.4976734822426611,-0.508682703211697,1.5503493698783635
ravdess,wavlm_base_plus,17,CE,24,5,23,0.5295138888888888,2.0029597350625408,0.4088524438536172,-0.31626183062732316,1.375289608405101
ravdess,wavlm_base_plus,17,UAR,24,5,23,0.3211805555555554,2.4504288039994573,0.5001916850680935,-0.7135447804288844,1.355905891539995
ravdess,wavlm_base_plus,18,CE,24,5,23,0.2430555555555555,1.5119125734081418,0.30861786171234684,-0.3953691327869443,0.8814802438980552
ravdess,wavlm_base_plus,18,UAR,24,5,23,0.451388888888889,2.567526049741864,0.5240940602642756,-0.6327822774522243,1.5355600552300024
ravdess,wavlm_base_plus,19,CE,24,5,23,0.19965277777777762,1.6997166557822627,0.34695320949803155,-0.51807461950964,0.9173801750651951
ravdess,wavlm_base_plus,19,UAR,24,5,23,0.295138888888889,2.265510037202097,0.4624452998582394,-0.6615021000653769,1.251779877843155
ravdess,wavlm_base_plus,20,CE,24,5,23,0.1996527777777777,1.6829808053281712,0.3435370183293607,-0.5110076896499225,0.9103132452054779
ravdess,wavlm_base_plus,20,UAR,24,5,23,0.8420138888888888,2.1549985136889562,0.4398872295828411,-0.06796217631380663,1.7519899540915844
ravdess,wavlm_base_plus,21,CE,24,5,23,0.4427083333333332,2.248282103846904,0.458928662687998,-0.5066579373756304,1.3920746040422967
ravdess,wavlm_base_plus,21,UAR,24,5,23,1.0416666666666665,2.396719275389622,0.48922827344980085,0.029620875562564652,2.0537124577707684
ravdess,wavlm_base_plus,22,CE,24,5,23,0.6163194444444443,2.6089479055189573,0.5325492611686952,-0.48534263759521845,1.717981526484107
ravdess,wavlm_base_plus,22,UAR,24,5,23,0.5208333333333331,2.458901309970352,0.5019211281073748,-0.5174696281561019,1.559136294822768
ravdess,wavlm_base_plus,23,CE,24,5,23,0.8246527777777777,2.830960727793798,0.5778674387460757,-0.37075709719765526,2.020062652753211
ravdess,wavlm_base_plus,23,UAR,24,5,23,0.034722222222222,2.6054646523701686,0.5318382450970722,-1.0654690110097476,1.1349134554541918
ravdess,wavlm_base_plus,24,CE,24,5,23,1.050347222222222,2.450813824174512,0.5002702769822236,0.015459306476499846,2.0852351379679446
ravdess,wavlm_base_plus,24,UAR,24,5,23,0.37326388888888873,2.707970409537214,0.5527621451601473,-0.7702117294482088,1.5167395072259864
ravdess,wavlm_base_plus,25,CE,24,5,23,0.9982638888888888,2.158061198174049,0.44051239743547577,0.08699456545005135,1.9095332123277262
ravdess,wavlm_base_plus,25,UAR,24,5,23,0.2777777777777777,2.44247422796379,0.49856796403413045,-0.7535886353325567,1.309144190888112
ravdess,wavlm_base_plus,26,CE,24,5,23,1.2847222222222223,2.211344906679258,0.4513888888888889,0.350953161963624,2.2184912824808207
ravdess,wavlm_base_plus,26,UAR,24,5,23,0.18229166666666652,2.520532006783929,0.5145014414144946,-0.8820356556869979,1.246618989020331
ravdess,wavlm_base_plus,27,CE,24,5,23,1.1024305555555556,2.4874983057390714,0.5077584654248658,0.05205214179970952,2.1528089693114016
ravdess,wavlm_base_plus,27,UAR,24,5,23,0.14756944444444436,1.9480333188610799,0.39764063609584066,-0.6750128836270879,0.9701517725159765
ravdess,wavlm_base_plus,28,CE,24,5,23,1.2239583333333335,2.0935550868248125,0.427345142594077,0.3399275518304825,2.1079891148361845
ravdess,wavlm_base_plus,28,UAR,24,5,23,0.3211805555555555,2.049525659695531,0.41835767341626084,-0.5442582294341993,1.1866193405453105
ravdess,wavlm_base_plus,29,CE,24,5,23,1.7361111111111112,2.0390832023137584,0.41622611572908563,0.8750817891529785,2.597140433069244
ravdess,wavlm_base_plus,29,UAR,24,5,23,0.1215277777777777,2.27050229160855,0.46346433952173705,-0.8372212553317016,1.080276810887257
ravdess,wavlm_base_plus,30,CE,24,5,23,1.8489583333333333,2.058101278505152,0.4201081642756096,0.9798983821054176,2.718018284561249
ravdess,wavlm_base_plus,30,UAR,24,5,23,0.23437499999999994,2.149591738144823,0.438783576146434,-0.6733179841222068,1.1420679841222068
ravdess,wavlm_base_plus,31,CE,24,5,23,1.909722222222222,2.3390737703329454,0.47746143400364377,0.9220179930889921,2.897426451355452
ravdess,wavlm_base_plus,31,UAR,24,5,23,0.173611111111111,2.3139289770407925,0.4723287745658495,-0.8034754030144367,1.1506976252366587
ravdess,wavlm_base_plus,32,CE,24,5,23,1.7013888888888888,2.483084885279604,0.506857579746028,0.6528740991486883,2.7499036786290896
ravdess,wavlm_base_plus,32,UAR,24,5,23,0.2777777777777776,2.1358124559569673,0.4359708919479284,-0.6240967257714851,1.1796522813270405
ravdess,wavlm_base_plus,33,CE,24,5,23,1.7274305555555556,2.428381748752265,0.49569134876087917,0.7020148745224801,2.7528462365886313
ravdess,wavlm_base_plus,33,UAR,24,5,23,0.3211805555555555,2.2412766741822603,0.4574986853457202,-0.6252275816415782,1.2675886927526894
ravdess,wavlm_base_plus,34,CE,24,5,23,2.005208333333333,2.119978882431738,0.432738877286124,1.110019761511198,2.900396905155468
ravdess,wavlm_base_plus,34,UAR,24,5,23,0.1475694444444445,2.1259048644171106,0.433948513293548,-0.7501214501102852,1.0452603389991741
ravdess,wavlm_base_plus,35,CE,24,5,23,2.092013888888889,2.002488607455013,0.4087562753334354,1.2464371091138338,2.937590668663944
ravdess,wavlm_base_plus,35,UAR,24,5,23,0.26909722222222227,2.0071949073106916,0.409716944768681,-0.5784668536911506,1.1166612981355952
ravdess,wavlm_base_plus,36,CE,24,5,23,2.0659722222222223,1.8663413870746934,0.38096534034759927,1.2778853716062781,2.8540590728381665
ravdess,wavlm_base_plus,36,UAR,24,5,23,0.15625000000000006,1.7871425016646092,0.36479893555994414,-0.5983940943188464,0.9108940943188466
ravdess,wavlm_base_plus,37,CE,24,5,23,2.013888888888889,1.846774944941175,0.37697135707186474,1.2340642221721791,2.7937135556055983
ravdess,wavlm_base_plus,37,UAR,24,5,23,0.26041666666666663,1.8636431420391524,0.38041456338609314,-0.5265308149962145,1.0473641483295477
ravdess,wavlm_base_plus,38,CE,24,5,23,2.1440972222222223,2.0846727276580426,0.4255320386215171,1.2638171320506886,3.024377312393756
ravdess,wavlm_base_plus,38,UAR,24,5,23,0.4253472222222222,2.1062858522969172,0.4299437992142186,-0.46405929007475044,1.3147537345191949
ravdess,wavlm_base_plus,39,CE,24,5,23,2.100694444444444,1.8723982217050203,0.3822016865393259,1.310050016869872,2.8913388720190163
ravdess,wavlm_base_plus,39,UAR,24,5,23,0.35590277777777773,2.255126311530716,0.46032573073124594,-0.596353548371124,1.3081591039266793
ravdess,wavlm_base_plus,40,CE,24,5,23,2.100694444444444,1.8723982217050203,0.3822016865393259,1.310050016869872,2.8913388720190163
ravdess,wavlm_base_plus,40,UAR,24,5,23,0.7465277777777777,2.1289540034846457,0.43457091619940186,-0.15245065528489354,1.6455062108404488
ravdess,wavlm_base_plus,41,CE,24,5,23,2.3871527777777777,2.026376461819497,0.4136323631870105,1.5314890417553526,3.2428165138002027
ravdess,wavlm_base_plus,41,UAR,24,5,23,0.9982638888888888,2.010482762173498,0.410388075332198,0.14931147362771158,1.847216304150066
ravdess,wavlm_base_plus,42,CE,24,5,23,2.473958333333333,2.025755528674801,0.4135056157396033,1.618556794382588,3.329359872284078
ravdess,wavlm_base_plus,42,UAR,24,5,23,1.09375,2.08808335307094,0.42622822961863116,0.21202972902398087,1.975470270976019
ravdess,wavlm_base_plus,43,CE,24,5,23,2.473958333333333,2.025755528674801,0.4135056157396033,1.618556794382588,3.329359872284078
ravdess,wavlm_base_plus,43,UAR,24,5,23,1.25,2.080614167501909,0.424703588498774,0.3714336894797313,2.128566310520269
ravdess,wavlm_base_plus,44,CE,24,5,23,2.473958333333333,2.025755528674801,0.4135056157396033,1.618556794382588,3.329359872284078
ravdess,wavlm_base_plus,44,UAR,24,5,23,1.2239583333333333,2.1644641989923987,0.44181940450444074,0.3099852597744098,2.137931406892257
ravdess,wavlm_base_plus,45,CE,24,5,23,2.473958333333333,1.9919377241116578,0.4066025852895312,1.632836800858084,3.315079865808582
ravdess,wavlm_base_plus,45,UAR,24,5,23,1.1111111111111112,2.233422108697764,0.4558953788800292,0.16801966603606322,2.054202556186159
